player_id,game_id,completions,attempts,passing_yards,passing_tds,interceptions,rush_attempts,rush_yards,rush_tds,receptions,targets,receiving_yards,receiving_tds,season,player_name,team,fantasy_points
4047646,2024_01_GB_PHI,0,0,0,0,0,0,0,0,5,10,119,1,2024,A.J. Brown,PHI,22.9
4047646,2024_06_CLE_PHI,0,0,0,0,0,0,0,0,6,9,116,1,2024,A.J. Brown,PHI,23.6
4047646,2024_07_PHI_NYG,0,0,0,0,0,0,0,0,5,5,89,1,2024,A.J. Brown,PHI,19.9
4047646,2024_08_PHI_CIN,0,0,0,0,0,0,0,0,5,6,84,0,2024,A.J. Brown,PHI,13.4
4047646,2024_09_JAX_PHI,0,0,0,0,0,0,0,0,2,4,36,0,2024,A.J. Brown,PHI,5.6
4047646,2024_10_PHI_DAL,0,0,0,0,0,0,0,0,5,7,109,0,2024,A.J. Brown,PHI,15.9
4047646,2024_11_WSH_PHI,0,0,0,0,0,0,0,0,5,8,65,0,2024,A.J. Brown,PHI,11.5
4047646,2024_12_PHI_LAR,0,0,0,0,0,0,0,0,6,7,109,1,2024,A.J. Brown,PHI,22.9
4047646,2024_13_PHI_BAL,0,0,0,0,0,0,0,0,5,6,66,0,2024,A.J. Brown,PHI,11.6
4047646,2024_14_CAR_PHI,0,0,0,0,0,0,0,0,4,4,43,0,2024,A.J. Brown,PHI,8.3
4047646,2024_15_PIT_PHI,0,0,0,0,0,0,0,0,8,11,110,1,2024,A.J. Brown,PHI,25.0
4047646,2024_16_PHI_WSH,0,0,0,0,0,0,0,0,8,15,97,1,2024,A.J. Brown,PHI,23.7
4047646,2024_17_DAL_PHI,0,0,0,0,0,0,0,0,3,5,36,1,2024,A.J. Brown,PHI,12.6
4047646,2025_01_DAL_PHI,0,0,0,0,0,0,0,0,1,1,8,0,2025,A.J. Brown,PHI,1.8
4047646,2025_02_PHI_KC,0,0,0,0,0,0,0,0,5,8,27,0,2025,A.J. Brown,PHI,7.7
4047646,2025_03_LAR_PHI,0,0,0,0,0,0,0,0,6,10,109,1,2025,A.J. Brown,PHI,22.9
4047646,2025_04_PHI_TB,0,0,0,0,0,0,0,0,2,9,7,0,2025,A.J. Brown,PHI,2.7
4047646,2025_05_DEN_PHI,0,0,0,0,0,0,0,0,5,8,43,0,2025,A.J. Brown,PHI,9.3
4047646,2025_06_PHI_NYG,0,0,0,0,0,0,0,0,6,9,80,0,2025,A.J. Brown,PHI,14.0
4047646,2025_07_PHI_MIN,0,0,0,0,0,0,0,0,4,6,121,2,2025,A.J. Brown,PHI,28.1
4047646,2025_10_PHI_GB,0,0,0,0,0,0,0,0,2,3,13,0,2025,A.J. Brown,PHI,3.3
4047646,2025_11_DET_PHI,0,0,0,0,0,0,0,0,7,11,49,0,2025,A.J. Brown,PHI,11.9
4047646,2025_12_PHI_DAL,0,0,0,0,0,0,0,0,8,10,110,1,2025,A.J. Brown,PHI,25.0
4047646,2025_13_CHI_PHI,0,0,0,0,0,0,0,0,10,12,132,2,2025,A.J. Brown,PHI,35.2
4047646,2025_14_PHI_LAC,0,0,0,0,0,0,0,0,6,13,100,0,2025,A.J. Brown,PHI,16.0
4047646,2025_15_LV_PHI,0,0,0,0,0,0,0,0,2,2,41,1,2025,A.J. Brown,PHI,12.1
4047646,2025_16_PHI_WSH,0,0,0,0,0,0,0,0,9,12,95,0,2025,A.J. Brown,PHI,18.5
4047646,2025_17_PHI_BUF,0,0,0,0,0,0,0,0,5,7,68,0,2025,A.J. Brown,PHI,11.8
4576297,2024_03_MIA_SEA,0,0,0,0,0,0,0,0,3,3,13,0,2024,AJ Barner,SEA,4.3
4576297,2024_04_SEA_DET,0,0,0,0,0,0,0,0,2,2,27,1,2024,AJ Barner,SEA,10.7
4576297,2024_05_NYG_SEA,0,0,0,0,0,0,0,0,1,1,13,0,2024,AJ Barner,SEA,2.3
4576297,2024_06_SF_SEA,0,0,0,0,0,0,0,0,1,1,13,0,2024,AJ Barner,SEA,2.3
4576297,2024_07_SEA_ATL,0,0,0,0,0,0,0,0,1,1,5,0,2024,AJ Barner,SEA,1.5
4576297,2024_08_BUF_SEA,0,0,0,0,0,0,0,0,2,2,34,0,2024,AJ Barner,SEA,5.4
4576297,2024_09_LAR_SEA,0,0,0,0,0,0,0,0,4,7,27,0,2024,AJ Barner,SEA,6.7
4576297,2024_11_SEA_SF,0,0,0,0,0,0,0,0,2,4,15,0,2024,AJ Barner,SEA,3.5
4576297,2024_12_ARI_SEA,0,0,0,0,0,0,0,0,3,4,19,0,2024,AJ Barner,SEA,4.9
4576297,2024_13_SEA_NYJ,0,0,0,0,0,0,0,0,2,2,14,1,2024,AJ Barner,SEA,9.4
4576297,2024_14_SEA_ARI,0,0,0,0,0,0,0,0,1,1,13,0,2024,AJ Barner,SEA,2.3
4576297,2024_15_GB_SEA,0,0,0,0,0,0,0,0,1,3,5,0,2024,AJ Barner,SEA,1.5
4576297,2024_16_MIN_SEA,0,0,0,0,0,0,0,0,2,2,13,1,2024,AJ Barner,SEA,9.3
4576297,2024_18_SEA_LAR,0,0,0,0,0,0,0,0,5,5,34,1,2024,AJ Barner,SEA,14.4
4576297,2025_01_SF_SEA,0,0,0,0,0,1,2,0,1,2,0,0,2025,AJ Barner,SEA,1.2
4576297,2025_02_SEA_PIT,0,0,0,0,0,1,2,0,2,3,26,1,2025,AJ Barner,SEA,10.8
4576297,2025_03_NO_SEA,0,0,0,0,0,0,0,0,1,1,23,0,2025,AJ Barner,SEA,3.3
4576297,2025_04_SEA_ARI,0,0,0,0,0,0,0,0,3,3,32,1,2025,AJ Barner,SEA,12.2
4576297,2025_05_TB_SEA,0,0,0,0,0,0,0,0,7,7,53,2,2025,AJ Barner,SEA,24.3
4576297,2025_06_SEA_JAX,0,0,0,0,0,0,0,0,3,3,71,0,2025,AJ Barner,SEA,10.1
4576297,2025_07_HOU_SEA,0,0,0,0,0,1,2,0,1,3,7,0,2025,AJ Barner,SEA,1.9
4576297,2025_09_SEA_WSH,0,0,0,0,0,1,1,1,3,4,24,0,2025,AJ Barner,SEA,11.5
4576297,2025_11_SEA_LAR,0,0,0,0,0,2,1,0,10,11,70,0,2025,AJ Barner,SEA,17.1
4576297,2025_12_SEA_TEN,0,0,0,0,0,0,0,0,2,4,18,0,2025,AJ Barner,SEA,3.8
4576297,2025_13_MIN_SEA,0,0,0,0,0,1,2,0,4,5,35,0,2025,AJ Barner,SEA,7.7
4576297,2025_14_SEA_ATL,0,0,0,0,0,0,0,0,3,4,27,0,2025,AJ Barner,SEA,5.7
4576297,2025_15_IND_SEA,0,0,0,0,0,0,0,0,3,6,27,0,2025,AJ Barner,SEA,5.7
4576297,2025_16_LAR_SEA,0,0,0,0,0,1,1,0,4,6,49,1,2025,AJ Barner,SEA,15.0
4576297,2025_17_SEA_CAR,0,0,0,0,0,0,0,0,3,3,43,1,2025,AJ Barner,SEA,13.3
4576297,2025_18_SEA_SF,0,0,0,0,0,0,0,0,2,3,14,0,2025,AJ Barner,SEA,3.4
4239934,2025_01_DAL_PHI,0,0,0,0,0,3,10,0,0,0,0,0,2025,AJ Dillon,PHI,1.0
4239934,2025_02_PHI_KC,0,0,0,0,0,3,19,0,0,0,0,0,2025,AJ Dillon,PHI,1.9
4239934,2025_04_PHI_TB,0,0,0,0,0,3,17,0,0,0,0,0,2025,AJ Dillon,PHI,1.7
4239934,2025_06_PHI_NYG,0,0,0,0,0,1,2,0,2,2,18,0,2025,AJ Dillon,PHI,4.0
4239934,2025_18_WSH_PHI,0,0,0,0,0,0,0,0,1,1,3,0,2025,AJ Dillon,PHI,1.3
3042519,2024_01_MIN_NYG,0,0,0,0,0,14,94,1,2,2,15,0,2024,Aaron Jones Sr.,MIN,18.9
3042519,2024_02_SF_MIN,0,0,0,0,0,9,32,0,5,6,36,0,2024,Aaron Jones Sr.,MIN,11.8
3042519,2024_03_HOU_MIN,0,0,0,0,0,19,102,0,5,6,46,1,2024,Aaron Jones Sr.,MIN,25.8
3042519,2024_04_MIN_GB,0,0,0,0,0,22,93,0,4,5,46,0,2024,Aaron Jones Sr.,MIN,17.9
3042519,2024_05_NYJ_MIN,0,0,0,0,0,7,29,0,1,1,24,0,2024,Aaron Jones Sr.,MIN,6.3
3042519,2024_07_DET_MIN,0,0,0,0,0,14,93,1,3,3,23,0,2024,Aaron Jones Sr.,MIN,20.6
3042519,2024_08_MIN_LAR,0,0,0,0,0,19,58,0,2,2,37,0,2024,Aaron Jones Sr.,MIN,11.5
3042519,2024_09_IND_MIN,0,0,0,0,0,21,64,0,4,4,18,0,2024,Aaron Jones Sr.,MIN,12.2
3042519,2024_10_MIN_JAX,0,0,0,0,0,17,88,0,2,3,13,0,2024,Aaron Jones Sr.,MIN,12.1
3042519,2024_11_MIN_TEN,0,0,0,0,0,15,39,0,1,1,4,0,2024,Aaron Jones Sr.,MIN,5.3
3042519,2024_12_MIN_CHI,0,0,0,0,0,22,106,1,3,4,23,0,2024,Aaron Jones Sr.,MIN,21.9
3042519,2024_13_ARI_MIN,0,0,0,0,0,5,22,0,3,4,6,1,2024,Aaron Jones Sr.,MIN,11.8
3042519,2024_14_ATL_MIN,0,0,0,0,0,13,73,1,2,2,11,0,2024,Aaron Jones Sr.,MIN,16.4
3042519,2024_15_CHI_MIN,0,0,0,0,0,18,86,1,2,3,20,0,2024,Aaron Jones Sr.,MIN,18.6
3042519,2024_16_MIN_SEA,0,0,0,0,0,18,67,0,3,5,26,0,2024,Aaron Jones Sr.,MIN,12.3
3042519,2024_17_GB_MIN,0,0,0,0,0,12,47,0,4,5,30,0,2024,Aaron Jones Sr.,MIN,11.7
3042519,2024_18_MIN_DET,0,0,0,0,0,10,45,0,5,6,30,0,2024,Aaron Jones Sr.,MIN,12.5
3042519,2025_01_MIN_CHI,0,0,0,0,0,8,23,0,3,3,44,1,2025,Aaron Jones Sr.,MIN,15.7
3042519,2025_02_ATL_MIN,0,0,0,0,0,5,23,0,0,1,0,0,2025,Aaron Jones Sr.,MIN,2.3
3042519,2025_08_MIN_LAC,0,0,0,0,0,5,15,0,2,4,15,0,2025,Aaron Jones Sr.,MIN,5.0
3042519,2025_09_MIN_DET,0,0,0,0,0,9,78,0,2,2,20,0,2025,Aaron Jones Sr.,MIN,11.8
3042519,2025_10_BAL_MIN,0,0,0,0,0,9,47,1,3,6,22,0,2025,Aaron Jones Sr.,MIN,15.9
3042519,2025_11_CHI_MIN,0,0,0,0,0,16,70,0,3,6,11,0,2025,Aaron Jones Sr.,MIN,11.1
3042519,2025_12_MIN_GB,0,0,0,0,0,9,41,0,3,4,16,0,2025,Aaron Jones Sr.,MIN,8.7
3042519,2025_13_MIN_SEA,0,0,0,0,0,6,3,0,4,4,22,0,2025,Aaron Jones Sr.,MIN,6.5
3042519,2025_14_WSH_MIN,0,0,0,0,0,14,76,0,0,1,0,0,2025,Aaron Jones Sr.,MIN,7.6
3042519,2025_15_MIN_DAL,0,0,0,0,0,12,34,0,3,3,31,0,2025,Aaron Jones Sr.,MIN,9.5
3042519,2025_16_MIN_NYG,0,0,0,0,0,21,85,0,2,3,8,0,2025,Aaron Jones Sr.,MIN,11.3
3042519,2025_17_DET_MIN,0,0,0,0,0,18,53,1,3,4,10,0,2025,Aaron Jones Sr.,MIN,15.3
8439,2024_01_NYJ_SF,13,21,167,1,1,1,-1,0,0,0,0,0,2024,Aaron Rodgers,NYJ,9.58
8439,2024_02_NYJ_TEN,18,30,176,2,0,2,1,0,0,0,0,0,2024,Aaron Rodgers,NYJ,15.14
8439,2024_03_NE_NYJ,27,35,281,2,0,3,18,0,0,0,0,0,2024,Aaron Rodgers,NYJ,21.04
8439,2024_04_DEN_NYJ,24,42,225,0,0,5,26,0,0,0,0,0,2024,Aaron Rodgers,NYJ,11.6
8439,2024_05_NYJ_MIN,29,54,244,2,3,0,0,0,0,0,0,0,2024,Aaron Rodgers,NYJ,14.76
8439,2024_06_BUF_NYJ,23,35,294,2,1,0,0,0,0,0,0,0,2024,Aaron Rodgers,NYJ,18.76
8439,2024_07_NYJ_PIT,24,39,276,1,2,0,0,0,0,0,0,0,2024,Aaron Rodgers,NYJ,13.04
8439,2024_08_NYJ_NE,17,28,233,2,0,0,0,0,0,0,0,0,2024,Aaron Rodgers,NYJ,17.32
8439,2024_09_HOU_NYJ,22,32,211,3,0,1,-1,0,0,0,0,0,2024,Aaron Rodgers,NYJ,20.34
8439,2024_10_NYJ_ARI,22,35,151,0,0,0,0,0,0,0,0,0,2024,Aaron Rodgers,NYJ,6.04
8439,2024_11_IND_NYJ,22,29,184,2,0,1,7,0,0,0,0,0,2024,Aaron Rodgers,NYJ,16.06
8439,2024_13_SEA_NYJ,21,39,185,2,1,2,6,0,0,0,0,0,2024,Aaron Rodgers,NYJ,15.0
8439,2024_14_NYJ_MIA,27,39,339,1,0,0,0,0,0,0,0,0,2024,Aaron Rodgers,NYJ,17.56
8439,2024_15_NYJ_JAX,16,30,289,3,0,6,45,0,0,0,0,0,2024,Aaron Rodgers,NYJ,28.06
8439,2024_16_LAR_NYJ,28,42,256,1,0,1,6,0,0,0,0,0,2024,Aaron Rodgers,NYJ,14.84
8439,2024_17_NYJ_BUF,12,18,112,0,2,0,0,0,0,0,0,0,2024,Aaron Rodgers,NYJ,2.48
8439,2024_18_MIA_NYJ,23,36,274,4,1,0,0,0,0,0,0,0,2024,Aaron Rodgers,NYJ,25.96
8439,2025_01_PIT_NYJ,22,30,244,4,0,1,-1,0,0,0,0,0,2025,Aaron Rodgers,PIT,25.66
8439,2025_02_SEA_PIT,18,33,203,1,2,1,3,0,0,0,0,0,2025,Aaron Rodgers,PIT,10.42
8439,2025_03_PIT_NE,16,23,139,2,1,4,1,0,0,0,0,0,2025,Aaron Rodgers,PIT,12.66
8439,2025_04_MIN_PIT,18,22,200,1,0,3,8,0,0,0,0,0,2025,Aaron Rodgers,PIT,12.8
8439,2025_06_CLE_PIT,21,30,235,2,0,1,1,0,0,0,0,0,2025,Aaron Rodgers,PIT,17.5
8439,2025_07_PIT_CIN,23,34,249,4,2,1,6,0,0,0,0,0,2025,Aaron Rodgers,PIT,24.56
8439,2025_08_GB_PIT,24,36,219,2,0,0,0,0,0,0,0,0,2025,Aaron Rodgers,PIT,16.76
8439,2025_09_IND_PIT,25,35,203,1,0,2,0,0,0,0,0,0,2025,Aaron Rodgers,PIT,12.12
8439,2025_10_PIT_LAC,16,31,161,1,2,0,0,0,0,0,0,0,2025,Aaron Rodgers,PIT,8.44
8439,2025_11_CIN_PIT,9,15,116,1,0,1,8,0,0,0,0,0,2025,Aaron Rodgers,PIT,9.44
8439,2025_13_BUF_PIT,10,21,117,0,0,1,0,0,0,0,0,0,2025,Aaron Rodgers,PIT,4.68
8439,2025_14_PIT_BAL,23,34,284,1,0,2,0,1,1,1,-9,0,2025,Aaron Rodgers,PIT,21.46
8439,2025_15_MIA_PIT,23,27,224,2,0,0,0,0,0,0,0,0,2025,Aaron Rodgers,PIT,16.96
8439,2025_16_PIT_DET,27,41,266,1,0,2,9,0,0,0,0,0,2025,Aaron Rodgers,PIT,15.54
8439,2025_17_PIT_CLE,21,39,168,0,0,1,6,0,0,0,0,0,2025,Aaron Rodgers,PIT,7.32
8439,2025_18_BAL_PIT,31,47,294,1,0,1,20,0,0,0,0,0,2025,Aaron Rodgers,PIT,17.76
4248068,2024_05_DAL_PIT,0,0,0,0,0,4,14,0,0,0,0,0,2024,Aaron Shampklin,PIT,1.4
3929914,2024_02_NO_DAL,0,0,0,0,0,0,0,0,0,1,0,0,2024,Adam Prentice,NO,0.0
3929914,2024_08_NO_LAC,0,0,0,0,0,0,0,0,0,1,0,0,2024,Adam Prentice,NO,0.0
3929914,2024_09_NO_CAR,0,0,0,0,0,0,0,0,0,1,0,0,2024,Adam Prentice,NO,0.0
3929914,2024_17_LV_NO,0,0,0,0,0,0,0,0,0,1,0,0,2024,Adam Prentice,NO,0.0
3929914,2025_01_TEN_DEN,0,0,0,0,0,0,0,0,1,1,4,0,2025,Adam Prentice,DEN,1.4
3929914,2025_07_NYG_DEN,0,0,0,0,0,0,0,0,0,1,0,0,2025,Adam Prentice,DEN,0.0
3929914,2025_10_LV_DEN,0,0,0,0,0,0,0,0,1,1,13,0,2025,Adam Prentice,DEN,2.3
3929914,2025_11_KC_DEN,0,0,0,0,0,0,0,0,1,2,14,0,2025,Adam Prentice,DEN,2.4
3929914,2025_13_DEN_WSH,0,0,0,0,0,1,3,0,1,1,11,0,2025,Adam Prentice,DEN,2.4
3929914,2025_14_DEN_LV,0,0,0,0,0,2,22,0,2,2,11,0,2025,Adam Prentice,DEN,5.3
16460,2024_01_CAR_NO,0,0,0,0,0,0,0,0,3,4,49,0,2024,Adam Thielen,CAR,7.9
16460,2024_02_LAC_CAR,0,0,0,0,0,0,0,0,2,3,20,0,2024,Adam Thielen,CAR,4.0
16460,2024_03_CAR_LV,0,0,0,0,0,0,0,0,3,5,40,1,2024,Adam Thielen,CAR,13.0
16460,2024_12_KC_CAR,0,0,0,0,0,0,0,0,3,4,57,0,2024,Adam Thielen,CAR,8.7
16460,2024_13_TB_CAR,0,0,0,0,0,0,0,0,8,10,99,1,2024,Adam Thielen,CAR,23.9
16460,2024_14_CAR_PHI,0,0,0,0,0,0,0,0,9,11,102,0,2024,Adam Thielen,CAR,19.2
16460,2024_15_DAL_CAR,0,0,0,0,0,0,0,0,5,7,51,0,2024,Adam Thielen,CAR,10.1
16460,2024_16_ARI_CAR,0,0,0,0,0,0,0,0,5,6,43,1,2024,Adam Thielen,CAR,15.3
16460,2024_17_CAR_TB,0,0,0,0,0,0,0,0,5,6,110,2,2024,Adam Thielen,CAR,28.0
16460,2024_18_CAR_ATL,0,0,0,0,0,0,0,0,5,6,44,0,2024,Adam Thielen,CAR,9.4
16460,2025_01_MIN_CHI,0,0,0,0,0,0,0,0,0,1,0,0,2025,Adam Thielen,MIN,0.0
16460,2025_02_ATL_MIN,0,0,0,0,0,0,0,0,2,3,26,0,2025,Adam Thielen,MIN,4.6
16460,2025_03_CIN_MIN,0,0,0,0,0,0,0,0,0,2,0,0,2025,Adam Thielen,MIN,0.0
16460,2025_04_MIN_PIT,0,0,0,0,0,0,0,0,2,2,11,0,2025,Adam Thielen,MIN,3.1
16460,2025_07_PHI_MIN,0,0,0,0,0,0,0,0,1,2,10,0,2025,Adam Thielen,MIN,2.0
16460,2025_08_MIN_LAC,0,0,0,0,0,0,0,0,0,2,0,0,2025,Adam Thielen,MIN,0.0
16460,2025_10_BAL_MIN,0,0,0,0,0,0,0,0,2,3,16,0,2025,Adam Thielen,MIN,3.6
16460,2025_11_CHI_MIN,0,0,0,0,0,0,0,0,1,2,6,0,2025,Adam Thielen,MIN,1.6
16460,2025_12_MIN_GB,0,0,0,0,0,0,0,0,0,1,0,0,2025,Adam Thielen,MIN,0.0
16460,2025_14_PIT_BAL,0,0,0,0,0,0,0,0,1,1,4,0,2025,Adam Thielen,PIT,1.4
16460,2025_15_MIA_PIT,0,0,0,0,0,0,0,0,1,1,7,0,2025,Adam Thielen,PIT,1.7
16460,2025_16_PIT_DET,0,0,0,0,0,0,0,0,4,4,49,0,2025,Adam Thielen,PIT,8.9
16460,2025_17_PIT_CLE,0,0,0,0,0,0,0,0,2,5,14,0,2025,Adam Thielen,PIT,3.4
16460,2025_18_BAL_PIT,0,0,0,0,0,0,0,0,3,6,43,0,2025,Adam Thielen,PIT,7.3
3911853,2024_01_DEN_SEA,0,0,0,0,0,0,0,0,0,1,0,0,2024,Adam Trautman,DEN,0.0
3911853,2024_03_DEN_TB,0,0,0,0,0,0,0,0,1,1,13,0,2024,Adam Trautman,DEN,2.3
3911853,2024_05_LV_DEN,0,0,0,0,0,0,0,0,1,1,19,0,2024,Adam Trautman,DEN,2.9
3911853,2024_07_DEN_NO,0,0,0,0,0,0,0,0,0,3,0,0,2024,Adam Trautman,DEN,0.0
3911853,2024_08_CAR_DEN,0,0,0,0,0,0,0,0,4,4,85,1,2024,Adam Trautman,DEN,18.5
3911853,2024_09_DEN_BAL,0,0,0,0,0,0,0,0,1,1,4,0,2024,Adam Trautman,DEN,1.4
3911853,2024_10_DEN_KC,0,0,0,0,0,0,0,0,1,1,34,0,2024,Adam Trautman,DEN,4.4
3911853,2024_11_ATL_DEN,0,0,0,0,0,0,0,0,0,1,0,0,2024,Adam Trautman,DEN,0.0
3911853,2024_12_DEN_LV,0,0,0,0,0,0,0,0,1,2,3,0,2024,Adam Trautman,DEN,1.3
3911853,2024_13_CLE_DEN,0,0,0,0,0,0,0,0,0,1,0,0,2024,Adam Trautman,DEN,0.0
3911853,2024_15_IND_DEN,0,0,0,0,0,0,0,0,2,2,20,1,2024,Adam Trautman,DEN,10.0
3911853,2024_16_DEN_LAC,0,0,0,0,0,0,0,0,1,1,5,0,2024,Adam Trautman,DEN,1.5
3911853,2024_17_DEN_CIN,0,0,0,0,0,0,0,0,1,3,5,0,2024,Adam Trautman,DEN,1.5
3911853,2025_01_TEN_DEN,0,0,0,0,0,0,0,0,1,1,5,0,2025,Adam Trautman,DEN,1.5
3911853,2025_02_DEN_IND,0,0,0,0,0,0,0,0,3,3,10,1,2025,Adam Trautman,DEN,10.0
3911853,2025_04_CIN_DEN,0,0,0,0,0,0,0,0,2,3,32,0,2025,Adam Trautman,DEN,5.2
3911853,2025_05_DEN_PHI,0,0,0,0,0,0,0,0,1,1,11,0,2025,Adam Trautman,DEN,2.1
3911853,2025_09_DEN_HOU,0,0,0,0,0,0,0,0,2,2,25,0,2025,Adam Trautman,DEN,4.5
3911853,2025_10_LV_DEN,0,0,0,0,0,0,0,0,1,1,2,0,2025,Adam Trautman,DEN,1.2
3911853,2025_11_KC_DEN,0,0,0,0,0,0,0,0,1,1,8,0,2025,Adam Trautman,DEN,1.8
3911853,2025_13_DEN_WSH,0,0,0,0,0,0,0,0,3,4,47,0,2025,Adam Trautman,DEN,7.7
3911853,2025_14_DEN_LV,0,0,0,0,0,0,0,0,2,2,17,0,2025,Adam Trautman,DEN,3.7
3911853,2025_16_JAX_DEN,0,0,0,0,0,0,0,0,2,3,14,0,2025,Adam Trautman,DEN,3.4
3911853,2025_17_DEN_KC,0,0,0,0,0,0,0,0,2,2,24,0,2025,Adam Trautman,DEN,4.4
4597500,2024_01_HOU_IND,0,0,0,0,0,0,0,0,1,5,2,0,2024,Adonai Mitchell,IND,1.2
4597500,2024_02_IND_GB,0,0,0,0,0,0,0,0,1,4,30,0,2024,Adonai Mitchell,IND,4.0
4597500,2024_03_CHI_IND,0,0,0,0,0,0,0,0,0,1,0,0,2024,Adonai Mitchell,IND,0.0
4597500,2024_04_PIT_IND,0,0,0,0,0,1,10,0,0,3,0,0,2024,Adonai Mitchell,IND,1.0
4597500,2024_05_IND_JAX,1,1,24,0,0,1,4,0,4,7,38,0,2024,Adonai Mitchell,IND,9.16
4597500,2024_06_IND_TEN,0,0,0,0,0,0,0,0,2,4,9,0,2024,Adonai Mitchell,IND,2.9
4597500,2024_07_MIA_IND,0,0,0,0,0,0,0,0,2,3,30,0,2024,Adonai Mitchell,IND,5.0
4597500,2024_08_IND_HOU,0,0,0,0,0,0,0,0,1,4,9,0,2024,Adonai Mitchell,IND,1.9
4597500,2024_09_IND_MIN,0,0,0,0,0,0,0,0,1,1,22,0,2024,Adonai Mitchell,IND,3.2
4597500,2024_10_BUF_IND,0,0,0,0,0,0,0,0,6,6,71,0,2024,Adonai Mitchell,IND,13.1
4597500,2024_11_IND_NYJ,0,0,0,0,0,1,2,0,1,2,33,0,2024,Adonai Mitchell,IND,4.5
4597500,2024_12_DET_IND,0,0,0,0,0,0,0,0,1,3,10,0,2024,Adonai Mitchell,IND,2.0
4597500,2024_13_IND_NE,0,0,0,0,0,0,0,0,0,2,0,0,2024,Adonai Mitchell,IND,0.0
4597500,2024_15_IND_DEN,0,0,0,0,0,1,-10,0,0,4,0,0,2024,Adonai Mitchell,IND,-1.0
4597500,2024_16_TEN_IND,0,0,0,0,0,0,0,0,1,1,36,0,2024,Adonai Mitchell,IND,4.6
4597500,2024_17_IND_NYG,0,0,0,0,0,0,0,0,2,4,22,0,2024,Adonai Mitchell,IND,4.2
4597500,2024_18_JAX_IND,0,0,0,0,0,0,0,0,0,1,0,0,2024,Adonai Mitchell,IND,0.0
4597500,2025_01_MIA_IND,0,0,0,0,0,0,0,0,2,2,21,0,2025,Adonai Mitchell,IND,4.1
4597500,2025_02_DEN_IND,0,0,0,0,0,0,0,0,2,4,20,0,2025,Adonai Mitchell,IND,4.0
4597500,2025_03_IND_TEN,0,0,0,0,0,0,0,0,0,2,0,0,2025,Adonai Mitchell,IND,0.0
4597500,2025_04_IND_LAR,0,0,0,0,0,0,0,0,3,4,96,0,2025,Adonai Mitchell,IND,12.6
4597500,2025_05_LV_IND,0,0,0,0,0,0,0,0,0,1,0,0,2025,Adonai Mitchell,IND,0.0
4597500,2025_07_IND_LAC,0,0,0,0,0,0,0,0,1,1,8,0,2025,Adonai Mitchell,IND,1.8
4597500,2025_08_TEN_IND,0,0,0,0,0,0,0,0,0,1,0,0,2025,Adonai Mitchell,IND,0.0
4597500,2025_09_IND_PIT,0,0,0,0,0,0,0,0,1,1,7,0,2025,Adonai Mitchell,IND,1.7
4597500,2025_11_NYJ_NE,0,0,0,0,0,0,0,0,1,6,10,0,2025,Adonai Mitchell,NYJ,2.0
4597500,2025_12_NYJ_BAL,0,0,0,0,0,0,0,0,2,7,42,0,2025,Adonai Mitchell,NYJ,6.2
4597500,2025_13_ATL_NYJ,0,0,0,0,0,0,0,0,8,12,102,1,2025,Adonai Mitchell,NYJ,24.2
4597500,2025_14_MIA_NYJ,0,0,0,0,0,0,0,0,1,6,24,0,2025,Adonai Mitchell,NYJ,3.4
4597500,2025_15_NYJ_JAX,0,0,0,0,0,1,-4,0,6,9,58,1,2025,Adonai Mitchell,NYJ,17.4
4597500,2025_16_NYJ_NO,0,0,0,0,0,0,0,0,3,6,43,0,2025,Adonai Mitchell,NYJ,7.3
4597500,2025_17_NE_NYJ,0,0,0,0,0,0,0,0,3,9,22,0,2025,Adonai Mitchell,NYJ,5.2
4597500,2025_18_NYJ_BUF,0,0,0,0,0,0,0,0,0,3,0,0,2025,Adonai Mitchell,NYJ,0.0
4260394,2024_03_CAR_LV,9,12,82,1,0,0,0,0,0,0,0,0,2024,Aidan O'Connell,LV,7.28
4260394,2024_05_LV_DEN,10,20,94,0,1,0,0,0,0,0,0,0,2024,Aidan O'Connell,LV,2.76
4260394,2024_06_PIT_LV,27,40,227,1,1,0,0,0,0,0,0,0,2024,Aidan O'Connell,LV,12.08
4260394,2024_07_LV_LAR,6,10,52,0,0,0,0,0,0,0,0,0,2024,Aidan O'Connell,LV,2.08
4260394,2024_13_LV_KC,23,35,340,2,0,1,0,0,0,0,0,0,2024,Aidan O'Connell,LV,21.6
4260394,2024_14_LV_TB,11,19,104,0,1,6,6,1,0,0,0,0,2024,Aidan O'Connell,LV,9.76
4260394,2024_16_JAX_LV,24,38,257,0,0,7,12,0,0,0,0,0,2024,Aidan O'Connell,LV,11.48
4260394,2024_17_LV_NO,20,35,242,2,0,3,-1,0,0,0,0,0,2024,Aidan O'Connell,LV,17.58
4260394,2024_18_LAC_LV,24,34,214,2,1,4,13,0,0,0,0,0,2024,Aidan O'Connell,LV,16.86
4260394,2025_18_KC_LV,10,22,102,0,0,1,7,0,0,0,0,0,2025,Aidan O'Connell,LV,4.78
4428532,2024_09_JAX_PHI,0,0,0,0,0,1,2,0,1,1,0,0,2024,Ainias Smith,PHI,1.2
4428532,2024_10_PHI_DAL,0,0,0,0,0,0,0,0,2,2,6,0,2024,Ainias Smith,PHI,2.6
4428532,2024_18_NYG_PHI,0,0,0,0,0,1,4,0,4,6,35,1,2024,Ainias Smith,PHI,13.9
4035115,2025_05_LV_IND,0,0,0,0,0,0,0,0,5,6,36,0,2025,Albert Okwuegbunam Jr.,LV,8.6
3917668,2024_01_JAX_MIA,0,0,0,0,0,2,8,0,0,1,0,0,2024,Alec Ingold,MIA,0.8
3917668,2024_03_MIA_SEA,0,0,0,0,0,1,-2,0,3,3,16,0,2024,Alec Ingold,MIA,4.4
3917668,2024_07_MIA_IND,0,0,0,0,0,2,-1,0,1,1,25,0,2024,Alec Ingold,MIA,3.4
3917668,2024_08_ARI_MIA,0,0,0,0,0,1,3,0,3,3,19,0,2024,Alec Ingold,MIA,5.2
3917668,2024_13_MIA_GB,0,0,0,0,0,0,0,0,2,2,15,0,2024,Alec Ingold,MIA,3.5
3917668,2024_18_MIA_NYJ,0,0,0,0,0,0,0,0,2,2,21,0,2024,Alec Ingold,MIA,4.1
3917668,2025_01_MIA_IND,0,0,0,0,0,0,0,0,1,2,1,0,2025,Alec Ingold,MIA,1.1
3917668,2025_02_NE_MIA,0,0,0,0,0,0,0,0,2,2,13,0,2025,Alec Ingold,MIA,3.3
3917668,2025_05_MIA_CAR,0,0,0,0,0,0,0,0,0,1,0,0,2025,Alec Ingold,MIA,0.0
3917668,2025_06_LAC_MIA,0,0,0,0,0,1,3,0,1,1,22,0,2025,Alec Ingold,MIA,3.5
3917668,2025_08_MIA_ATL,0,0,0,0,0,0,0,0,1,1,0,0,2025,Alec Ingold,MIA,1.0
3917668,2025_15_MIA_PIT,0,0,0,0,0,0,0,0,1,1,4,0,2025,Alec Ingold,MIA,1.4
3917668,2025_16_CIN_MIA,0,0,0,0,0,0,0,0,1,1,9,0,2025,Alec Ingold,MIA,1.9
3917668,2025_18_MIA_NE,0,0,0,0,0,0,0,0,1,2,3,0,2025,Alec Ingold,MIA,1.3
4360078,2024_01_HOU_IND,0,0,0,0,0,0,0,0,3,3,125,1,2024,Alec Pierce,IND,21.5
4360078,2024_02_IND_GB,0,0,0,0,0,0,0,0,5,7,56,1,2024,Alec Pierce,IND,16.6
4360078,2024_03_CHI_IND,0,0,0,0,0,0,0,0,1,2,44,0,2024,Alec Pierce,IND,5.4
4360078,2024_04_PIT_IND,0,0,0,0,0,0,0,0,1,2,9,0,2024,Alec Pierce,IND,1.9
4360078,2024_05_IND_JAX,0,0,0,0,0,0,0,0,3,3,134,1,2024,Alec Pierce,IND,22.4
4360078,2024_06_IND_TEN,0,0,0,0,0,0,0,0,0,4,0,0,2024,Alec Pierce,IND,0.0
4360078,2024_07_MIA_IND,0,0,0,0,0,0,0,0,2,5,15,0,2024,Alec Pierce,IND,3.5
4360078,2024_08_IND_HOU,0,0,0,0,0,0,0,0,1,4,11,0,2024,Alec Pierce,IND,2.1
4360078,2024_09_IND_MIN,0,0,0,0,0,0,0,0,3,3,41,0,2024,Alec Pierce,IND,7.1
4360078,2024_10_BUF_IND,0,0,0,0,0,0,0,0,4,7,81,1,2024,Alec Pierce,IND,18.1
4360078,2024_11_IND_NYJ,0,0,0,0,0,0,0,0,3,4,74,0,2024,Alec Pierce,IND,10.4
4360078,2024_12_DET_IND,0,0,0,0,0,0,0,0,1,4,39,0,2024,Alec Pierce,IND,4.9
4360078,2024_13_IND_NE,0,0,0,0,0,0,0,0,2,6,16,1,2024,Alec Pierce,IND,9.6
4360078,2024_15_IND_DEN,0,0,0,0,0,0,0,0,0,4,0,0,2024,Alec Pierce,IND,0.0
4360078,2024_17_IND_NYG,0,0,0,0,0,0,0,0,6,9,122,1,2024,Alec Pierce,IND,24.2
4360078,2024_18_JAX_IND,0,0,0,0,0,0,0,0,2,2,57,1,2024,Alec Pierce,IND,13.7
4360078,2025_01_MIA_IND,0,0,0,0,0,0,0,0,1,3,36,0,2025,Alec Pierce,IND,4.6
4360078,2025_02_DEN_IND,0,0,0,0,0,0,0,0,4,5,68,0,2025,Alec Pierce,IND,10.8
4360078,2025_03_IND_TEN,0,0,0,0,0,0,0,0,4,5,67,0,2025,Alec Pierce,IND,10.7
4360078,2025_06_ARI_IND,0,0,0,0,0,0,0,0,2,4,48,0,2025,Alec Pierce,IND,6.8
4360078,2025_07_IND_LAC,0,0,0,0,0,0,0,0,5,10,98,0,2025,Alec Pierce,IND,14.8
4360078,2025_08_TEN_IND,0,0,0,0,0,0,0,0,2,5,69,0,2025,Alec Pierce,IND,8.9
4360078,2025_09_IND_PIT,0,0,0,0,0,0,0,0,6,13,115,0,2025,Alec Pierce,IND,17.5
4360078,2025_10_ATL_IND,0,0,0,0,0,0,0,0,4,7,84,1,2025,Alec Pierce,IND,18.4
4360078,2025_12_IND_KC,0,0,0,0,0,0,0,0,1,2,26,0,2025,Alec Pierce,IND,3.6
4360078,2025_13_HOU_IND,0,0,0,0,0,0,0,0,4,5,78,1,2025,Alec Pierce,IND,17.8
4360078,2025_14_IND_JAX,0,0,0,0,0,0,0,0,5,8,80,0,2025,Alec Pierce,IND,13.0
4360078,2025_15_IND_SEA,0,0,0,0,0,0,0,0,1,1,16,0,2025,Alec Pierce,IND,2.6
4360078,2025_16_SF_IND,0,0,0,0,0,0,0,0,4,4,86,2,2025,Alec Pierce,IND,24.6
4360078,2025_17_JAX_IND,0,0,0,0,0,0,0,0,0,5,0,0,2025,Alec Pierce,IND,0.0
4360078,2025_18_IND_HOU,0,0,0,0,0,0,0,0,4,7,132,2,2025,Alec Pierce,IND,29.2
3919510,2024_06_PIT_LV,0,0,0,0,0,0,0,0,3,3,31,0,2024,Alex Bachman,LV,6.1
3919510,2025_01_LV_NE,0,0,0,0,0,0,0,0,0,1,0,0,2025,Alex Bachman,LV,0.0
3919510,2025_05_LV_IND,0,0,0,0,0,0,0,0,1,1,9,0,2025,Alex Bachman,LV,1.9
3919510,2025_16_LV_HOU,0,0,0,0,0,0,0,0,1,1,3,0,2025,Alex Bachman,LV,1.3
3059021,2025_06_TEN_LV,0,0,0,0,0,0,0,0,0,1,0,0,2025,Alex Cappa,LV,0.0
4048244,2024_01_LV_LAC,0,0,0,0,0,5,19,0,4,6,43,1,2024,Alexander Mattison,LV,16.2
4048244,2024_02_LV_BAL,0,0,0,0,0,4,1,1,0,0,0,0,2024,Alexander Mattison,LV,6.1
4048244,2024_03_CAR_LV,0,0,0,0,0,3,7,1,3,3,37,0,2024,Alexander Mattison,LV,13.4
4048244,2024_04_CLE_LV,0,0,0,0,0,5,60,0,0,1,0,0,2024,Alexander Mattison,LV,6.0
4048244,2024_05_LV_DEN,0,0,0,0,0,15,38,0,2,3,23,0,2024,Alexander Mattison,LV,8.1
4048244,2024_06_PIT_LV,0,0,0,0,0,14,33,1,5,5,32,0,2024,Alexander Mattison,LV,17.5
4048244,2024_07_LV_LAR,0,0,0,0,0,23,92,0,3,3,31,0,2024,Alexander Mattison,LV,15.3
4048244,2024_08_KC_LV,0,0,0,0,0,14,15,0,5,5,29,0,2024,Alexander Mattison,LV,9.4
4048244,2024_09_LV_CIN,0,0,0,0,0,9,36,0,0,0,0,0,2024,Alexander Mattison,LV,3.6
4048244,2024_11_LV_MIA,0,0,0,0,0,5,19,0,3,3,50,0,2024,Alexander Mattison,LV,9.9
4048244,2024_15_ATL_LV,0,0,0,0,0,7,21,0,2,4,3,0,2024,Alexander Mattison,LV,4.4
4048244,2024_16_JAX_LV,0,0,0,0,0,12,27,1,4,7,29,0,2024,Alexander Mattison,LV,15.6
4048244,2024_17_LV_NO,0,0,0,0,0,10,32,0,1,3,6,0,2024,Alexander Mattison,LV,4.8
4048244,2024_18_LAC_LV,0,0,0,0,0,6,20,0,4,5,11,0,2024,Alexander Mattison,LV,7.1
3128390,2024_01_NYJ_SF,0,0,0,0,0,0,0,0,6,9,89,2,2024,Allen Lazard,NYJ,26.9
3128390,2024_02_NYJ_TEN,0,0,0,0,0,0,0,0,2,4,11,0,2024,Allen Lazard,NYJ,3.1
3128390,2024_03_NE_NYJ,0,0,0,0,0,0,0,0,3,3,48,1,2024,Allen Lazard,NYJ,13.8
3128390,2024_04_DEN_NYJ,0,0,0,0,0,0,0,0,5,8,58,0,2024,Allen Lazard,NYJ,10.8
3128390,2024_05_NYJ_MIN,0,0,0,0,0,0,0,0,4,9,34,1,2024,Allen Lazard,NYJ,13.4
3128390,2024_06_BUF_NYJ,0,0,0,0,0,0,0,0,6,7,114,1,2024,Allen Lazard,NYJ,23.4
3128390,2024_07_NYJ_PIT,0,0,0,0,0,0,0,0,4,4,58,0,2024,Allen Lazard,NYJ,9.8
3128390,2024_14_NYJ_MIA,0,0,0,0,0,0,0,0,1,1,18,0,2024,Allen Lazard,NYJ,2.8
3128390,2024_15_NYJ_JAX,0,0,0,0,0,0,0,0,0,4,0,0,2024,Allen Lazard,NYJ,0.0
3128390,2024_16_LAR_NYJ,0,0,0,0,0,0,0,0,2,5,20,0,2024,Allen Lazard,NYJ,4.0
3128390,2024_17_NYJ_BUF,0,0,0,0,0,0,0,0,1,3,9,0,2024,Allen Lazard,NYJ,1.9
3128390,2024_18_MIA_NYJ,0,1,0,0,0,0,0,0,3,3,71,1,2024,Allen Lazard,NYJ,16.1
3128390,2025_03_NYJ_TB,0,0,0,0,0,0,0,0,2,3,13,1,2025,Allen Lazard,NYJ,9.3
3128390,2025_04_NYJ_MIA,0,0,0,0,0,0,0,0,1,1,8,0,2025,Allen Lazard,NYJ,1.8
3128390,2025_05_DAL_NYJ,0,0,0,0,0,0,0,0,1,2,3,0,2025,Allen Lazard,NYJ,1.3
3128390,2025_07_CAR_NYJ,0,0,0,0,0,0,0,0,2,3,16,0,2025,Allen Lazard,NYJ,3.6
3128390,2025_08_NYJ_CIN,0,0,0,0,0,0,0,0,1,2,5,0,2025,Allen Lazard,NYJ,1.5
3128390,2025_12_NYJ_BAL,0,0,0,0,0,0,0,0,1,3,9,0,2025,Allen Lazard,NYJ,1.9
3128390,2025_13_ATL_NYJ,0,0,0,0,0,0,0,0,1,1,10,0,2025,Allen Lazard,NYJ,2.0
3128390,2025_14_MIA_NYJ,0,0,0,0,0,0,0,0,0,1,0,0,2025,Allen Lazard,NYJ,0.0
3128390,2025_15_NYJ_JAX,0,0,0,0,0,0,0,0,1,2,6,0,2025,Allen Lazard,NYJ,1.6
16799,2024_06_DET_DAL,0,0,0,0,0,0,0,0,0,1,0,0,2024,Allen Robinson,DET,0.0
16799,2024_08_TEN_DET,0,0,0,0,0,0,0,0,0,1,0,0,2024,Allen Robinson,DET,0.0
16799,2024_09_DET_GB,0,0,0,0,0,0,0,0,1,1,2,0,2024,Allen Robinson,DET,1.2
16799,2024_11_JAX_DET,0,0,0,0,0,0,0,0,1,2,7,0,2024,Allen Robinson,DET,1.7
16799,2024_15_BUF_DET,0,0,0,0,0,0,0,0,0,1,0,0,2024,Allen Robinson,DET,0.0
16799,2024_17_DET_SF,0,0,0,0,0,0,0,0,1,1,21,0,2024,Allen Robinson,DET,3.1
3054850,2024_01_CAR_NO,0,0,0,0,0,15,83,1,5,5,27,0,2024,Alvin Kamara,NO,22.0
3054850,2024_02_NO_DAL,0,0,0,0,0,20,115,3,2,3,65,1,2024,Alvin Kamara,NO,44.0
3054850,2024_03_PHI_NO,0,0,0,0,0,26,87,0,3,3,40,0,2024,Alvin Kamara,NO,15.7
3054850,2024_04_NO_ATL,0,0,0,0,0,19,77,1,7,9,42,0,2024,Alvin Kamara,NO,24.9
3054850,2024_05_NO_KC,0,0,0,0,0,11,26,0,6,8,40,0,2024,Alvin Kamara,NO,12.6
3054850,2024_06_TB_NO,0,0,0,0,0,13,40,1,5,8,24,0,2024,Alvin Kamara,NO,17.4
3054850,2024_07_DEN_NO,0,0,0,0,0,7,10,0,6,7,14,0,2024,Alvin Kamara,NO,8.4
3054850,2024_08_NO_LAC,0,0,0,0,0,10,67,0,6,11,55,0,2024,Alvin Kamara,NO,18.2
3054850,2024_09_NO_CAR,0,0,0,0,0,29,155,0,6,9,60,0,2024,Alvin Kamara,NO,27.5
3054850,2024_10_ATL_NO,0,0,0,0,0,17,55,0,5,6,54,0,2024,Alvin Kamara,NO,15.9
3054850,2024_11_CLE_NO,0,0,0,0,0,16,67,0,4,4,22,0,2024,Alvin Kamara,NO,12.9
3054850,2024_13_LAR_NO,0,0,0,0,0,23,112,0,4,6,7,0,2024,Alvin Kamara,NO,15.9
3054850,2024_14_NO_NYG,0,0,0,0,0,17,44,0,5,5,35,0,2024,Alvin Kamara,NO,12.9
3054850,2024_15_WSH_NO,0,0,0,0,0,5,12,0,4,5,58,1,2024,Alvin Kamara,NO,17.0
3054850,2025_01_ARI_NO,0,0,0,0,0,11,45,1,2,2,12,0,2025,Alvin Kamara,NO,13.7
3054850,2025_02_SF_NO,0,0,0,0,0,21,99,0,6,6,21,0,2025,Alvin Kamara,NO,18.0
3054850,2025_03_NO_SEA,0,0,0,0,0,18,42,0,1,2,14,0,2025,Alvin Kamara,NO,6.6
3054850,2025_04_NO_BUF,0,0,0,0,0,15,70,0,4,5,2,0,2025,Alvin Kamara,NO,11.2
3054850,2025_05_NYG_NO,0,0,0,0,0,8,27,0,4,6,28,0,2025,Alvin Kamara,NO,9.5
3054850,2025_06_NE_NO,0,0,0,0,0,10,31,0,5,5,45,0,2025,Alvin Kamara,NO,12.6
3054850,2025_07_NO_CHI,0,0,0,0,0,11,28,0,3,3,1,0,2025,Alvin Kamara,NO,5.9
3054850,2025_08_TB_NO,0,0,0,0,0,6,21,0,2,2,24,0,2025,Alvin Kamara,NO,6.5
3054850,2025_09_NO_LAR,0,0,0,0,0,6,14,0,1,3,3,0,2025,Alvin Kamara,NO,2.7
3054850,2025_10_NO_CAR,0,0,0,0,0,22,83,0,3,3,32,0,2025,Alvin Kamara,NO,14.5
3054850,2025_12_ATL_NO,0,0,0,0,0,3,11,0,2,2,4,0,2025,Alvin Kamara,NO,3.5
4878878,2025_11_LAC_JAX,0,0,0,0,0,2,8,0,0,1,0,0,2025,Amar Johnson,LAC,0.8
2976499,2024_01_DAL_CLE,0,0,0,0,0,0,0,0,2,9,16,0,2024,Amari Cooper,CLE,3.6
2976499,2024_02_CLE_JAX,0,0,0,0,0,0,0,0,3,8,11,0,2024,Amari Cooper,CLE,4.1
2976499,2024_03_NYG_CLE,0,0,0,0,0,0,0,0,7,12,86,2,2024,Amari Cooper,CLE,27.6
2976499,2024_04_CLE_LV,0,0,0,0,0,0,0,0,4,8,35,0,2024,Amari Cooper,CLE,7.5
2976499,2024_05_CLE_WSH,0,0,0,0,0,0,0,0,4,10,60,0,2024,Amari Cooper,CLE,10.0
2976499,2024_06_CLE_PHI,0,0,0,0,0,0,0,0,4,6,42,0,2024,Amari Cooper,CLE,8.2
2976499,2024_07_TEN_BUF,0,0,0,0,0,0,0,0,4,5,66,1,2024,Amari Cooper,BUF,16.6
2976499,2024_08_BUF_SEA,0,0,0,0,0,0,0,0,1,2,3,0,2024,Amari Cooper,BUF,1.3
2976499,2024_11_KC_BUF,0,0,0,0,0,0,0,0,2,3,55,0,2024,Amari Cooper,BUF,7.5
2976499,2024_13_SF_BUF,0,0,0,0,0,0,0,0,3,3,12,0,2024,Amari Cooper,BUF,4.2
2976499,2024_14_BUF_LAR,0,0,0,0,0,0,0,0,6,14,95,0,2024,Amari Cooper,BUF,15.5
2976499,2024_16_NE_BUF,0,0,0,0,0,0,0,0,1,2,10,0,2024,Amari Cooper,BUF,2.0
2976499,2024_17_NYJ_BUF,0,0,0,0,0,0,0,0,3,3,56,1,2024,Amari Cooper,BUF,14.6
2576336,2024_02_LV_BAL,0,0,0,0,0,2,1,0,2,2,1,0,2024,Ameer Abdullah,LV,2.2
2576336,2024_03_CAR_LV,0,0,0,0,0,0,0,0,2,2,13,0,2024,Ameer Abdullah,LV,3.3
2576336,2024_05_LV_DEN,0,0,0,0,0,5,42,1,3,3,9,0,2024,Ameer Abdullah,LV,14.1
2576336,2024_06_PIT_LV,0,0,0,0,0,4,24,0,3,5,14,0,2024,Ameer Abdullah,LV,6.8
2576336,2024_08_KC_LV,0,0,0,0,0,1,2,0,1,2,9,0,2024,Ameer Abdullah,LV,2.1
2576336,2024_09_LV_CIN,0,0,0,0,0,4,12,0,3,3,14,0,2024,Ameer Abdullah,LV,5.6
2576336,2024_11_LV_MIA,0,0,0,0,0,1,1,0,3,3,16,1,2024,Ameer Abdullah,LV,10.7
2576336,2024_12_DEN_LV,0,0,0,0,0,8,28,0,5,6,37,1,2024,Ameer Abdullah,LV,17.5
2576336,2024_13_LV_KC,0,0,0,0,0,10,39,0,2,2,14,0,2024,Ameer Abdullah,LV,7.3
2576336,2024_14_LV_TB,0,0,0,0,0,1,1,0,1,2,-3,0,2024,Ameer Abdullah,LV,0.8
2576336,2024_15_ATL_LV,0,0,0,0,0,3,8,0,7,7,58,1,2024,Ameer Abdullah,LV,19.6
2576336,2024_16_JAX_LV,0,0,0,0,0,7,38,1,5,6,47,0,2024,Ameer Abdullah,LV,19.5
2576336,2024_17_LV_NO,0,0,0,0,0,20,115,0,3,4,32,0,2024,Ameer Abdullah,LV,17.7
2576336,2025_06_ARI_IND,0,0,0,0,0,1,7,0,1,1,9,0,2025,Ameer Abdullah,IND,2.6
2576336,2025_07_IND_LAC,0,0,0,0,0,2,19,0,1,1,8,0,2025,Ameer Abdullah,IND,3.7
2576336,2025_08_TEN_IND,0,0,0,0,0,2,5,0,1,1,3,0,2025,Ameer Abdullah,IND,1.8
2576336,2025_09_IND_PIT,0,0,0,0,0,1,3,0,1,1,2,0,2025,Ameer Abdullah,IND,1.5
2576336,2025_10_ATL_IND,0,0,0,0,0,0,0,0,1,1,8,0,2025,Ameer Abdullah,IND,1.8
2576336,2025_12_IND_KC,0,0,0,0,0,0,0,0,0,1,0,0,2025,Ameer Abdullah,IND,0.0
2576336,2025_14_IND_JAX,0,0,0,0,0,1,4,0,2,2,5,0,2025,Ameer Abdullah,IND,2.9
2576336,2025_15_IND_SEA,0,0,0,0,0,4,15,0,5,5,32,0,2025,Ameer Abdullah,IND,9.7
2576336,2025_16_SF_IND,0,0,0,0,0,0,0,0,1,1,4,0,2025,Ameer Abdullah,IND,1.4
2576336,2025_17_JAX_IND,0,0,0,0,0,0,0,0,1,1,4,0,2025,Ameer Abdullah,IND,1.4
2576336,2025_18_IND_HOU,0,0,0,0,0,1,1,0,2,2,24,0,2025,Ameer Abdullah,IND,4.5
4374302,2024_01_LAR_DET,0,0,0,0,0,0,0,0,3,6,13,0,2024,Amon-Ra St. Brown,DET,4.3
4374302,2024_02_TB_DET,0,0,0,0,0,0,0,0,11,18,119,0,2024,Amon-Ra St. Brown,DET,22.9
4374302,2024_03_DET_ARI,0,0,0,0,0,0,0,0,7,8,75,1,2024,Amon-Ra St. Brown,DET,20.5
4374302,2024_04_SEA_DET,1,1,7,1,0,0,0,0,6,6,45,1,2024,Amon-Ra St. Brown,DET,20.78
4374302,2024_06_DET_DAL,0,0,0,0,0,0,0,0,4,4,37,1,2024,Amon-Ra St. Brown,DET,13.7
4374302,2024_07_DET_MIN,0,0,0,0,0,0,0,0,8,8,112,1,2024,Amon-Ra St. Brown,DET,25.2
4374302,2024_08_TEN_DET,0,0,0,0,0,0,0,0,2,2,7,1,2024,Amon-Ra St. Brown,DET,8.7
4374302,2024_09_DET_GB,0,0,0,0,0,0,0,0,7,7,56,1,2024,Amon-Ra St. Brown,DET,18.6
4374302,2024_10_DET_HOU,0,0,0,0,0,0,0,0,6,8,60,1,2024,Amon-Ra St. Brown,DET,18.0
4374302,2024_11_JAX_DET,0,0,0,0,0,1,-4,0,11,11,161,2,2024,Amon-Ra St. Brown,DET,38.7
4374302,2024_12_DET_IND,0,0,0,0,0,0,0,0,6,7,62,0,2024,Amon-Ra St. Brown,DET,12.2
4374302,2024_13_CHI_DET,0,0,0,0,0,0,0,0,5,7,73,0,2024,Amon-Ra St. Brown,DET,12.3
4374302,2024_14_GB_DET,0,0,0,0,0,1,10,0,5,6,43,0,2024,Amon-Ra St. Brown,DET,10.3
4374302,2024_15_BUF_DET,0,0,0,0,0,0,0,0,14,18,193,1,2024,Amon-Ra St. Brown,DET,39.3
4374302,2024_16_DET_CHI,0,0,0,0,0,0,0,0,6,8,70,1,2024,Amon-Ra St. Brown,DET,19.0
4374302,2024_17_DET_SF,0,0,0,0,0,0,0,0,8,10,60,1,2024,Amon-Ra St. Brown,DET,20.0
4374302,2024_18_MIN_DET,0,0,0,0,0,0,0,0,6,7,77,0,2024,Amon-Ra St. Brown,DET,13.7
4374302,2025_01_DET_GB,0,0,0,0,0,0,0,0,4,6,45,0,2025,Amon-Ra St. Brown,DET,8.5
4374302,2025_02_CHI_DET,0,0,0,0,0,2,7,0,9,11,115,3,2025,Amon-Ra St. Brown,DET,39.2
4374302,2025_03_DET_BAL,0,0,0,0,0,0,0,0,7,8,77,1,2025,Amon-Ra St. Brown,DET,20.7
4374302,2025_04_CLE_DET,0,0,0,0,0,0,0,0,7,7,70,2,2025,Amon-Ra St. Brown,DET,26.0
4374302,2025_05_DET_CIN,0,0,0,0,0,0,0,0,8,9,100,0,2025,Amon-Ra St. Brown,DET,18.0
4374302,2025_06_DET_KC,0,0,0,0,0,1,2,0,9,10,45,0,2025,Amon-Ra St. Brown,DET,13.7
4374302,2025_07_TB_DET,0,0,0,0,0,0,0,0,6,10,86,1,2025,Amon-Ra St. Brown,DET,20.6
4374302,2025_09_MIN_DET,0,0,0,0,0,0,0,0,9,13,97,0,2025,Amon-Ra St. Brown,DET,18.7
4374302,2025_10_DET_WSH,0,0,0,0,0,0,0,0,5,8,58,1,2025,Amon-Ra St. Brown,DET,16.8
4374302,2025_11_DET_PHI,0,0,0,0,0,0,0,0,2,12,42,0,2025,Amon-Ra St. Brown,DET,6.2
4374302,2025_12_NYG_DET,0,0,0,0,0,0,0,0,9,13,149,1,2025,Amon-Ra St. Brown,DET,29.9
4374302,2025_13_GB_DET,0,0,0,0,0,0,0,0,0,1,0,0,2025,Amon-Ra St. Brown,DET,0.0
4374302,2025_14_DAL_DET,0,0,0,0,0,0,0,0,6,9,92,0,2025,Amon-Ra St. Brown,DET,15.2
4374302,2025_15_DET_LAR,0,0,0,0,0,0,0,0,13,18,164,2,2025,Amon-Ra St. Brown,DET,41.4
4374302,2025_16_PIT_DET,0,0,0,0,0,0,0,0,4,9,54,0,2025,Amon-Ra St. Brown,DET,9.4
4374302,2025_17_DET_MIN,0,0,0,0,0,0,0,0,8,13,68,0,2025,Amon-Ra St. Brown,DET,14.8
4374302,2025_18_DET_CHI,0,0,0,0,0,0,0,0,11,15,139,0,2025,Amon-Ra St. Brown,DET,24.9
3886809,2025_11_SF_ARI,0,0,0,0,0,0,0,0,1,1,5,0,2025,Andre Baccellia,ARI,1.5
3886809,2025_14_LAR_ARI,0,0,0,0,0,0,0,0,1,3,3,0,2025,Andre Baccellia,ARI,1.3
4368003,2024_01_NE_CIN,0,0,0,0,0,0,0,0,3,6,26,0,2024,Andrei Iosivas,CIN,5.6
4368003,2024_02_CIN_KC,0,0,0,0,0,0,0,0,2,4,7,2,2024,Andrei Iosivas,CIN,14.7
4368003,2024_03_WSH_CIN,0,0,0,0,0,0,0,0,5,7,52,1,2024,Andrei Iosivas,CIN,16.2
4368003,2024_04_CIN_CAR,0,0,0,0,0,0,0,0,1,1,29,0,2024,Andrei Iosivas,CIN,3.9
4368003,2024_05_BAL_CIN,0,0,0,0,0,0,0,0,1,2,39,0,2024,Andrei Iosivas,CIN,4.9
4368003,2024_06_CIN_NYG,0,0,0,0,0,0,0,0,2,3,36,0,2024,Andrei Iosivas,CIN,5.6
4368003,2024_07_CIN_CLE,0,0,0,0,0,0,0,0,0,1,0,0,2024,Andrei Iosivas,CIN,0.0
4368003,2024_08_PHI_CIN,0,0,0,0,0,0,0,0,0,3,0,0,2024,Andrei Iosivas,CIN,0.0
4368003,2024_09_LV_CIN,0,0,0,0,0,0,0,0,1,4,10,1,2024,Andrei Iosivas,CIN,8.0
4368003,2024_10_CIN_BAL,0,0,0,0,0,0,0,0,2,4,29,0,2024,Andrei Iosivas,CIN,4.9
4368003,2024_11_CIN_LAC,0,0,0,0,0,0,0,0,3,3,46,0,2024,Andrei Iosivas,CIN,7.6
4368003,2024_13_PIT_CIN,0,0,0,0,0,0,0,0,3,4,35,1,2024,Andrei Iosivas,CIN,12.5
4368003,2024_14_CIN_DAL,0,0,0,0,0,0,0,0,4,5,41,0,2024,Andrei Iosivas,CIN,8.1
4368003,2024_15_CIN_TEN,0,0,0,0,0,0,0,0,1,4,5,0,2024,Andrei Iosivas,CIN,1.5
4368003,2024_16_CLE_CIN,0,0,0,0,0,0,0,0,3,3,53,1,2024,Andrei Iosivas,CIN,14.3
4368003,2024_17_DEN_CIN,0,0,0,0,0,0,0,0,3,4,59,0,2024,Andrei Iosivas,CIN,8.9
4368003,2024_18_CIN_PIT,0,0,0,0,0,0,0,0,2,3,12,0,2024,Andrei Iosivas,CIN,3.2
4368003,2025_02_JAX_CIN,0,0,0,0,0,0,0,0,1,5,12,0,2025,Andrei Iosivas,CIN,2.2
4368003,2025_04_CIN_DEN,0,0,0,0,0,1,5,0,1,1,22,0,2025,Andrei Iosivas,CIN,3.7
4368003,2025_05_DET_CIN,0,0,0,0,0,0,0,0,5,7,82,0,2025,Andrei Iosivas,CIN,13.2
4368003,2025_06_CIN_GB,0,0,0,0,0,0,0,0,1,4,5,0,2025,Andrei Iosivas,CIN,1.5
4368003,2025_07_PIT_CIN,0,0,0,0,0,0,0,0,3,4,49,0,2025,Andrei Iosivas,CIN,7.9
4368003,2025_08_NYJ_CIN,0,0,0,0,0,0,0,0,0,3,0,0,2025,Andrei Iosivas,CIN,0.0
4368003,2025_09_CHI_CIN,0,0,0,0,0,1,4,0,5,7,66,1,2025,Andrei Iosivas,CIN,18.0
4368003,2025_11_CIN_PIT,0,0,0,0,0,0,0,0,3,4,20,0,2025,Andrei Iosivas,CIN,5.0
4368003,2025_12_NE_CIN,0,0,0,0,0,1,5,0,4,7,61,0,2025,Andrei Iosivas,CIN,10.6
4368003,2025_13_CIN_BAL,0,0,0,0,0,0,0,0,1,2,29,1,2025,Andrei Iosivas,CIN,9.9
4368003,2025_14_CIN_BUF,0,0,0,0,0,0,0,0,2,3,17,0,2025,Andrei Iosivas,CIN,3.7
4368003,2025_15_BAL_CIN,0,0,0,0,0,0,0,0,0,1,0,0,2025,Andrei Iosivas,CIN,0.0
4368003,2025_16_CIN_MIA,0,0,0,0,0,0,0,0,1,1,21,0,2025,Andrei Iosivas,CIN,3.1
4368003,2025_17_ARI_CIN,0,0,0,0,0,0,0,0,4,6,41,0,2025,Andrei Iosivas,CIN,8.1
4368003,2025_18_CLE_CIN,0,0,0,0,0,0,0,0,2,3,10,0,2025,Andrei Iosivas,CIN,3.0
3125107,2024_06_ARI_GB,0,0,0,0,0,0,0,0,0,1,0,0,2024,Andrew Beck,GB,0.0
3125107,2024_16_HOU_KC,0,0,0,0,0,0,0,0,0,1,0,0,2024,Andrew Beck,HOU,0.0
3125107,2025_05_DAL_NYJ,0,0,0,0,0,0,0,0,1,2,1,1,2025,Andrew Beck,NYJ,7.1
3125107,2025_06_DEN_NYJ,0,0,0,0,0,0,0,0,1,1,6,0,2025,Andrew Beck,NYJ,1.6
3125107,2025_08_NYJ_CIN,0,0,0,0,0,0,0,0,1,1,9,0,2025,Andrew Beck,NYJ,1.9
3125107,2025_12_NYJ_BAL,0,0,0,0,0,0,0,0,1,1,10,0,2025,Andrew Beck,NYJ,2.0
3125107,2025_14_MIA_NYJ,0,0,0,0,0,0,0,0,1,1,17,0,2025,Andrew Beck,NYJ,2.7
3125107,2025_15_NYJ_JAX,0,0,0,0,0,1,5,0,0,1,0,0,2025,Andrew Beck,NYJ,0.5
3125107,2025_18_NYJ_BUF,0,0,0,0,0,0,0,0,1,2,2,1,2025,Andrew Beck,NYJ,7.2
14012,2024_03_CAR_LV,26,37,319,3,0,2,-2,0,0,0,0,0,2024,Andy Dalton,CAR,24.56
14012,2024_04_CIN_CAR,25,40,220,2,1,3,9,0,0,0,0,0,2024,Andy Dalton,CAR,16.7
14012,2024_05_CAR_CHI,18,28,136,0,1,1,3,0,0,0,0,0,2024,Andy Dalton,CAR,4.74
14012,2024_06_ATL_CAR,26,38,221,2,2,3,21,0,0,0,0,0,2024,Andy Dalton,CAR,16.94
14012,2024_07_CAR_WSH,11,16,93,0,2,2,3,0,0,0,0,0,2024,Andy Dalton,CAR,2.02
14012,2025_04_CAR_NE,5,6,58,1,0,0,0,0,0,0,0,0,2025,Andy Dalton,CAR,6.32
14012,2025_07_CAR_NYJ,4,7,60,0,0,2,-2,0,0,0,0,0,2025,Andy Dalton,CAR,2.2
14012,2025_08_BUF_CAR,16,24,175,0,1,2,1,0,0,0,0,0,2025,Andy Dalton,CAR,6.1
3049698,2025_13_GB_DET,0,0,0,0,0,0,0,0,1,1,4,0,2025,Anthony Firkser,DET,1.4
3049698,2025_14_DAL_DET,0,0,0,0,0,0,0,0,1,1,7,0,2025,Anthony Firkser,DET,1.7
3049698,2025_16_PIT_DET,0,0,0,0,0,0,0,0,4,4,40,0,2025,Anthony Firkser,DET,8.0
3049698,2025_17_DET_MIN,0,0,0,0,0,0,0,0,0,1,0,0,2025,Anthony Firkser,DET,0.0
3049698,2025_18_DET_CHI,0,0,0,0,0,0,0,0,2,3,2,0,2025,Anthony Firkser,DET,2.2
4429684,2024_15_IND_DEN,0,0,0,0,0,0,0,0,1,1,23,0,2024,Anthony Gould,IND,3.3
4429684,2025_07_IND_LAC,0,0,0,0,0,0,0,0,1,1,3,0,2025,Anthony Gould,IND,1.3
4429684,2025_14_IND_JAX,0,0,0,0,0,0,0,0,1,1,3,0,2025,Anthony Gould,IND,1.3
3050487,2024_17_BAL_HOU,0,0,0,0,0,0,0,0,1,1,16,0,2024,Anthony Miller,BAL,2.6
4429084,2024_01_HOU_IND,9,19,212,2,1,6,56,1,0,0,0,0,2024,Anthony Richardson Sr.,IND,27.08
4429084,2024_02_IND_GB,17,34,204,1,3,4,37,0,0,0,0,0,2024,Anthony Richardson Sr.,IND,12.86
4429084,2024_03_CHI_IND,10,20,167,0,2,8,24,0,0,0,0,0,2024,Anthony Richardson Sr.,IND,7.08
4429084,2024_04_PIT_IND,3,4,71,0,0,3,24,0,0,0,0,0,2024,Anthony Richardson Sr.,IND,5.24
4429084,2024_07_MIA_IND,10,24,129,0,0,14,56,0,0,0,0,0,2024,Anthony Richardson Sr.,IND,10.76
4429084,2024_08_IND_HOU,10,32,175,1,1,6,45,0,0,0,0,0,2024,Anthony Richardson Sr.,IND,14.5
4429084,2024_11_IND_NYJ,20,30,272,1,0,10,32,2,0,0,0,0,2024,Anthony Richardson Sr.,IND,30.08
4429084,2024_12_DET_IND,11,28,172,0,0,10,61,0,0,0,0,0,2024,Anthony Richardson Sr.,IND,12.98
4429084,2024_13_IND_NE,12,24,109,2,2,9,48,1,0,0,0,0,2024,Anthony Richardson Sr.,IND,21.16
4429084,2024_15_IND_DEN,17,38,172,0,2,7,46,1,1,1,-1,0,2024,Anthony Richardson Sr.,IND,16.38
4429084,2024_16_TEN_IND,7,11,131,1,1,9,70,1,0,0,0,0,2024,Anthony Richardson Sr.,IND,21.24
4429084,2025_03_IND_TEN,0,0,0,0,0,4,-1,0,0,0,0,0,2025,Anthony Richardson Sr.,IND,-0.1
4429084,2025_05_LV_IND,1,2,9,0,0,0,0,0,1,1,9,0,2025,Anthony Richardson Sr.,IND,2.26
4360294,2024_01_NE_CIN,0,0,0,0,0,7,18,0,0,0,0,0,2024,Antonio Gibson,NE,1.8
4360294,2024_02_SEA_NE,0,0,0,0,0,11,96,0,1,1,7,0,2024,Antonio Gibson,NE,11.3
4360294,2024_03_NE_NYJ,0,0,0,0,0,5,29,0,3,3,8,0,2024,Antonio Gibson,NE,6.7
4360294,2024_04_NE_SF,0,0,0,0,0,6,12,0,3,4,67,0,2024,Antonio Gibson,NE,10.9
4360294,2024_05_MIA_NE,0,0,0,0,0,6,52,0,1,1,4,0,2024,Antonio Gibson,NE,6.6
4360294,2024_06_HOU_NE,0,0,0,0,0,13,19,0,3,4,24,0,2024,Antonio Gibson,NE,7.3
4360294,2024_07_NE_JAX,0,0,0,0,0,3,4,0,1,1,9,0,2024,Antonio Gibson,NE,2.3
4360294,2024_08_NYJ_NE,0,0,0,0,0,5,7,0,0,0,0,0,2024,Antonio Gibson,NE,0.7
4360294,2024_09_NE_TEN,0,0,0,0,0,1,-1,0,1,1,12,0,2024,Antonio Gibson,NE,2.1
4360294,2024_10_NE_CHI,0,0,0,0,0,5,26,0,0,0,0,0,2024,Antonio Gibson,NE,2.6
4360294,2024_11_LAR_NE,0,0,0,0,0,4,18,0,1,1,2,0,2024,Antonio Gibson,NE,3.0
4360294,2024_12_NE_MIA,0,0,0,0,0,6,31,0,1,2,14,0,2024,Antonio Gibson,NE,5.5
4360294,2024_13_IND_NE,0,0,0,0,0,7,62,1,0,0,0,0,2024,Antonio Gibson,NE,12.2
4360294,2024_15_NE_ARI,0,0,0,0,0,7,33,0,2,2,31,0,2024,Antonio Gibson,NE,8.4
4360294,2024_16_NE_BUF,0,0,0,0,0,10,28,0,2,2,8,0,2024,Antonio Gibson,NE,5.6
4360294,2024_17_LAC_NE,0,0,0,0,0,12,63,0,0,1,0,0,2024,Antonio Gibson,NE,6.3
4360294,2024_18_BUF_NE,0,0,0,0,0,12,41,0,4,6,20,0,2024,Antonio Gibson,NE,10.1
4360294,2025_01_LV_NE,0,0,0,0,0,1,3,0,0,1,0,0,2025,Antonio Gibson,NE,0.3
4360294,2025_02_NE_MIA,0,0,0,0,0,5,27,0,1,1,1,0,2025,Antonio Gibson,NE,3.8
4360294,2025_03_PIT_NE,0,0,0,0,0,7,28,0,0,0,0,0,2025,Antonio Gibson,NE,2.8
4360294,2025_04_CAR_NE,0,0,0,0,0,6,27,1,0,0,0,0,2025,Antonio Gibson,NE,8.7
4360294,2025_05_NE_BUF,0,0,0,0,0,6,21,0,1,1,5,0,2025,Antonio Gibson,NE,3.6
4429105,2025_02_BUF_NYJ,0,0,0,0,0,1,-10,0,1,2,8,0,2025,Arian Smith,NYJ,0.8
4429105,2025_03_NYJ_TB,0,0,0,0,0,0,0,0,2,2,2,0,2025,Arian Smith,NYJ,2.2
4429105,2025_05_DAL_NYJ,0,0,0,0,0,0,0,0,1,1,14,0,2025,Arian Smith,NYJ,2.4
4429105,2025_06_DEN_NYJ,0,0,0,0,0,0,0,0,0,1,0,0,2025,Arian Smith,NYJ,0.0
4429105,2025_07_CAR_NYJ,0,0,0,0,0,0,0,0,1,3,0,0,2025,Arian Smith,NYJ,1.0
4429105,2025_08_NYJ_CIN,0,0,0,0,0,0,0,0,1,1,23,0,2025,Arian Smith,NYJ,3.3
4429105,2025_15_NYJ_JAX,0,0,0,0,0,0,0,0,0,2,0,0,2025,Arian Smith,NYJ,0.0
4429105,2025_16_NYJ_NO,0,0,0,0,0,0,0,0,0,1,0,0,2025,Arian Smith,NYJ,0.0
4429105,2025_17_NE_NYJ,0,0,0,0,0,0,0,0,1,1,5,0,2025,Arian Smith,NYJ,1.5
4429105,2025_18_NYJ_BUF,0,0,0,0,0,1,2,0,0,2,0,0,2025,Arian Smith,NYJ,0.2
4061956,2024_01_HOU_IND,0,0,0,0,0,0,0,0,1,1,54,1,2024,Ashton Dulin,IND,12.4
4061956,2024_02_IND_GB,0,0,0,0,0,0,0,0,1,2,13,0,2024,Ashton Dulin,IND,2.3
4061956,2024_03_CHI_IND,0,0,0,0,0,0,0,0,0,1,0,0,2024,Ashton Dulin,IND,0.0
4061956,2024_06_IND_TEN,0,0,0,0,0,0,0,0,0,1,0,0,2024,Ashton Dulin,IND,0.0
4061956,2024_09_IND_MIN,0,0,0,0,0,2,17,0,0,2,0,0,2024,Ashton Dulin,IND,1.7
4061956,2024_12_DET_IND,0,0,0,0,0,0,0,0,0,1,0,0,2024,Ashton Dulin,IND,0.0
4061956,2025_04_IND_LAR,0,0,0,0,0,1,7,0,1,1,11,0,2025,Ashton Dulin,IND,2.8
4061956,2025_05_LV_IND,0,0,0,0,0,0,0,0,2,5,55,0,2025,Ashton Dulin,IND,7.5
4061956,2025_08_TEN_IND,0,0,0,0,0,0,0,0,1,1,-8,0,2025,Ashton Dulin,IND,0.2
4061956,2025_12_IND_KC,0,0,0,0,0,0,0,0,1,1,48,0,2025,Ashton Dulin,IND,5.8
4061956,2025_18_IND_HOU,0,0,0,0,0,0,0,0,0,2,0,0,2025,Ashton Dulin,IND,0.0
4890973,2025_01_LV_NE,0,0,0,0,0,19,38,1,2,2,2,0,2025,Ashton Jeanty,LV,12.0
4890973,2025_02_LAC_LV,0,0,0,0,0,11,43,0,3,4,1,0,2025,Ashton Jeanty,LV,7.4
4890973,2025_03_LV_WSH,0,0,0,0,0,17,63,0,0,0,0,0,2025,Ashton Jeanty,LV,6.3
4890973,2025_04_CHI_LV,0,0,0,0,0,21,138,1,2,2,17,2,2025,Ashton Jeanty,LV,35.5
4890973,2025_05_LV_IND,0,0,0,0,0,14,67,0,5,7,42,0,2025,Ashton Jeanty,LV,15.9
4890973,2025_06_TEN_LV,0,0,0,0,0,23,75,1,2,4,11,0,2025,Ashton Jeanty,LV,16.6
4890973,2025_07_LV_KC,0,0,0,0,0,6,21,0,1,1,13,0,2025,Ashton Jeanty,LV,4.4
4890973,2025_09_JAX_LV,0,0,0,0,0,13,42,0,5,5,47,1,2025,Ashton Jeanty,LV,19.9
4890973,2025_10_LV_DEN,0,0,0,0,0,19,60,1,3,5,3,0,2025,Ashton Jeanty,LV,15.3
4890973,2025_11_DAL_LV,0,0,0,0,0,6,7,0,6,8,27,0,2025,Ashton Jeanty,LV,9.4
4890973,2025_12_CLE_LV,0,0,0,0,0,17,50,0,8,8,58,1,2025,Ashton Jeanty,LV,24.8
4890973,2025_13_LV_LAC,0,0,0,0,0,15,31,0,6,8,30,0,2025,Ashton Jeanty,LV,12.1
4890973,2025_14_DEN_LV,0,0,0,0,0,10,30,0,2,4,8,0,2025,Ashton Jeanty,LV,5.8
4890973,2025_15_LV_PHI,0,0,0,0,0,9,35,0,4,6,7,0,2025,Ashton Jeanty,LV,8.2
4890973,2025_16_LV_HOU,0,0,0,0,0,24,128,1,1,2,60,1,2025,Ashton Jeanty,LV,31.8
4890973,2025_17_NYG_LV,0,0,0,0,0,16,60,0,2,2,13,0,2025,Ashton Jeanty,LV,9.3
4890973,2025_18_KC_LV,0,0,0,0,0,26,87,0,3,5,7,0,2025,Ashton Jeanty,LV,12.4
4569682,2024_07_DEN_NO,0,0,0,0,0,5,29,0,0,0,0,0,2024,Audric Estime,DEN,2.9
4569682,2024_09_DEN_BAL,0,0,0,0,0,5,35,0,0,0,0,0,2024,Audric Estime,DEN,3.5
4569682,2024_10_DEN_KC,0,0,0,0,0,14,53,0,0,0,0,0,2024,Audric Estime,DEN,5.3
4569682,2024_11_ATL_DEN,0,0,0,0,0,6,16,0,3,3,9,0,2024,Audric Estime,DEN,5.5
4569682,2024_12_DEN_LV,0,0,0,0,0,3,15,0,0,0,0,0,2024,Audric Estime,DEN,1.5
4569682,2024_13_CLE_DEN,0,0,0,0,0,3,12,0,0,0,0,0,2024,Audric Estime,DEN,1.2
4569682,2024_15_IND_DEN,0,0,0,0,0,5,13,0,1,1,5,0,2024,Audric Estime,DEN,2.8
4569682,2024_16_DEN_LAC,0,0,0,0,0,9,48,1,0,0,0,0,2024,Audric Estime,DEN,10.8
4569682,2024_17_DEN_CIN,0,0,0,0,0,9,24,0,1,1,13,0,2024,Audric Estime,DEN,4.7
4569682,2024_18_KC_DEN,0,0,0,0,0,12,34,1,0,0,0,0,2024,Audric Estime,DEN,9.4
4569682,2025_14_NO_TB,0,0,0,0,0,3,11,0,0,0,0,0,2025,Audric Estime,NO,1.1
4569682,2025_15_CAR_NO,0,0,0,0,0,3,11,0,3,3,39,0,2025,Audric Estime,NO,8.0
4569682,2025_16_NYJ_NO,0,0,0,0,0,5,19,0,3,4,17,0,2025,Audric Estime,NO,6.6
4569682,2025_17_NO_TEN,0,0,0,0,0,14,94,1,1,1,4,0,2025,Audric Estime,NO,16.8
4569682,2025_18_NO_ATL,0,0,0,0,0,21,63,0,5,5,43,0,2025,Audric Estime,NO,15.6
3068267,2024_01_WSH_TB,0,0,0,0,0,2,10,0,4,4,52,0,2024,Austin Ekeler,WSH,10.2
3068267,2024_02_NYG_WSH,0,0,0,0,0,8,38,0,3,3,47,0,2024,Austin Ekeler,WSH,11.5
3068267,2024_03_WSH_CIN,0,0,0,0,0,3,35,1,2,2,22,0,2024,Austin Ekeler,WSH,13.7
3068267,2024_05_CLE_WSH,0,0,0,0,0,6,67,0,2,2,30,0,2024,Austin Ekeler,WSH,11.7
3068267,2024_06_WSH_BAL,0,0,0,0,0,9,21,0,4,5,47,0,2024,Austin Ekeler,WSH,10.8
3068267,2024_07_CAR_WSH,0,0,0,0,0,4,17,0,2,2,3,0,2024,Austin Ekeler,WSH,4.0
3068267,2024_08_CHI_WSH,0,0,0,0,0,7,52,0,2,3,6,0,2024,Austin Ekeler,WSH,7.8
3068267,2024_09_WSH_NYG,0,0,0,0,0,11,42,1,3,4,41,0,2024,Austin Ekeler,WSH,17.3
3068267,2024_10_PIT_WSH,0,0,0,0,0,13,44,2,1,2,7,0,2024,Austin Ekeler,WSH,18.1
3068267,2024_11_WSH_PHI,0,0,0,0,0,2,7,0,8,9,89,0,2024,Austin Ekeler,WSH,17.6
3068267,2024_12_DAL_WSH,0,0,0,0,0,9,22,0,2,3,2,0,2024,Austin Ekeler,WSH,4.4
3068267,2024_18_WSH_DAL,0,0,0,0,0,3,12,0,2,2,20,0,2024,Austin Ekeler,WSH,5.2
3068267,2025_01_NYG_WSH,0,0,0,0,0,6,26,0,3,3,31,0,2025,Austin Ekeler,WSH,8.7
3068267,2025_02_WSH_GB,0,0,0,0,0,8,17,0,2,4,7,0,2025,Austin Ekeler,WSH,4.4
3043275,2024_01_NE_CIN,0,0,0,0,0,0,0,0,2,4,31,0,2024,Austin Hooper,NE,5.1
3043275,2024_02_SEA_NE,0,0,0,0,0,0,0,0,1,1,5,0,2024,Austin Hooper,NE,1.5
3043275,2024_03_NE_NYJ,0,0,0,0,0,0,0,0,1,4,19,0,2024,Austin Hooper,NE,2.9
3043275,2024_04_NE_SF,0,0,0,0,0,0,0,0,2,2,13,1,2024,Austin Hooper,NE,9.3
3043275,2024_05_MIA_NE,0,0,0,0,0,0,0,0,1,3,9,0,2024,Austin Hooper,NE,1.9
3043275,2024_06_HOU_NE,0,0,0,0,0,0,0,0,1,2,5,0,2024,Austin Hooper,NE,1.5
3043275,2024_07_NE_JAX,0,0,0,0,0,0,0,0,4,5,32,0,2024,Austin Hooper,NE,7.2
3043275,2024_08_NYJ_NE,0,0,0,0,0,0,0,0,3,4,15,0,2024,Austin Hooper,NE,4.5
3043275,2024_09_NE_TEN,0,0,0,0,0,0,0,0,1,1,8,0,2024,Austin Hooper,NE,1.8
3043275,2024_10_NE_CHI,0,0,0,0,0,0,0,0,3,4,64,0,2024,Austin Hooper,NE,9.4
3043275,2024_11_LAR_NE,0,0,0,0,0,0,0,0,4,4,35,0,2024,Austin Hooper,NE,7.5
3043275,2024_12_NE_MIA,0,0,0,0,0,0,0,0,4,4,59,1,2024,Austin Hooper,NE,15.9
3043275,2024_13_IND_NE,0,0,0,0,0,0,0,0,4,4,42,1,2024,Austin Hooper,NE,14.2
3043275,2024_15_NE_ARI,0,0,0,0,0,0,0,0,3,3,38,0,2024,Austin Hooper,NE,6.8
3043275,2024_16_NE_BUF,0,0,0,0,0,0,0,0,4,5,55,0,2024,Austin Hooper,NE,9.5
3043275,2024_17_LAC_NE,0,0,0,0,0,0,0,0,3,3,19,0,2024,Austin Hooper,NE,4.9
3043275,2024_18_BUF_NE,0,0,0,0,0,0,0,0,4,6,27,0,2024,Austin Hooper,NE,6.7
3043275,2025_01_LV_NE,0,0,0,0,0,0,0,0,1,1,10,0,2025,Austin Hooper,NE,2.0
3043275,2025_02_NE_MIA,0,0,0,0,0,0,0,0,3,3,38,0,2025,Austin Hooper,NE,6.8
3043275,2025_03_PIT_NE,0,0,0,0,0,0,0,0,2,3,28,0,2025,Austin Hooper,NE,4.8
3043275,2025_04_CAR_NE,0,0,0,0,0,0,0,0,1,1,24,0,2025,Austin Hooper,NE,3.4
3043275,2025_06_NE_NO,0,0,0,0,0,0,0,0,1,1,5,0,2025,Austin Hooper,NE,1.5
3043275,2025_07_NE_TEN,0,0,0,0,0,0,0,0,2,2,11,1,2025,Austin Hooper,NE,9.1
3043275,2025_08_CLE_NE,0,0,0,0,0,0,0,0,2,2,38,0,2025,Austin Hooper,NE,5.8
3043275,2025_09_ATL_NE,0,0,0,0,0,0,0,0,1,1,20,0,2025,Austin Hooper,NE,3.0
3043275,2025_10_NE_TB,0,0,0,0,0,0,0,0,0,1,0,0,2025,Austin Hooper,NE,0.0
3043275,2025_12_NE_CIN,0,0,0,0,0,0,0,0,3,4,39,0,2025,Austin Hooper,NE,6.9
3043275,2025_16_NE_BAL,0,0,0,0,0,0,0,0,2,4,34,0,2025,Austin Hooper,NE,5.4
3043275,2025_17_NE_NYJ,0,0,0,0,0,0,0,0,2,2,11,1,2025,Austin Hooper,NE,9.1
3043275,2025_18_MIA_NE,0,0,0,0,0,0,0,0,1,1,5,0,2025,Austin Hooper,NE,1.5
4244856,2024_09_JAX_PHI,0,0,0,0,0,0,0,0,2,3,40,0,2024,Austin Trammell,JAX,6.0
4244856,2025_09_JAX_LV,0,0,0,0,0,0,0,0,0,1,0,0,2025,Austin Trammell,JAX,0.0
4244856,2025_10_JAX_HOU,0,0,0,0,0,0,0,0,2,3,33,0,2025,Austin Trammell,JAX,5.3
4244856,2025_11_LAC_JAX,0,0,0,0,0,0,0,0,1,1,13,0,2025,Austin Trammell,JAX,2.3
4244856,2025_12_JAX_ARI,0,0,0,0,0,0,0,0,0,1,0,0,2025,Austin Trammell,JAX,0.0
4244856,2025_13_JAX_TEN,0,0,0,0,0,0,0,0,0,4,0,0,2025,Austin Trammell,JAX,0.0
4250360,2024_18_CLE_BAL,16,31,170,1,2,2,2,0,0,0,0,0,2024,Bailey Zappe,CLE,9.0
3052587,2024_01_WSH_TB,24,30,289,4,0,3,21,0,0,0,0,0,2024,Baker Mayfield,TB,29.66
3052587,2024_02_TB_DET,12,19,185,1,1,5,34,1,0,0,0,0,2024,Baker Mayfield,TB,19.8
3052587,2024_03_DEN_TB,25,33,163,1,1,0,0,0,0,0,0,0,2024,Baker Mayfield,TB,9.52
3052587,2024_04_PHI_TB,30,47,347,2,0,4,10,1,0,0,0,0,2024,Baker Mayfield,TB,28.88
3052587,2024_05_TB_ATL,19,24,180,3,0,6,42,0,0,0,0,0,2024,Baker Mayfield,TB,23.4
3052587,2024_06_TB_NO,24,36,325,4,3,3,29,0,0,0,0,0,2024,Baker Mayfield,TB,28.9
3052587,2024_07_BAL_TB,31,45,370,3,2,5,22,0,0,0,0,0,2024,Baker Mayfield,TB,27.0
3052587,2024_08_ATL_TB,37,50,330,3,2,3,11,0,0,0,0,0,2024,Baker Mayfield,TB,24.3
3052587,2024_09_TB_KC,23,31,200,2,0,4,20,0,0,0,0,0,2024,Baker Mayfield,TB,18.0
3052587,2024_10_SF_TB,18,29,116,1,0,3,3,0,0,0,0,0,2024,Baker Mayfield,TB,8.94
3052587,2024_12_TB_NYG,24,30,294,0,0,4,29,1,0,0,0,0,2024,Baker Mayfield,TB,20.66
3052587,2024_13_TB_CAR,21,33,235,1,2,3,8,0,0,0,0,0,2024,Baker Mayfield,TB,12.2
3052587,2024_14_LV_TB,18,29,295,3,2,2,12,0,0,0,0,0,2024,Baker Mayfield,TB,23.0
3052587,2024_15_TB_LAC,22,27,288,4,1,2,25,0,0,0,0,0,2024,Baker Mayfield,TB,29.02
3052587,2024_16_TB_DAL,31,43,303,2,1,3,42,0,0,0,0,0,2024,Baker Mayfield,TB,23.32
3052587,2024_17_CAR_TB,27,32,359,5,0,1,2,0,0,0,0,0,2024,Baker Mayfield,TB,34.56
3052587,2024_18_NO_TB,21,32,221,2,1,9,68,0,0,0,0,0,2024,Baker Mayfield,TB,22.64
3052587,2025_01_TB_ATL,17,32,167,3,0,5,39,0,0,0,0,0,2025,Baker Mayfield,TB,22.58
3052587,2025_02_TB_HOU,25,38,215,2,0,3,33,0,0,0,0,0,2025,Baker Mayfield,TB,19.9
3052587,2025_03_NYJ_TB,19,29,233,1,0,4,44,0,0,0,0,0,2025,Baker Mayfield,TB,17.72
3052587,2025_04_PHI_TB,22,40,289,2,1,2,13,0,0,0,0,0,2025,Baker Mayfield,TB,19.86
3052587,2025_05_TB_SEA,29,33,379,2,0,5,15,0,0,0,0,0,2025,Baker Mayfield,TB,24.66
3052587,2025_06_SF_TB,17,23,256,2,0,3,14,0,0,0,0,0,2025,Baker Mayfield,TB,19.64
3052587,2025_07_TB_DET,28,50,228,1,1,0,0,0,0,0,0,0,2025,Baker Mayfield,TB,12.12
3052587,2025_08_TB_NO,15,24,152,0,0,0,0,0,0,0,0,0,2025,Baker Mayfield,TB,6.08
3052587,2025_10_NE_TB,28,43,273,3,0,0,0,0,0,0,0,0,2025,Baker Mayfield,TB,22.92
3052587,2025_11_TB_BUF,16,28,173,1,1,5,39,1,0,0,0,0,2025,Baker Mayfield,TB,19.82
3052587,2025_12_TB_LAR,9,19,41,1,2,4,19,0,0,0,0,0,2025,Baker Mayfield,TB,5.54
3052587,2025_13_ARI_TB,18,28,194,1,0,6,27,0,0,0,0,0,2025,Baker Mayfield,TB,14.46
3052587,2025_14_NO_TB,14,30,122,1,1,6,42,0,0,0,0,0,2025,Baker Mayfield,TB,12.08
3052587,2025_15_ATL_TB,19,34,277,2,1,1,1,0,0,0,0,0,2025,Baker Mayfield,TB,18.18
3052587,2025_16_TB_CAR,18,26,145,1,1,4,49,0,0,0,0,0,2025,Baker Mayfield,TB,13.7
3052587,2025_17_TB_MIA,33,44,346,2,2,3,16,0,0,0,0,0,2025,Baker Mayfield,TB,21.44
3052587,2025_18_CAR_TB,16,22,203,1,1,4,31,0,0,0,0,0,2025,Baker Mayfield,TB,14.22
4427728,2025_05_TEN_ARI,0,0,0,0,0,4,11,1,1,1,13,0,2025,Bam Knight,ARI,9.4
4427728,2025_06_ARI_IND,0,0,0,0,0,11,34,1,1,2,20,0,2025,Bam Knight,ARI,12.4
4427728,2025_07_GB_ARI,0,0,0,0,0,14,57,0,3,4,7,0,2025,Bam Knight,ARI,9.4
4427728,2025_09_ARI_DAL,0,0,0,0,0,9,27,0,2,2,20,0,2025,Bam Knight,ARI,6.7
4427728,2025_10_ARI_SEA,0,0,0,0,0,10,28,0,1,4,5,0,2025,Bam Knight,ARI,4.3
4427728,2025_11_SF_ARI,0,0,0,0,0,5,24,1,4,4,21,0,2025,Bam Knight,ARI,14.5
4427728,2025_12_JAX_ARI,0,0,0,0,0,10,12,1,4,5,20,0,2025,Bam Knight,ARI,13.2
4427728,2025_13_ARI_TB,0,0,0,0,0,11,62,0,3,3,36,1,2025,Bam Knight,ARI,18.8
4427728,2025_14_LAR_ARI,0,0,0,0,0,7,16,0,3,6,18,0,2025,Bam Knight,ARI,6.4
4426364,2024_14_LAC_KC,0,0,0,0,0,0,0,0,0,1,0,0,2024,Baylor Cupp,KC,0.0
4431210,2025_05_NYG_NO,0,0,0,0,0,0,0,0,1,3,7,0,2025,Beaux Collins,NYG,1.7
4431210,2025_07_NYG_DEN,0,0,0,0,0,0,0,0,0,1,0,0,2025,Beaux Collins,NYG,0.0
4431210,2025_08_NYG_PHI,0,0,0,0,0,0,0,0,1,2,18,0,2025,Beaux Collins,NYG,2.8
4373030,2024_06_ARI_GB,0,0,0,0,0,0,0,0,2,2,38,0,2024,Ben Sims,GB,5.8
4373030,2024_07_HOU_GB,0,0,0,0,0,0,0,0,1,1,2,0,2024,Ben Sims,GB,1.2
4373030,2024_08_GB_JAX,0,0,0,0,0,0,0,0,0,1,0,0,2024,Ben Sims,GB,0.0
4373030,2024_14_GB_DET,0,0,0,0,0,0,0,0,1,1,2,0,2024,Ben Sims,GB,1.2
4373030,2025_14_WSH_MIN,0,0,0,0,0,0,0,0,1,1,9,0,2025,Ben Sims,MIN,1.9
4373030,2025_17_DET_MIN,0,0,0,0,0,0,0,0,1,1,3,0,2025,Ben Sims,MIN,1.3
4373030,2025_18_GB_MIN,0,0,0,0,0,0,0,0,1,4,18,0,2025,Ben Sims,MIN,2.8
4690923,2024_07_CAR_WSH,0,0,0,0,0,0,0,0,2,2,6,1,2024,Ben Sinnott,WSH,8.6
4690923,2024_09_WSH_NYG,0,0,0,0,0,0,0,0,1,1,12,0,2024,Ben Sinnott,WSH,2.2
4690923,2024_13_TEN_WSH,0,0,0,0,0,0,0,0,1,1,3,0,2024,Ben Sinnott,WSH,1.3
4690923,2024_15_WSH_NO,0,0,0,0,0,0,0,0,1,1,7,0,2024,Ben Sinnott,WSH,1.7
4690923,2025_02_WSH_GB,0,0,0,0,0,0,0,0,1,1,7,0,2025,Ben Sinnott,WSH,1.7
4690923,2025_08_WSH_KC,0,0,0,0,0,0,0,0,1,1,22,0,2025,Ben Sinnott,WSH,3.2
4690923,2025_10_DET_WSH,0,0,0,0,0,0,0,0,1,1,4,1,2025,Ben Sinnott,WSH,7.4
4690923,2025_14_WSH_MIN,0,0,0,0,0,0,0,0,1,1,8,0,2025,Ben Sinnott,WSH,1.8
4690923,2025_15_WSH_NYG,0,0,0,0,0,0,0,0,1,1,36,0,2025,Ben Sinnott,WSH,4.6
4690923,2025_16_PHI_WSH,0,0,0,0,0,0,0,0,1,2,5,0,2025,Ben Sinnott,WSH,1.5
4690923,2025_17_DAL_WSH,0,0,0,0,0,0,0,0,3,4,29,0,2025,Ben Sinnott,WSH,5.9
4690923,2025_18_WSH_PHI,0,0,0,0,0,0,0,0,2,2,3,0,2025,Ben Sinnott,WSH,2.3
4035656,2024_11_BAL_PIT,0,0,0,0,0,0,0,0,1,1,4,0,2024,Ben Skowronek,PIT,1.4
4035656,2024_13_PIT_CIN,0,0,0,0,0,0,0,0,1,1,23,0,2024,Ben Skowronek,PIT,3.3
4035656,2024_15_PIT_PHI,0,0,0,0,0,0,0,0,1,1,17,0,2024,Ben Skowronek,PIT,2.7
4035656,2024_16_PIT_BAL,0,0,0,0,0,0,0,0,2,2,25,0,2024,Ben Skowronek,PIT,4.5
4035656,2025_01_PIT_NYJ,0,0,0,0,0,0,0,0,1,1,22,1,2025,Ben Skowronek,PIT,9.2
4035656,2025_04_MIN_PIT,0,0,0,0,0,0,0,0,0,1,0,0,2025,Ben Skowronek,PIT,0.0
4035656,2025_08_GB_PIT,0,0,0,0,0,0,0,0,1,1,13,0,2025,Ben Skowronek,PIT,2.3
4035656,2025_12_PIT_CHI,0,0,0,0,0,0,0,0,1,1,21,0,2025,Ben Skowronek,PIT,3.1
4035656,2025_13_BUF_PIT,0,0,0,0,0,0,0,0,0,1,0,0,2025,Ben Skowronek,PIT,0.0
4035656,2025_14_PIT_BAL,0,0,0,0,0,0,0,0,1,1,13,0,2025,Ben Skowronek,PIT,2.3
4372070,2024_09_JAX_PHI,0,0,0,0,0,0,0,0,1,1,0,0,2024,Ben VanSumeren,PHI,1.0
4433959,2025_08_MIN_LAC,0,0,0,0,0,0,0,0,1,2,5,0,2025,Ben Yurosek,MIN,1.5
4433959,2025_18_GB_MIN,0,0,0,0,0,0,0,0,1,1,9,0,2025,Ben Yurosek,MIN,1.9
4362580,2025_05_LV_IND,0,0,0,0,0,0,0,0,0,1,0,0,2025,Bernhard Raimann,IND,0.0
4882093,2025_01_CAR_JAX,0,0,0,0,0,3,11,0,0,0,0,0,2025,Bhayshul Tuten,JAX,1.1
4882093,2025_02_JAX_CIN,0,0,0,0,0,8,42,0,2,2,32,1,2025,Bhayshul Tuten,JAX,15.4
4882093,2025_03_HOU_JAX,0,0,0,0,0,6,21,1,0,1,0,0,2025,Bhayshul Tuten,JAX,8.1
4882093,2025_04_JAX_SF,0,0,0,0,0,4,14,0,1,1,8,0,2025,Bhayshul Tuten,JAX,3.2
4882093,2025_05_KC_JAX,0,0,0,0,0,4,6,0,1,1,5,0,2025,Bhayshul Tuten,JAX,2.1
4882093,2025_06_SEA_JAX,0,0,0,0,0,2,14,0,2,3,14,0,2025,Bhayshul Tuten,JAX,4.8
4882093,2025_07_LAR_JAX,0,0,0,0,0,5,22,0,0,0,0,0,2025,Bhayshul Tuten,JAX,2.2
4882093,2025_09_JAX_LV,0,0,0,0,0,9,29,1,1,1,-3,0,2025,Bhayshul Tuten,JAX,9.6
4882093,2025_10_JAX_HOU,0,0,0,0,0,4,5,0,1,2,5,0,2025,Bhayshul Tuten,JAX,2.0
4882093,2025_11_LAC_JAX,0,0,0,0,0,15,74,1,0,0,0,0,2025,Bhayshul Tuten,JAX,13.4
4882093,2025_12_JAX_ARI,0,0,0,0,0,7,17,0,0,1,0,0,2025,Bhayshul Tuten,JAX,1.7
4882093,2025_13_JAX_TEN,0,0,0,0,0,8,17,1,1,1,2,0,2025,Bhayshul Tuten,JAX,8.9
4882093,2025_15_NYJ_JAX,0,0,0,0,0,1,7,0,1,1,16,1,2025,Bhayshul Tuten,JAX,9.3
4882093,2025_18_TEN_JAX,0,0,0,0,0,5,23,1,0,0,0,0,2025,Bhayshul Tuten,JAX,8.3
4430807,2024_01_PIT_ATL,0,0,0,0,0,18,68,0,5,5,43,0,2024,Bijan Robinson,ATL,16.1
4430807,2024_02_ATL_PHI,0,0,0,0,0,14,97,0,4,5,25,0,2024,Bijan Robinson,ATL,16.2
4430807,2024_03_KC_ATL,0,0,0,0,0,16,31,1,2,2,21,0,2024,Bijan Robinson,ATL,13.2
4430807,2024_04_NO_ATL,0,0,0,0,0,7,28,0,4,4,46,0,2024,Bijan Robinson,ATL,11.4
4430807,2024_05_TB_ATL,0,0,0,0,0,12,61,0,3,3,16,0,2024,Bijan Robinson,ATL,10.7
4430807,2024_06_ATL_CAR,0,0,0,0,0,15,95,2,3,4,10,0,2024,Bijan Robinson,ATL,25.5
4430807,2024_07_SEA_ATL,0,0,0,0,0,21,103,1,3,5,40,0,2024,Bijan Robinson,ATL,23.3
4430807,2024_08_ATL_TB,0,0,0,0,0,13,63,0,7,7,43,1,2024,Bijan Robinson,ATL,23.6
4430807,2024_09_DAL_ATL,0,0,0,0,0,19,86,0,7,7,59,0,2024,Bijan Robinson,ATL,21.5
4430807,2024_10_ATL_NO,0,0,0,0,0,20,116,2,3,4,28,0,2024,Bijan Robinson,ATL,29.4
4430807,2024_11_ATL_DEN,0,0,0,0,0,12,35,0,4,4,28,0,2024,Bijan Robinson,ATL,10.3
4430807,2024_13_LAC_ATL,0,0,0,0,0,26,102,1,6,6,33,0,2024,Bijan Robinson,ATL,25.5
4430807,2024_14_ATL_MIN,0,0,0,0,0,22,92,1,2,2,9,0,2024,Bijan Robinson,ATL,18.1
4430807,2024_15_ATL_LV,0,0,0,0,0,22,125,0,1,2,10,0,2024,Bijan Robinson,ATL,14.5
4430807,2024_16_NYG_ATL,0,0,0,0,0,22,94,2,2,2,9,0,2024,Bijan Robinson,ATL,24.3
4430807,2024_17_ATL_WSH,0,0,0,0,0,17,90,2,3,5,8,0,2024,Bijan Robinson,ATL,24.8
4430807,2024_18_CAR_ATL,0,0,0,0,0,28,170,2,2,5,3,0,2024,Bijan Robinson,ATL,31.3
4430807,2025_01_TB_ATL,0,0,0,0,0,12,24,0,6,7,100,1,2025,Bijan Robinson,ATL,24.4
4430807,2025_02_ATL_MIN,0,0,0,0,0,22,143,0,3,5,25,0,2025,Bijan Robinson,ATL,19.8
4430807,2025_03_ATL_CAR,0,0,0,0,0,13,72,0,5,6,39,0,2025,Bijan Robinson,ATL,16.1
4430807,2025_04_WSH_ATL,0,0,0,0,0,17,75,1,4,5,106,0,2025,Bijan Robinson,ATL,28.1
4430807,2025_06_BUF_ATL,0,0,0,0,0,19,170,1,6,8,68,0,2025,Bijan Robinson,ATL,35.8
4430807,2025_07_ATL_SF,0,0,0,0,0,14,40,0,6,8,52,1,2025,Bijan Robinson,ATL,21.2
4430807,2025_08_MIA_ATL,0,0,0,0,0,9,25,0,3,3,23,0,2025,Bijan Robinson,ATL,7.8
4430807,2025_09_ATL_NE,0,0,0,0,0,12,46,0,8,10,50,0,2025,Bijan Robinson,ATL,17.6
4430807,2025_10_ATL_IND,0,0,0,0,0,17,84,0,2,2,4,0,2025,Bijan Robinson,ATL,10.8
4430807,2025_11_CAR_ATL,0,0,0,0,0,23,104,2,4,5,39,0,2025,Bijan Robinson,ATL,30.3
4430807,2025_12_ATL_NO,0,0,0,0,0,14,70,0,2,2,37,0,2025,Bijan Robinson,ATL,12.7
4430807,2025_13_ATL_NYJ,0,0,0,0,0,23,142,1,5,7,51,0,2025,Bijan Robinson,ATL,30.3
4430807,2025_14_SEA_ATL,0,0,0,0,0,20,86,0,2,2,8,0,2025,Bijan Robinson,ATL,11.4
4430807,2025_15_ATL_TB,0,0,0,0,0,19,93,1,8,11,82,0,2025,Bijan Robinson,ATL,31.5
4430807,2025_16_ATL_ARI,0,0,0,0,0,16,76,0,7,11,92,1,2025,Bijan Robinson,ATL,29.8
4430807,2025_17_LAR_ATL,0,0,0,0,0,22,195,1,5,8,34,1,2025,Bijan Robinson,ATL,39.9
4430807,2025_18_NO_ATL,0,0,0,0,0,15,33,0,3,3,10,0,2025,Bijan Robinson,ATL,7.3
4429096,2024_02_LAR_ARI,0,0,0,0,0,8,28,0,0,0,0,0,2024,Blake Corum,LAR,2.8
4429096,2024_05_GB_LAR,0,0,0,0,0,5,25,0,1,1,8,0,2024,Blake Corum,LAR,4.3
4429096,2024_07_LV_LAR,0,0,0,0,0,3,11,0,0,0,0,0,2024,Blake Corum,LAR,1.1
4429096,2024_08_MIN_LAR,0,0,0,0,0,4,9,0,1,1,9,0,2024,Blake Corum,LAR,2.8
4429096,2024_10_MIA_LAR,0,0,0,0,0,2,8,0,1,1,7,0,2024,Blake Corum,LAR,2.5
4429096,2024_11_LAR_NE,0,0,0,0,0,5,21,0,1,1,7,0,2024,Blake Corum,LAR,3.8
4429096,2024_13_LAR_NO,0,0,0,0,0,8,42,0,0,0,0,0,2024,Blake Corum,LAR,4.2
4429096,2024_14_BUF_LAR,0,0,0,0,0,8,34,0,0,0,0,0,2024,Blake Corum,LAR,3.4
4429096,2024_15_LAR_SF,0,0,0,0,0,3,5,0,2,3,15,0,2024,Blake Corum,LAR,4.0
4429096,2024_16_LAR_NYJ,0,0,0,0,0,5,14,0,0,0,0,0,2024,Blake Corum,LAR,1.4
4429096,2024_17_ARI_LAR,0,0,0,0,0,3,-4,0,0,0,0,0,2024,Blake Corum,LAR,-0.4
4429096,2024_18_SEA_LAR,0,0,0,0,0,2,10,0,1,1,12,0,2024,Blake Corum,LAR,3.2
4429096,2025_01_HOU_LAR,0,0,0,0,0,1,2,0,1,1,14,0,2025,Blake Corum,LAR,2.6
4429096,2025_02_LAR_TEN,0,0,0,0,0,5,44,1,0,0,0,0,2025,Blake Corum,LAR,10.4
4429096,2025_03_LAR_PHI,0,0,0,0,0,8,53,0,0,0,0,0,2025,Blake Corum,LAR,5.3
4429096,2025_04_IND_LAR,0,0,0,0,0,9,21,0,2,4,-5,0,2025,Blake Corum,LAR,3.6
4429096,2025_05_SF_LAR,0,0,0,0,0,1,13,0,0,2,0,0,2025,Blake Corum,LAR,1.3
4429096,2025_06_LAR_BAL,0,0,0,0,0,5,23,0,0,0,0,0,2025,Blake Corum,LAR,2.3
4429096,2025_07_LAR_JAX,0,0,0,0,0,12,37,0,1,1,6,0,2025,Blake Corum,LAR,5.3
4429096,2025_09_NO_LAR,0,0,0,0,0,13,58,0,0,0,0,0,2025,Blake Corum,LAR,5.8
4429096,2025_10_LAR_SF,0,0,0,0,0,13,56,0,0,0,0,0,2025,Blake Corum,LAR,5.6
4429096,2025_11_SEA_LAR,0,0,0,0,0,8,10,0,1,2,-5,0,2025,Blake Corum,LAR,1.5
4429096,2025_12_TB_LAR,0,0,0,0,0,7,24,0,0,0,0,0,2025,Blake Corum,LAR,2.4
4429096,2025_13_LAR_CAR,0,0,0,0,0,7,81,1,0,0,0,0,2025,Blake Corum,LAR,14.1
4429096,2025_14_LAR_ARI,0,0,0,0,0,12,128,2,1,1,3,0,2025,Blake Corum,LAR,26.1
4429096,2025_15_DET_LAR,0,0,0,0,0,11,71,1,0,0,0,0,2025,Blake Corum,LAR,13.1
4429096,2025_16_LAR_SEA,0,0,0,0,0,14,48,1,1,2,13,0,2025,Blake Corum,LAR,13.1
4429096,2025_17_LAR_ATL,0,0,0,0,0,6,18,0,0,0,0,0,2025,Blake Corum,LAR,1.8
4429096,2025_18_ARI_LAR,0,0,0,0,0,13,59,0,1,1,10,0,2025,Blake Corum,LAR,7.9
4361604,2024_16_DEN_LAC,0,0,0,0,0,4,10,0,1,2,13,0,2024,Blake Watson,DEN,3.3
4362018,2024_04_CLE_LV,0,0,0,0,0,0,0,0,3,3,13,1,2024,Blake Whiteheart,CLE,10.3
4362018,2024_12_PIT_CLE,0,0,0,0,0,0,0,0,1,1,29,0,2024,Blake Whiteheart,CLE,3.9
4362018,2024_13_CLE_DEN,0,0,0,0,0,0,0,0,0,1,0,0,2024,Blake Whiteheart,CLE,0.0
4362018,2024_14_CLE_PIT,0,0,0,0,0,0,0,0,0,1,0,0,2024,Blake Whiteheart,CLE,0.0
4362018,2024_15_KC_CLE,0,0,0,0,0,0,0,0,0,1,0,0,2024,Blake Whiteheart,CLE,0.0
4362018,2024_17_MIA_CLE,0,0,0,0,0,0,0,0,1,1,8,0,2024,Blake Whiteheart,CLE,1.8
4362018,2024_18_CLE_BAL,0,0,0,0,0,0,0,0,1,1,1,0,2024,Blake Whiteheart,CLE,1.1
4362018,2025_04_CLE_DET,0,0,0,0,0,0,0,0,0,1,0,0,2025,Blake Whiteheart,CLE,0.0
4362018,2025_06_CLE_PIT,0,0,0,0,0,0,0,0,1,1,0,0,2025,Blake Whiteheart,CLE,1.0
4362018,2025_07_MIA_CLE,0,0,0,0,0,0,0,0,1,1,4,0,2025,Blake Whiteheart,CLE,1.4
4362018,2025_14_TEN_CLE,0,0,0,0,0,0,0,0,0,1,0,0,2025,Blake Whiteheart,CLE,0.0
4362018,2025_17_PIT_CLE,0,0,0,0,0,0,0,0,0,1,0,0,2025,Blake Whiteheart,CLE,0.0
4362018,2025_18_CLE_CIN,0,0,0,0,0,0,0,0,0,1,0,0,2025,Blake Whiteheart,CLE,0.0
4259305,2024_04_MIN_GB,0,0,0,0,0,0,0,0,1,3,28,0,2024,Bo Melton,GB,3.8
4259305,2024_05_GB_LAR,0,0,0,0,0,0,0,0,1,2,12,0,2024,Bo Melton,GB,2.2
4259305,2024_06_ARI_GB,0,0,0,0,0,2,27,0,1,2,6,0,2024,Bo Melton,GB,4.3
4259305,2024_07_HOU_GB,0,0,0,0,0,1,-1,0,1,1,8,0,2024,Bo Melton,GB,1.7
4259305,2024_08_GB_JAX,0,0,0,0,0,0,0,0,0,1,0,0,2024,Bo Melton,GB,0.0
4259305,2024_09_DET_GB,0,0,0,0,0,0,0,0,1,2,19,0,2024,Bo Melton,GB,2.9
4259305,2024_12_SF_GB,0,0,0,0,0,1,5,0,0,1,0,0,2024,Bo Melton,GB,0.5
4259305,2024_16_NO_GB,0,0,0,0,0,1,14,0,0,1,0,0,2024,Bo Melton,GB,1.4
4259305,2024_17_GB_MIN,0,0,0,0,0,0,0,0,3,4,18,0,2024,Bo Melton,GB,4.8
4259305,2025_10_PHI_GB,0,0,0,0,0,0,0,0,2,5,28,0,2025,Bo Melton,GB,4.8
4259305,2025_13_GB_DET,0,0,0,0,0,2,15,0,0,1,0,0,2025,Bo Melton,GB,1.5
4259305,2025_14_CHI_GB,0,0,0,0,0,0,0,0,1,2,45,1,2025,Bo Melton,GB,11.5
4259305,2025_15_GB_DEN,0,0,0,0,0,1,0,0,0,1,0,0,2025,Bo Melton,GB,0.0
4259305,2025_17_BAL_GB,0,0,0,0,0,0,0,0,1,3,34,0,2025,Bo Melton,GB,4.4
4259305,2025_18_GB_MIN,0,0,0,0,0,0,0,0,0,1,0,0,2025,Bo Melton,GB,0.0
4426338,2024_01_DEN_SEA,26,42,138,0,2,5,35,1,0,0,0,0,2024,Bo Nix,DEN,13.02
4426338,2024_02_PIT_DEN,20,35,246,0,2,4,25,0,0,0,0,0,2024,Bo Nix,DEN,10.34
4426338,2024_03_DEN_TB,25,36,216,0,0,9,47,1,0,0,0,0,2024,Bo Nix,DEN,19.34
4426338,2024_04_DEN_NYJ,12,25,60,1,0,5,3,0,0,0,0,0,2024,Bo Nix,DEN,6.7
4426338,2024_05_LV_DEN,19,27,206,2,0,8,9,1,0,0,0,0,2024,Bo Nix,DEN,23.14
4426338,2024_06_LAC_DEN,19,33,216,2,1,6,61,0,0,0,0,0,2024,Bo Nix,DEN,21.74
4426338,2024_07_DEN_NO,16,26,164,0,0,10,75,0,0,0,0,0,2024,Bo Nix,DEN,14.06
4426338,2024_08_CAR_DEN,28,37,284,3,0,5,4,1,0,0,0,0,2024,Bo Nix,DEN,29.76
4426338,2024_09_DEN_BAL,19,33,223,0,1,6,36,0,1,1,2,1,2024,Bo Nix,DEN,18.72
4426338,2024_10_DEN_KC,22,30,215,2,0,3,-5,0,0,0,0,0,2024,Bo Nix,DEN,16.1
4426338,2024_11_ATL_DEN,28,33,307,4,0,2,5,0,0,0,0,0,2024,Bo Nix,DEN,28.78
4426338,2024_12_DEN_LV,25,42,273,2,0,1,5,0,0,0,0,0,2024,Bo Nix,DEN,19.42
4426338,2024_13_CLE_DEN,18,35,294,1,2,3,4,0,0,0,0,0,2024,Bo Nix,DEN,14.16
4426338,2024_15_IND_DEN,20,33,130,3,3,8,23,0,0,0,0,0,2024,Bo Nix,DEN,16.5
4426338,2024_16_DEN_LAC,29,40,263,2,0,3,25,0,0,0,0,0,2024,Bo Nix,DEN,21.02
4426338,2024_17_DEN_CIN,24,31,219,3,1,7,31,0,0,0,0,0,2024,Bo Nix,DEN,22.86
4426338,2024_18_KC_DEN,26,29,321,4,0,7,47,0,0,0,0,0,2024,Bo Nix,DEN,33.54
4426338,2025_01_TEN_DEN,25,40,176,1,2,8,18,0,0,0,0,0,2025,Bo Nix,DEN,10.84
4426338,2025_02_DEN_IND,22,30,206,3,1,3,20,0,0,0,0,0,2025,Bo Nix,DEN,21.24
4426338,2025_03_DEN_LAC,14,25,153,1,0,8,33,0,0,0,0,0,2025,Bo Nix,DEN,13.42
4426338,2025_04_CIN_DEN,29,42,326,2,1,6,7,1,0,0,0,0,2025,Bo Nix,DEN,26.74
4426338,2025_05_DEN_PHI,24,39,242,1,0,3,22,0,0,0,0,0,2025,Bo Nix,DEN,15.88
4426338,2025_06_DEN_NYJ,19,30,174,1,0,5,24,0,0,0,0,0,2025,Bo Nix,DEN,13.36
4426338,2025_07_NYG_DEN,27,50,279,2,0,5,48,2,0,0,0,0,2025,Bo Nix,DEN,35.96
4426338,2025_08_DAL_DEN,19,29,247,4,1,1,-1,0,0,0,0,0,2025,Bo Nix,DEN,24.78
4426338,2025_09_DEN_HOU,18,37,173,2,1,3,36,0,0,0,0,0,2025,Bo Nix,DEN,17.52
4426338,2025_10_LV_DEN,16,28,150,1,2,5,-2,0,0,0,0,0,2025,Bo Nix,DEN,7.8
4426338,2025_11_KC_DEN,24,37,295,0,0,3,8,0,0,1,0,0,2025,Bo Nix,DEN,12.6
4426338,2025_13_DEN_WSH,29,45,321,1,1,2,16,0,0,0,0,0,2025,Bo Nix,DEN,17.44
4426338,2025_14_DEN_LV,31,38,212,0,0,3,15,1,0,0,0,0,2025,Bo Nix,DEN,15.98
4426338,2025_15_GB_DEN,23,34,302,4,0,7,10,0,0,0,0,0,2025,Bo Nix,DEN,29.08
4426338,2025_16_JAX_DEN,28,47,352,1,1,4,11,0,0,0,0,0,2025,Bo Nix,DEN,18.18
4426338,2025_17_DEN_KC,26,38,182,1,1,9,42,1,0,0,0,0,2025,Bo Nix,DEN,20.48
4426338,2025_18_LAC_DEN,14,23,141,0,0,8,49,0,0,0,0,0,2025,Bo Nix,DEN,10.54
4429435,2025_14_MIA_NYJ,14,30,163,0,2,1,0,0,0,0,0,0,2025,Brady Cook,NYJ,4.52
4429435,2025_15_NYJ_JAX,22,33,176,1,3,6,39,0,0,0,0,0,2025,Brady Cook,NYJ,11.94
4429435,2025_16_NYJ_NO,22,35,188,0,1,1,2,0,0,0,0,0,2025,Brady Cook,NYJ,6.72
4429435,2025_17_NE_NYJ,19,33,152,0,1,2,1,0,0,0,0,0,2025,Brady Cook,NYJ,5.18
4429435,2025_18_NYJ_BUF,11,22,60,1,0,3,7,0,0,0,0,0,2025,Brady Cook,NYJ,7.1
4243176,2025_15_IND_SEA,0,0,0,0,0,0,0,0,0,1,0,0,2025,Brady Russell,SEA,0.0
4685247,2024_01_NYJ_SF,0,0,0,0,0,1,8,0,1,1,9,0,2024,Braelon Allen,NYJ,2.7
4685247,2024_02_NYJ_TEN,0,0,0,0,0,7,33,1,2,4,23,1,2024,Braelon Allen,NYJ,19.6
4685247,2024_03_NE_NYJ,0,0,0,0,0,11,55,0,3,3,13,0,2024,Braelon Allen,NYJ,9.8
4685247,2024_04_DEN_NYJ,0,0,0,0,0,8,34,0,1,1,12,0,2024,Braelon Allen,NYJ,5.6
4685247,2024_05_NYJ_MIN,0,0,0,0,0,5,13,0,1,2,15,0,2024,Braelon Allen,NYJ,3.8
4685247,2024_06_BUF_NYJ,0,0,0,0,0,3,8,0,0,2,0,0,2024,Braelon Allen,NYJ,0.8
4685247,2024_07_NYJ_PIT,0,0,0,0,0,2,4,0,1,1,2,0,2024,Braelon Allen,NYJ,1.6
4685247,2024_08_NYJ_NE,0,0,0,0,0,12,32,1,0,0,0,0,2024,Braelon Allen,NYJ,9.2
4685247,2024_09_HOU_NYJ,0,0,0,0,0,4,9,0,0,1,0,0,2024,Braelon Allen,NYJ,0.9
4685247,2024_10_NYJ_ARI,0,0,0,0,0,7,27,0,1,1,7,0,2024,Braelon Allen,NYJ,4.4
4685247,2024_13_SEA_NYJ,0,0,0,0,0,5,11,0,2,2,16,0,2024,Braelon Allen,NYJ,4.7
4685247,2024_14_NYJ_MIA,0,0,0,0,0,11,43,0,4,5,38,0,2024,Braelon Allen,NYJ,12.1
4685247,2024_16_LAR_NYJ,0,0,0,0,0,2,5,0,1,1,5,0,2024,Braelon Allen,NYJ,2.0
4685247,2024_17_NYJ_BUF,0,0,0,0,0,6,26,0,0,0,0,0,2024,Braelon Allen,NYJ,2.6
4685247,2024_18_MIA_NYJ,0,0,0,0,0,4,15,0,2,3,8,0,2024,Braelon Allen,NYJ,4.3
4685247,2025_01_PIT_NYJ,0,0,0,0,0,6,9,1,0,0,0,0,2025,Braelon Allen,NYJ,6.9
4685247,2025_02_BUF_NYJ,0,0,0,0,0,2,11,0,0,1,0,0,2025,Braelon Allen,NYJ,1.1
4685247,2025_03_NYJ_TB,0,0,0,0,0,6,30,0,2,2,17,0,2025,Braelon Allen,NYJ,6.7
4685247,2025_04_NYJ_MIA,0,0,0,0,0,4,26,0,0,0,0,0,2025,Braelon Allen,NYJ,2.6
16731,2024_01_DAL_CLE,0,0,0,0,0,1,5,0,4,7,40,1,2024,Brandin Cooks,DAL,14.5
16731,2024_02_NO_DAL,0,0,0,0,0,1,-3,0,2,2,19,0,2024,Brandin Cooks,DAL,3.6
16731,2024_03_BAL_DAL,0,0,0,0,0,0,0,0,2,6,16,0,2024,Brandin Cooks,DAL,3.6
16731,2024_04_DAL_NYG,0,0,0,0,0,0,0,0,1,4,16,0,2024,Brandin Cooks,DAL,2.6
16731,2024_13_NYG_DAL,0,0,0,0,0,0,0,0,3,7,16,1,2024,Brandin Cooks,DAL,10.6
16731,2024_14_CIN_DAL,0,0,0,0,0,0,0,0,1,3,3,1,2024,Brandin Cooks,DAL,7.3
16731,2024_15_DAL_CAR,0,0,0,0,0,0,0,0,3,5,34,0,2024,Brandin Cooks,DAL,6.4
16731,2024_16_TB_DAL,0,0,0,0,0,0,0,0,3,3,48,0,2024,Brandin Cooks,DAL,7.8
16731,2024_17_DAL_PHI,0,0,0,0,0,0,0,0,4,8,52,0,2024,Brandin Cooks,DAL,9.2
16731,2024_18_WSH_DAL,0,0,0,0,0,1,-5,0,3,9,15,0,2024,Brandin Cooks,DAL,4.0
16731,2025_01_ARI_NO,0,0,0,0,0,0,0,0,3,4,26,0,2025,Brandin Cooks,NO,5.6
16731,2025_02_SF_NO,0,0,0,0,0,0,0,0,2,2,26,0,2025,Brandin Cooks,NO,4.6
16731,2025_03_NO_SEA,0,0,0,0,0,0,0,0,3,5,24,0,2025,Brandin Cooks,NO,5.4
16731,2025_04_NO_BUF,0,0,0,0,0,0,0,0,3,4,22,0,2025,Brandin Cooks,NO,5.2
16731,2025_05_NYG_NO,0,0,0,0,0,0,0,0,1,1,5,0,2025,Brandin Cooks,NO,1.5
16731,2025_06_NE_NO,0,0,0,0,0,0,0,0,1,1,21,0,2025,Brandin Cooks,NO,3.1
16731,2025_07_NO_CHI,0,0,0,0,0,0,0,0,1,1,3,0,2025,Brandin Cooks,NO,1.3
16731,2025_08_TB_NO,0,0,0,0,0,0,0,0,3,4,22,0,2025,Brandin Cooks,NO,5.2
16731,2025_09_NO_LAR,0,0,0,0,0,0,0,0,2,3,16,0,2025,Brandin Cooks,NO,3.6
16731,2025_13_BUF_PIT,0,0,0,0,0,0,0,0,1,1,13,0,2025,Brandin Cooks,BUF,2.3
16731,2025_15_BUF_NE,0,0,0,0,0,0,0,0,0,3,0,0,2025,Brandin Cooks,BUF,0.0
16731,2025_16_BUF_CLE,0,0,0,0,0,0,0,0,0,1,0,0,2025,Brandin Cooks,BUF,0.0
16731,2025_17_PHI_BUF,0,0,0,0,0,0,0,0,4,6,101,0,2025,Brandin Cooks,BUF,14.1
4360438,2024_01_NYJ_SF,0,0,0,0,0,0,0,0,2,5,28,0,2024,Brandon Aiyuk,SF,4.8
4360438,2024_02_SF_MIN,0,0,0,0,0,0,0,0,4,5,43,0,2024,Brandon Aiyuk,SF,8.3
4360438,2024_03_SF_LAR,0,0,0,0,0,0,0,0,5,10,48,0,2024,Brandon Aiyuk,SF,9.8
4360438,2024_04_NE_SF,0,0,0,0,0,0,0,0,2,5,48,0,2024,Brandon Aiyuk,SF,6.8
4360438,2024_05_ARI_SF,0,0,0,0,0,0,0,0,8,12,147,0,2024,Brandon Aiyuk,SF,22.7
4360438,2024_06_SF_SEA,0,0,0,0,0,0,0,0,2,4,37,0,2024,Brandon Aiyuk,SF,5.7
4360438,2024_07_KC_SF,0,0,0,0,0,0,0,0,2,6,23,0,2024,Brandon Aiyuk,SF,4.3
2574511,2024_12_SF_GB,17,29,199,1,1,2,5,0,0,0,0,0,2024,Brandon Allen,SF,11.46
2574511,2025_18_TEN_JAX,17,30,72,0,1,0,0,0,0,0,0,0,2025,Brandon Allen,TEN,1.88
4035198,2024_05_DAL_PIT,0,0,0,0,0,0,0,0,1,1,9,0,2024,Brandon Johnson,PIT,1.9
3115255,2024_02_SF_MIN,0,0,0,0,0,0,0,0,2,2,16,0,2024,Brandon Powell,MIN,3.6
3115255,2024_03_HOU_MIN,0,0,0,0,0,0,0,0,1,2,13,0,2024,Brandon Powell,MIN,2.3
3115255,2024_04_MIN_GB,0,0,0,0,0,0,0,0,0,2,0,0,2024,Brandon Powell,MIN,0.0
3115255,2024_09_IND_MIN,0,0,0,0,0,0,0,0,1,1,9,0,2024,Brandon Powell,MIN,1.9
3115255,2024_11_MIN_TEN,0,0,0,0,0,0,0,0,1,1,13,0,2024,Brandon Powell,MIN,2.3
3115255,2024_13_ARI_MIN,0,0,0,0,0,0,0,0,1,1,8,0,2024,Brandon Powell,MIN,1.8
3115255,2024_15_CHI_MIN,0,0,0,0,0,0,0,0,1,1,12,0,2024,Brandon Powell,MIN,2.2
4596602,2025_02_PHI_KC,0,0,0,0,0,1,2,0,0,1,0,0,2025,Brashard Smith,KC,0.2
4596602,2025_03_KC_NYG,0,0,0,0,0,2,13,0,0,1,0,0,2025,Brashard Smith,KC,1.3
4596602,2025_04_BAL_KC,0,0,0,0,0,4,9,0,3,4,27,0,2025,Brashard Smith,KC,6.6
4596602,2025_05_KC_JAX,0,0,0,0,0,1,4,0,3,3,32,0,2025,Brashard Smith,KC,6.6
4596602,2025_06_DET_KC,0,0,0,0,0,0,0,0,3,4,21,0,2025,Brashard Smith,KC,5.1
4596602,2025_07_LV_KC,0,0,0,0,0,14,39,0,5,5,42,0,2025,Brashard Smith,KC,13.1
4596602,2025_08_WSH_KC,0,0,0,0,0,3,8,0,0,0,0,0,2025,Brashard Smith,KC,0.8
4596602,2025_09_KC_BUF,0,0,0,0,0,3,7,0,0,1,0,0,2025,Brashard Smith,KC,0.7
4596602,2025_11_KC_DEN,0,0,0,0,0,0,0,0,2,3,8,0,2025,Brashard Smith,KC,2.8
4596602,2025_12_IND_KC,0,0,0,0,0,1,5,0,3,4,31,0,2025,Brashard Smith,KC,6.6
4596602,2025_16_KC_TEN,0,0,0,0,0,0,0,0,1,1,4,0,2025,Brashard Smith,KC,1.4
4596602,2025_17_DEN_KC,0,0,0,0,0,0,0,0,3,4,5,1,2025,Brashard Smith,KC,9.5
4596602,2025_18_KC_LV,0,0,0,0,0,12,56,0,2,4,2,0,2025,Brashard Smith,KC,7.8
3123075,2024_01_JAX_MIA,0,0,0,0,0,0,0,0,0,2,0,0,2024,Braxton Berrios,MIA,0.0
3123075,2024_02_BUF_MIA,0,0,0,0,0,0,0,0,0,1,0,0,2024,Braxton Berrios,MIA,0.0
3123075,2024_03_MIA_SEA,0,0,0,0,0,0,0,0,0,1,0,0,2024,Braxton Berrios,MIA,0.0
3123075,2025_07_HOU_SEA,0,0,0,0,0,0,0,0,1,3,-1,0,2025,Braxton Berrios,HOU,0.9
3123075,2025_08_SF_HOU,0,0,0,0,0,0,0,0,5,5,38,0,2025,Braxton Berrios,HOU,8.8
4360290,2024_18_SF_ARI,0,0,0,0,0,0,0,0,0,2,0,0,2024,Brayden Willis,SF,0.0
4360290,2025_02_SF_NO,0,0,0,0,0,0,0,0,0,1,0,0,2025,Brayden Willis,SF,0.0
4427366,2024_01_NYJ_SF,0,0,0,0,0,16,54,1,5,6,39,0,2024,Breece Hall,NYJ,20.3
4427366,2024_02_NYJ_TEN,0,0,0,0,0,14,62,0,7,8,52,1,2024,Breece Hall,NYJ,24.4
4427366,2024_03_NE_NYJ,0,0,0,0,0,16,54,1,4,5,29,0,2024,Breece Hall,NYJ,18.3
4427366,2024_04_DEN_NYJ,0,0,0,0,0,10,4,0,2,5,14,0,2024,Breece Hall,NYJ,3.8
4427366,2024_05_NYJ_MIN,0,0,0,0,0,9,23,0,3,4,14,0,2024,Breece Hall,NYJ,6.7
4427366,2024_06_BUF_NYJ,0,0,0,0,0,18,113,0,5,6,56,0,2024,Breece Hall,NYJ,21.9
4427366,2024_07_NYJ_PIT,0,0,0,0,0,12,38,1,6,9,103,0,2024,Breece Hall,NYJ,26.1
4427366,2024_08_NYJ_NE,0,0,0,0,0,16,80,0,1,3,9,0,2024,Breece Hall,NYJ,9.9
4427366,2024_09_HOU_NYJ,0,0,0,0,0,15,74,0,2,4,11,0,2024,Breece Hall,NYJ,10.5
4427366,2024_10_NYJ_ARI,0,0,0,0,0,10,52,0,4,4,31,0,2024,Breece Hall,NYJ,12.3
4427366,2024_11_IND_NYJ,0,0,0,0,0,16,78,1,7,7,43,1,2024,Breece Hall,NYJ,31.1
4427366,2024_13_SEA_NYJ,0,0,0,0,0,12,60,0,0,1,0,0,2024,Breece Hall,NYJ,6.0
4427366,2024_15_NYJ_JAX,0,0,0,0,0,9,30,1,2,2,21,0,2024,Breece Hall,NYJ,13.1
4427366,2024_16_LAR_NYJ,0,0,0,0,0,14,52,0,5,6,38,0,2024,Breece Hall,NYJ,14.0
4427366,2024_17_NYJ_BUF,0,0,0,0,0,10,45,0,1,1,8,0,2024,Breece Hall,NYJ,6.3
4427366,2024_18_MIA_NYJ,0,0,0,0,0,12,57,0,3,5,15,1,2024,Breece Hall,NYJ,16.2
4427366,2025_01_PIT_NYJ,0,0,0,0,0,19,107,0,2,4,38,0,2025,Breece Hall,NYJ,16.5
4427366,2025_02_BUF_NYJ,0,0,0,0,0,10,29,0,2,3,9,0,2025,Breece Hall,NYJ,5.8
4427366,2025_03_NYJ_TB,0,0,0,0,0,9,21,0,4,6,31,0,2025,Breece Hall,NYJ,9.2
4427366,2025_04_NYJ_MIA,0,0,0,0,0,14,81,0,5,6,30,0,2025,Breece Hall,NYJ,16.1
4427366,2025_05_DAL_NYJ,0,0,0,0,0,14,113,0,4,5,42,0,2025,Breece Hall,NYJ,19.5
4427366,2025_06_DEN_NYJ,0,0,0,0,0,22,59,0,0,0,0,0,2025,Breece Hall,NYJ,5.9
4427366,2025_07_CAR_NYJ,0,0,0,0,0,11,38,0,2,3,14,0,2025,Breece Hall,NYJ,7.2
4427366,2025_08_NYJ_CIN,1,1,4,1,0,18,133,2,2,3,14,0,2025,Breece Hall,NYJ,32.86
4427366,2025_10_CLE_NYJ,0,0,0,0,0,21,83,0,1,1,42,1,2025,Breece Hall,NYJ,19.5
4427366,2025_11_NYJ_NE,0,0,0,0,0,14,58,0,2,2,6,0,2025,Breece Hall,NYJ,8.4
4427366,2025_12_NYJ_BAL,0,0,0,0,0,16,44,0,4,4,75,0,2025,Breece Hall,NYJ,15.9
4427366,2025_13_ATL_NYJ,0,0,0,0,0,19,68,1,2,2,8,0,2025,Breece Hall,NYJ,15.6
4427366,2025_14_MIA_NYJ,0,0,0,0,0,14,43,0,0,1,0,0,2025,Breece Hall,NYJ,4.3
4427366,2025_15_NYJ_JAX,0,0,0,0,0,12,23,0,2,2,14,0,2025,Breece Hall,NYJ,5.7
4427366,2025_16_NYJ_NO,0,0,0,0,0,16,54,0,2,3,9,0,2025,Breece Hall,NYJ,8.3
4427366,2025_17_NE_NYJ,0,0,0,0,0,14,111,1,2,3,18,0,2025,Breece Hall,NYJ,20.9
4362603,2024_18_CLE_BAL,0,0,0,0,0,0,0,0,0,1,0,0,2024,Brenden Bates,CLE,0.0
4362603,2025_05_HOU_BAL,0,0,0,0,0,0,0,0,2,2,23,0,2025,Brenden Bates,HOU,4.3
4362603,2025_16_BUF_CLE,0,0,0,0,0,0,0,0,0,1,0,0,2025,Brenden Bates,CLE,0.0
4362603,2025_17_PIT_CLE,0,0,0,0,0,0,0,0,1,1,19,0,2025,Brenden Bates,CLE,2.9
4362603,2025_18_CLE_CIN,0,0,0,0,0,0,0,0,1,1,6,0,2025,Brenden Bates,CLE,1.6
4430539,2024_02_CLE_JAX,0,0,0,0,0,0,0,0,3,6,65,0,2024,Brenton Strange,JAX,9.5
4430539,2024_03_JAX_BUF,0,0,0,0,0,0,0,0,2,5,12,1,2024,Brenton Strange,JAX,9.2
4430539,2024_04_JAX_HOU,0,0,0,0,0,0,0,0,3,3,19,0,2024,Brenton Strange,JAX,4.9
4430539,2024_05_IND_JAX,0,0,0,0,0,0,0,0,4,4,24,1,2024,Brenton Strange,JAX,12.4
4430539,2024_06_JAX_CHI,0,0,0,0,0,0,0,0,1,2,11,0,2024,Brenton Strange,JAX,2.1
4430539,2024_08_GB_JAX,0,0,0,0,0,0,0,0,5,5,59,0,2024,Brenton Strange,JAX,10.9
4430539,2024_10_MIN_JAX,0,0,0,0,0,0,0,0,2,3,25,0,2024,Brenton Strange,JAX,4.5
4430539,2024_11_JAX_DET,0,0,0,0,0,0,0,0,1,1,6,0,2024,Brenton Strange,JAX,1.6
4430539,2024_13_HOU_JAX,0,0,0,0,0,0,0,0,1,2,14,0,2024,Brenton Strange,JAX,2.4
4430539,2024_14_JAX_TEN,0,0,0,0,0,0,0,0,1,1,21,0,2024,Brenton Strange,JAX,3.1
4430539,2024_15_NYJ_JAX,0,0,0,0,0,0,0,0,11,12,73,0,2024,Brenton Strange,JAX,18.3
4430539,2024_16_JAX_LV,0,0,0,0,0,0,0,0,2,4,22,0,2024,Brenton Strange,JAX,4.2
4430539,2024_17_TEN_JAX,0,0,0,0,0,0,0,0,0,1,0,0,2024,Brenton Strange,JAX,0.0
4430539,2024_18_JAX_IND,0,0,0,0,0,0,0,0,4,4,60,0,2024,Brenton Strange,JAX,10.0
4430539,2025_01_CAR_JAX,0,0,0,0,0,0,0,0,4,4,59,0,2025,Brenton Strange,JAX,9.9
4430539,2025_02_JAX_CIN,0,0,0,0,0,0,0,0,3,5,17,0,2025,Brenton Strange,JAX,4.7
4430539,2025_03_HOU_JAX,0,0,0,0,0,0,0,0,6,7,61,0,2025,Brenton Strange,JAX,12.1
4430539,2025_04_JAX_SF,0,0,0,0,0,0,0,0,6,7,45,0,2025,Brenton Strange,JAX,10.5
4430539,2025_05_KC_JAX,0,0,0,0,0,0,0,0,1,1,22,0,2025,Brenton Strange,JAX,3.2
4430539,2025_12_JAX_ARI,0,0,0,0,0,0,0,0,5,5,93,0,2025,Brenton Strange,JAX,14.3
4430539,2025_13_JAX_TEN,0,0,0,0,0,0,0,0,3,4,45,1,2025,Brenton Strange,JAX,13.5
4430539,2025_14_IND_JAX,0,0,0,0,0,0,0,0,3,6,27,0,2025,Brenton Strange,JAX,5.7
4430539,2025_15_NYJ_JAX,0,0,0,0,0,0,0,0,1,3,26,0,2025,Brenton Strange,JAX,3.6
4430539,2025_16_JAX_DEN,0,0,0,0,0,0,0,0,5,7,39,1,2025,Brenton Strange,JAX,14.9
4430539,2025_17_JAX_IND,0,0,0,0,0,0,0,0,3,5,54,0,2025,Brenton Strange,JAX,8.4
4430539,2025_18_TEN_JAX,0,0,0,0,0,0,0,0,6,6,52,1,2025,Brenton Strange,JAX,17.2
4362504,2024_01_HOU_IND,0,0,0,0,0,0,0,0,1,2,3,0,2024,Brevin Jordan,HOU,1.3
4362504,2024_02_CHI_HOU,0,0,0,0,0,0,0,0,1,1,4,0,2024,Brevin Jordan,HOU,1.4
4360967,2024_02_NO_DAL,0,0,0,0,0,0,0,0,0,1,0,0,2024,Brevyn Spann-Ford,DAL,0.0
4360967,2024_05_DAL_PIT,0,0,0,0,0,0,0,0,2,3,20,0,2024,Brevyn Spann-Ford,DAL,4.0
4360967,2024_08_DAL_SF,0,0,0,0,0,0,0,0,0,2,0,0,2024,Brevyn Spann-Ford,DAL,0.0
4360967,2024_11_HOU_DAL,0,0,0,0,0,0,0,0,4,5,42,0,2024,Brevyn Spann-Ford,DAL,8.2
4360967,2024_12_DAL_WSH,0,0,0,0,0,0,0,0,2,2,24,0,2024,Brevyn Spann-Ford,DAL,4.4
4360967,2024_15_DAL_CAR,0,0,0,0,0,0,0,0,1,1,2,0,2024,Brevyn Spann-Ford,DAL,1.2
4360967,2025_01_DAL_PHI,0,0,0,0,0,0,0,0,0,1,0,0,2025,Brevyn Spann-Ford,DAL,0.0
4360967,2025_02_NYG_DAL,0,0,0,0,0,0,0,0,1,1,3,0,2025,Brevyn Spann-Ford,DAL,1.3
4360967,2025_06_DAL_CAR,0,0,0,0,0,0,0,0,1,1,2,0,2025,Brevyn Spann-Ford,DAL,1.2
4360967,2025_08_DAL_DEN,0,0,0,0,0,0,0,0,1,1,9,0,2025,Brevyn Spann-Ford,DAL,1.9
4360967,2025_11_DAL_LV,0,0,0,0,0,0,0,0,1,1,4,0,2025,Brevyn Spann-Ford,DAL,1.4
4360967,2025_12_PHI_DAL,0,0,0,0,0,0,0,0,1,1,4,1,2025,Brevyn Spann-Ford,DAL,7.4
4360967,2025_14_DAL_DET,0,0,0,0,0,0,0,0,1,1,7,0,2025,Brevyn Spann-Ford,DAL,1.7
4360967,2025_15_MIN_DAL,0,0,0,0,0,0,0,0,0,1,0,0,2025,Brevyn Spann-Ford,DAL,0.0
4360967,2025_17_DAL_WSH,0,0,0,0,0,0,0,0,1,2,31,0,2025,Brevyn Spann-Ford,DAL,4.1
4360967,2025_18_DAL_NYG,0,0,0,0,0,0,0,0,2,3,30,0,2025,Brevyn Spann-Ford,DAL,5.0
4241474,2024_01_WSH_TB,0,0,0,0,0,12,40,1,3,4,49,0,2024,Brian Robinson Jr.,WSH,17.9
4241474,2024_02_NYG_WSH,0,0,0,0,0,17,133,0,1,3,3,0,2024,Brian Robinson Jr.,WSH,14.6
4241474,2024_03_WSH_CIN,0,0,0,0,0,16,33,1,1,1,4,0,2024,Brian Robinson Jr.,WSH,10.7
4241474,2024_04_WSH_ARI,0,0,0,0,0,21,101,1,3,3,12,0,2024,Brian Robinson Jr.,WSH,20.3
4241474,2024_05_CLE_WSH,0,0,0,0,0,7,18,2,0,0,0,0,2024,Brian Robinson Jr.,WSH,13.8
4241474,2024_07_CAR_WSH,0,0,0,0,0,12,71,1,0,0,0,0,2024,Brian Robinson Jr.,WSH,13.1
4241474,2024_08_CHI_WSH,0,0,0,0,0,16,65,0,1,1,11,0,2024,Brian Robinson Jr.,WSH,8.6
4241474,2024_11_WSH_PHI,0,0,0,0,0,16,63,1,1,1,9,0,2024,Brian Robinson Jr.,WSH,14.2
4241474,2024_12_DAL_WSH,0,0,0,0,0,5,13,0,1,2,11,0,2024,Brian Robinson Jr.,WSH,3.4
4241474,2024_13_TEN_WSH,0,0,0,0,0,16,103,1,1,1,6,0,2024,Brian Robinson Jr.,WSH,17.9
4241474,2024_15_WSH_NO,0,0,0,0,0,21,65,0,3,3,22,0,2024,Brian Robinson Jr.,WSH,11.7
4241474,2024_16_PHI_WSH,0,0,0,0,0,10,24,0,2,3,17,0,2024,Brian Robinson Jr.,WSH,6.1
4241474,2024_17_ATL_WSH,0,0,0,0,0,13,60,0,2,2,9,0,2024,Brian Robinson Jr.,WSH,8.9
4241474,2024_18_WSH_DAL,0,0,0,0,0,5,10,0,1,1,6,0,2024,Brian Robinson Jr.,WSH,2.6
4241474,2025_01_SF_SEA,0,0,0,0,0,9,33,0,1,2,4,0,2025,Brian Robinson Jr.,SF,4.7
4241474,2025_02_SF_NO,0,0,0,0,0,6,20,0,1,1,-1,0,2025,Brian Robinson Jr.,SF,2.9
4241474,2025_04_JAX_SF,0,0,0,0,0,5,21,0,0,0,0,0,2025,Brian Robinson Jr.,SF,2.1
4241474,2025_05_SF_LAR,0,0,0,0,0,5,12,0,0,0,0,0,2025,Brian Robinson Jr.,SF,1.2
4241474,2025_06_SF_TB,0,0,0,0,0,0,0,0,3,3,8,0,2025,Brian Robinson Jr.,SF,3.8
4241474,2025_07_ATL_SF,0,0,0,0,0,9,36,0,0,0,0,0,2025,Brian Robinson Jr.,SF,3.6
4241474,2025_09_SF_NYG,0,0,0,0,0,5,53,1,0,0,0,0,2025,Brian Robinson Jr.,SF,11.3
4241474,2025_10_LAR_SF,0,0,0,0,0,8,41,1,1,1,4,0,2025,Brian Robinson Jr.,SF,11.5
4241474,2025_11_SF_ARI,0,0,0,0,0,8,24,0,0,1,0,0,2025,Brian Robinson Jr.,SF,2.4
4241474,2025_12_CAR_SF,0,0,0,0,0,7,40,0,1,2,4,0,2025,Brian Robinson Jr.,SF,5.4
4241474,2025_13_SF_CLE,0,0,0,0,0,8,26,0,0,0,0,0,2025,Brian Robinson Jr.,SF,2.6
4241474,2025_15_TEN_SF,0,0,0,0,0,9,21,0,0,0,0,0,2025,Brian Robinson Jr.,SF,2.1
4241474,2025_16_SF_IND,0,0,0,0,0,5,20,0,0,1,0,0,2025,Brian Robinson Jr.,SF,2.0
4241474,2025_17_CHI_SF,0,0,0,0,0,4,22,0,1,1,6,0,2025,Brian Robinson Jr.,SF,3.8
4432773,2024_01_JAX_MIA,0,0,0,0,0,0,0,0,4,4,47,1,2024,Brian Thomas Jr.,JAX,14.7
4432773,2024_02_CLE_JAX,0,0,0,0,0,0,0,0,2,4,94,0,2024,Brian Thomas Jr.,JAX,11.4
4432773,2024_03_JAX_BUF,0,0,0,0,0,0,0,0,5,9,48,0,2024,Brian Thomas Jr.,JAX,9.8
4432773,2024_04_JAX_HOU,0,0,0,0,0,1,13,0,6,9,86,1,2024,Brian Thomas Jr.,JAX,21.9
4432773,2024_05_IND_JAX,0,0,0,0,0,0,0,0,5,8,122,1,2024,Brian Thomas Jr.,JAX,23.2
4432773,2024_06_JAX_CHI,0,0,0,0,0,0,0,0,3,6,27,0,2024,Brian Thomas Jr.,JAX,5.7
4432773,2024_07_NE_JAX,0,0,0,0,0,2,2,0,5,5,89,1,2024,Brian Thomas Jr.,JAX,20.1
4432773,2024_08_GB_JAX,0,0,0,0,0,0,0,0,3,4,60,1,2024,Brian Thomas Jr.,JAX,15.0
4432773,2024_09_JAX_PHI,0,0,0,0,0,0,0,0,2,4,22,0,2024,Brian Thomas Jr.,JAX,4.2
4432773,2024_10_MIN_JAX,0,0,0,0,0,0,0,0,2,3,12,0,2024,Brian Thomas Jr.,JAX,3.2
4432773,2024_11_JAX_DET,0,0,0,0,0,1,4,0,5,7,82,0,2024,Brian Thomas Jr.,JAX,13.6
4432773,2024_13_HOU_JAX,0,0,0,0,0,1,11,0,4,10,76,1,2024,Brian Thomas Jr.,JAX,18.7
4432773,2024_14_JAX_TEN,0,0,0,0,0,0,0,0,8,12,86,0,2024,Brian Thomas Jr.,JAX,16.6
4432773,2024_15_NYJ_JAX,0,0,0,0,0,0,0,0,10,14,105,2,2024,Brian Thomas Jr.,JAX,32.5
4432773,2024_16_JAX_LV,0,0,0,0,0,0,0,0,9,13,132,1,2024,Brian Thomas Jr.,JAX,28.2
4432773,2024_17_TEN_JAX,0,0,0,0,0,1,18,0,7,10,91,1,2024,Brian Thomas Jr.,JAX,23.9
4432773,2024_18_JAX_IND,0,0,0,0,0,0,0,0,7,11,103,0,2024,Brian Thomas Jr.,JAX,17.3
4432773,2025_01_CAR_JAX,0,0,0,0,0,1,9,1,1,7,11,0,2025,Brian Thomas Jr.,JAX,9.0
4432773,2025_02_JAX_CIN,0,0,0,0,0,0,0,0,4,12,49,0,2025,Brian Thomas Jr.,JAX,8.9
4432773,2025_03_HOU_JAX,0,0,0,0,0,0,0,0,2,6,55,0,2025,Brian Thomas Jr.,JAX,7.5
4432773,2025_04_JAX_SF,0,0,0,0,0,1,7,0,5,7,49,0,2025,Brian Thomas Jr.,JAX,10.6
4432773,2025_05_KC_JAX,0,0,0,0,0,0,0,0,4,6,80,0,2025,Brian Thomas Jr.,JAX,12.0
4432773,2025_06_SEA_JAX,0,0,0,0,0,0,0,0,8,10,90,1,2025,Brian Thomas Jr.,JAX,23.0
4432773,2025_07_LAR_JAX,0,0,0,0,0,0,0,0,3,7,31,0,2025,Brian Thomas Jr.,JAX,6.1
4432773,2025_09_JAX_LV,0,0,0,0,0,0,0,0,3,5,55,0,2025,Brian Thomas Jr.,JAX,8.5
4432773,2025_13_JAX_TEN,0,0,0,0,0,0,0,0,2,3,28,0,2025,Brian Thomas Jr.,JAX,4.8
4432773,2025_14_IND_JAX,0,0,0,0,0,0,0,0,3,6,87,0,2025,Brian Thomas Jr.,JAX,11.7
4432773,2025_15_NYJ_JAX,0,0,0,0,0,1,5,0,4,7,66,1,2025,Brian Thomas Jr.,JAX,17.1
4432773,2025_16_JAX_DEN,0,0,0,0,0,0,0,0,2,3,18,0,2025,Brian Thomas Jr.,JAX,3.8
4432773,2025_17_JAX_IND,0,0,0,0,0,0,0,0,4,7,39,0,2025,Brian Thomas Jr.,JAX,7.9
4432773,2025_18_TEN_JAX,0,0,0,0,0,0,0,0,3,5,49,0,2025,Brian Thomas Jr.,JAX,7.9
3926231,2024_02_ATL_PHI,0,0,0,0,0,0,0,0,6,6,23,0,2024,Britain Covey,PHI,8.3
3926231,2024_03_PHI_NO,0,0,0,0,0,0,0,0,1,1,11,0,2024,Britain Covey,PHI,2.1
3926231,2024_13_PHI_BAL,0,0,0,0,0,0,0,0,0,1,0,0,2024,Britain Covey,PHI,0.0
3926231,2025_18_WSH_PHI,0,0,0,0,0,0,0,0,2,4,20,0,2025,Britain Covey,PHI,4.0
4373273,2025_18_IND_HOU,0,0,0,0,0,13,63,0,0,0,0,0,2025,British Brooks,HOU,6.3
4036032,2025_09_CHI_CIN,0,0,0,0,0,5,37,1,0,1,0,0,2025,Brittain Brown,CHI,9.7
4432665,2024_01_LV_LAC,0,0,0,0,0,0,0,0,6,8,58,0,2024,Brock Bowers,LV,11.8
4432665,2024_02_LV_BAL,0,0,0,0,0,0,0,0,9,9,98,0,2024,Brock Bowers,LV,18.8
4432665,2024_03_CAR_LV,0,0,0,0,0,0,0,0,3,4,41,0,2024,Brock Bowers,LV,7.1
4432665,2024_04_CLE_LV,0,0,0,0,0,1,12,0,2,3,19,0,2024,Brock Bowers,LV,5.1
4432665,2024_05_LV_DEN,0,0,0,0,0,0,0,0,8,12,97,1,2024,Brock Bowers,LV,23.7
4432665,2024_06_PIT_LV,0,0,0,0,0,0,0,0,9,10,71,0,2024,Brock Bowers,LV,16.1
4432665,2024_07_LV_LAR,0,0,0,0,0,0,0,0,10,14,93,0,2024,Brock Bowers,LV,19.3
4432665,2024_08_KC_LV,0,0,0,0,0,0,0,0,5,5,58,0,2024,Brock Bowers,LV,10.8
4432665,2024_09_LV_CIN,0,0,0,0,0,0,0,0,5,8,45,1,2024,Brock Bowers,LV,15.5
4432665,2024_11_LV_MIA,0,0,0,0,0,1,-3,0,13,16,126,1,2024,Brock Bowers,LV,31.3
4432665,2024_12_DEN_LV,0,0,0,0,0,0,0,0,4,10,38,0,2024,Brock Bowers,LV,7.8
4432665,2024_13_LV_KC,0,0,0,0,0,1,2,0,10,14,140,1,2024,Brock Bowers,LV,30.2
4432665,2024_14_LV_TB,0,0,0,0,0,1,3,0,3,5,49,0,2024,Brock Bowers,LV,8.2
4432665,2024_15_ATL_LV,0,0,0,0,0,0,0,0,3,6,35,0,2024,Brock Bowers,LV,6.5
4432665,2024_16_JAX_LV,0,0,0,0,0,0,0,0,11,13,99,0,2024,Brock Bowers,LV,20.9
4432665,2024_17_LV_NO,0,0,0,0,0,1,-1,0,7,7,77,0,2024,Brock Bowers,LV,14.6
4432665,2024_18_LAC_LV,0,0,0,0,0,0,0,0,4,9,50,1,2024,Brock Bowers,LV,15.0
4432665,2025_01_LV_NE,0,0,0,0,0,0,0,0,5,8,103,0,2025,Brock Bowers,LV,15.3
4432665,2025_02_LAC_LV,0,0,0,0,0,0,0,0,5,8,38,0,2025,Brock Bowers,LV,8.8
4432665,2025_03_LV_WSH,0,0,0,0,0,0,0,0,4,5,38,0,2025,Brock Bowers,LV,7.8
4432665,2025_04_CHI_LV,0,0,0,0,0,0,0,0,5,6,46,0,2025,Brock Bowers,LV,9.6
4432665,2025_09_JAX_LV,0,0,0,0,0,1,6,0,12,13,127,3,2025,Brock Bowers,LV,43.3
4432665,2025_10_LV_DEN,0,0,0,0,0,1,-4,0,1,3,31,0,2025,Brock Bowers,LV,3.7
4432665,2025_11_DAL_LV,0,0,0,0,0,0,0,0,7,12,72,0,2025,Brock Bowers,LV,14.2
4432665,2025_12_CLE_LV,0,0,0,0,0,0,0,0,6,9,55,0,2025,Brock Bowers,LV,11.5
4432665,2025_13_LV_LAC,0,0,0,0,0,0,0,0,4,4,63,2,2025,Brock Bowers,LV,22.3
4432665,2025_14_DEN_LV,0,0,0,0,0,0,0,0,4,5,46,1,2025,Brock Bowers,LV,14.6
4432665,2025_15_LV_PHI,0,0,0,0,0,0,0,0,6,8,28,0,2025,Brock Bowers,LV,8.8
4432665,2025_16_LV_HOU,0,0,0,0,0,0,0,0,5,5,33,1,2025,Brock Bowers,LV,14.3
4361741,2024_01_NYJ_SF,19,29,231,0,0,1,11,0,0,0,0,0,2024,Brock Purdy,SF,10.34
4361741,2024_02_SF_MIN,28,36,319,1,1,2,12,0,0,0,0,0,2024,Brock Purdy,SF,16.96
4361741,2024_03_SF_LAR,22,30,292,3,0,10,41,0,0,0,0,0,2024,Brock Purdy,SF,27.78
4361741,2024_04_NE_SF,15,27,288,1,1,5,11,0,0,0,0,0,2024,Brock Purdy,SF,15.62
4361741,2024_05_ARI_SF,19,35,244,1,2,4,33,0,0,0,0,0,2024,Brock Purdy,SF,15.06
4361741,2024_06_SF_SEA,18,28,255,3,0,4,19,0,0,0,0,0,2024,Brock Purdy,SF,24.1
4361741,2024_07_KC_SF,17,31,212,0,3,8,27,2,0,0,0,0,2024,Brock Purdy,SF,20.18
4361741,2024_08_DAL_SF,18,26,260,1,0,8,56,1,0,0,0,0,2024,Brock Purdy,SF,26.0
4361741,2024_10_SF_TB,25,36,353,2,0,4,17,0,0,0,0,0,2024,Brock Purdy,SF,23.82
4361741,2024_11_SEA_SF,21,28,159,1,1,5,40,1,0,0,0,0,2024,Brock Purdy,SF,19.36
4361741,2024_13_SF_BUF,11,18,94,0,0,2,4,0,0,0,0,0,2024,Brock Purdy,SF,4.16
4361741,2024_14_CHI_SF,20,25,325,2,0,5,11,0,0,0,0,0,2024,Brock Purdy,SF,22.1
4361741,2024_15_LAR_SF,14,31,142,0,1,1,3,0,0,0,0,0,2024,Brock Purdy,SF,4.98
4361741,2024_16_SF_MIA,26,40,313,2,1,4,26,0,0,0,0,0,2024,Brock Purdy,SF,22.12
4361741,2024_17_DET_SF,27,35,377,3,2,3,12,1,0,0,0,0,2024,Brock Purdy,SF,32.28
4361741,2025_01_SF_SEA,26,35,277,2,2,5,17,0,0,0,0,0,2025,Brock Purdy,SF,18.78
4361741,2025_04_JAX_SF,22,38,309,2,2,2,13,0,0,0,0,0,2025,Brock Purdy,SF,19.66
4361741,2025_11_SF_ARI,19,26,200,3,0,1,-7,0,0,0,0,0,2025,Brock Purdy,SF,19.3
4361741,2025_12_CAR_SF,23,32,193,1,3,6,16,0,0,0,0,0,2025,Brock Purdy,SF,10.32
4361741,2025_13_SF_CLE,16,29,168,1,0,2,4,1,0,0,0,0,2025,Brock Purdy,SF,17.12
4361741,2025_15_TEN_SF,23,30,295,3,0,7,44,0,0,0,0,0,2025,Brock Purdy,SF,28.2
4361741,2025_16_SF_IND,25,34,295,5,1,2,11,0,0,0,0,0,2025,Brock Purdy,SF,31.9
4361741,2025_17_CHI_SF,24,33,303,3,1,6,28,2,0,0,0,0,2025,Brock Purdy,SF,37.92
4361741,2025_18_SEA_SF,19,27,127,0,1,2,21,0,0,0,0,0,2025,Brock Purdy,SF,6.18
4242392,2024_01_LAR_DET,0,0,0,0,0,0,0,0,1,1,2,0,2024,Brock Wright,DET,1.2
4242392,2024_03_DET_ARI,0,0,0,0,0,0,0,0,4,5,34,0,2024,Brock Wright,DET,7.4
4242392,2024_04_SEA_DET,0,0,0,0,0,0,0,0,2,2,13,0,2024,Brock Wright,DET,3.3
4242392,2024_06_DET_DAL,0,0,0,0,0,0,0,0,0,1,0,0,2024,Brock Wright,DET,0.0
4242392,2024_08_TEN_DET,0,0,0,0,0,0,0,0,1,1,8,1,2024,Brock Wright,DET,7.8
4242392,2024_09_DET_GB,0,0,0,0,0,0,0,0,1,1,1,0,2024,Brock Wright,DET,1.1
4242392,2024_11_JAX_DET,0,0,0,0,0,0,0,0,1,1,5,1,2024,Brock Wright,DET,7.5
4242392,2024_12_DET_IND,0,0,0,0,0,0,0,0,2,2,24,0,2024,Brock Wright,DET,4.4
4242392,2024_13_CHI_DET,0,0,0,0,0,0,0,0,1,1,13,0,2024,Brock Wright,DET,2.3
4242392,2024_14_GB_DET,0,0,0,0,0,0,0,0,0,1,0,0,2024,Brock Wright,DET,0.0
4242392,2025_02_CHI_DET,0,0,0,0,0,0,0,0,3,3,28,1,2025,Brock Wright,DET,11.8
4242392,2025_05_DET_CIN,0,0,0,0,0,0,0,0,2,3,9,1,2025,Brock Wright,DET,8.9
4242392,2025_07_TB_DET,0,0,0,0,0,0,0,0,3,3,23,0,2025,Brock Wright,DET,5.3
4242392,2025_09_MIN_DET,0,0,0,0,0,0,0,0,1,1,11,0,2025,Brock Wright,DET,2.1
4242392,2025_10_DET_WSH,0,0,0,0,0,0,0,0,0,1,0,0,2025,Brock Wright,DET,0.0
4242392,2025_11_DET_PHI,0,0,0,0,0,0,0,0,2,7,8,0,2025,Brock Wright,DET,2.8
4242392,2025_12_NYG_DET,0,0,0,0,0,0,0,0,3,4,29,0,2025,Brock Wright,DET,5.9
4362617,2024_10_TEN_LAC,0,0,0,0,0,0,0,0,2,2,23,0,2024,Bryce Oliver,TEN,4.3
4362617,2024_11_MIN_TEN,0,0,0,0,0,0,0,0,1,1,33,0,2024,Bryce Oliver,TEN,4.3
4362617,2024_14_JAX_TEN,0,0,0,0,0,0,0,0,1,1,16,0,2024,Bryce Oliver,TEN,2.6
4362617,2024_15_CIN_TEN,0,0,0,0,0,0,0,0,1,2,8,0,2024,Bryce Oliver,TEN,1.8
4362617,2024_18_HOU_TEN,0,0,0,0,0,0,0,0,1,3,15,0,2024,Bryce Oliver,TEN,2.5
4362617,2025_01_TEN_DEN,0,0,0,0,0,0,0,0,1,1,8,0,2025,Bryce Oliver,TEN,1.8
4685720,2024_01_CAR_NO,13,30,161,0,2,4,12,1,0,0,0,0,2024,Bryce Young,CAR,11.64
4685720,2024_02_LAC_CAR,18,26,84,0,1,1,6,0,0,0,0,0,2024,Bryce Young,CAR,2.96
4685720,2024_05_CAR_CHI,4,7,58,0,0,1,8,0,0,0,0,0,2024,Bryce Young,CAR,3.12
4685720,2024_08_CAR_DEN,24,37,224,2,2,3,6,0,0,0,0,0,2024,Bryce Young,CAR,15.56
4685720,2024_09_NO_CAR,16,26,171,1,1,4,9,0,0,0,0,0,2024,Bryce Young,CAR,10.74
4685720,2024_10_NYG_CAR,15,25,126,1,0,2,30,0,0,0,0,0,2024,Bryce Young,CAR,12.04
4685720,2024_12_KC_CAR,21,35,263,1,0,3,20,0,0,0,0,0,2024,Bryce Young,CAR,16.52
4685720,2024_13_TB_CAR,26,46,298,1,0,3,17,1,0,0,0,0,2024,Bryce Young,CAR,23.62
4685720,2024_14_CAR_PHI,19,34,191,1,1,7,29,0,0,0,0,0,2024,Bryce Young,CAR,13.54
4685720,2024_15_DAL_CAR,19,28,219,1,2,3,12,1,0,0,0,0,2024,Bryce Young,CAR,17.96
4685720,2024_16_ARI_CAR,17,26,158,2,0,5,68,1,0,0,0,0,2024,Bryce Young,CAR,27.12
4685720,2024_17_CAR_TB,15,28,203,2,0,2,8,0,0,0,0,0,2024,Bryce Young,CAR,16.92
4685720,2024_18_CAR_ATL,25,34,251,3,0,5,24,2,0,0,0,0,2024,Bryce Young,CAR,36.44
4685720,2025_01_CAR_JAX,18,35,154,1,2,5,40,0,0,0,0,0,2025,Bryce Young,CAR,12.16
4685720,2025_02_CAR_ARI,35,55,328,3,1,2,2,0,0,0,0,0,2025,Bryce Young,CAR,24.32
4685720,2025_03_ATL_CAR,16,24,121,0,0,2,8,1,0,0,0,0,2025,Bryce Young,CAR,11.64
4685720,2025_04_CAR_NE,18,30,150,1,0,1,3,0,0,0,0,0,2025,Bryce Young,CAR,10.3
4685720,2025_05_MIA_CAR,19,30,198,2,1,3,1,0,0,0,0,0,2025,Bryce Young,CAR,15.02
4685720,2025_06_DAL_CAR,17,25,199,3,1,3,5,0,0,0,0,0,2025,Bryce Young,CAR,19.46
4685720,2025_07_CAR_NYJ,15,25,138,1,0,2,10,0,0,0,0,0,2025,Bryce Young,CAR,10.52
4685720,2025_09_CAR_GB,11,20,102,0,1,2,9,0,0,0,0,0,2025,Bryce Young,CAR,3.98
4685720,2025_10_NO_CAR,17,25,124,0,1,2,6,0,0,0,0,0,2025,Bryce Young,CAR,4.56
4685720,2025_11_CAR_ATL,31,45,448,3,0,1,-1,0,0,0,0,0,2025,Bryce Young,CAR,29.82
4685720,2025_12_CAR_SF,18,29,169,1,2,4,15,0,0,0,0,0,2025,Bryce Young,CAR,10.26
4685720,2025_13_LAR_CAR,15,20,206,3,0,5,23,0,0,0,0,0,2025,Bryce Young,CAR,22.54
4685720,2025_15_CAR_NO,15,24,163,1,0,7,49,0,0,0,0,0,2025,Bryce Young,CAR,15.42
4685720,2025_16_TB_CAR,21,32,191,2,0,4,20,0,0,0,0,0,2025,Bryce Young,CAR,17.64
4685720,2025_17_SEA_CAR,14,24,54,0,1,9,27,1,0,0,0,0,2025,Bryce Young,CAR,9.86
4685720,2025_18_CAR_TB,24,35,266,2,1,2,-1,0,0,0,0,0,2025,Bryce Young,CAR,17.54
4360763,2024_05_CLE_WSH,0,0,0,0,0,0,0,0,1,1,-2,0,2024,Brycen Tremayne,WSH,0.8
4360763,2025_02_CAR_ARI,0,0,0,0,0,0,0,0,3,5,48,0,2025,Brycen Tremayne,CAR,7.8
4360763,2025_03_ATL_CAR,0,0,0,0,0,0,0,0,2,2,15,0,2025,Brycen Tremayne,CAR,3.5
4360763,2025_04_CAR_NE,0,0,0,0,0,0,0,0,3,4,36,0,2025,Brycen Tremayne,CAR,6.6
4360763,2025_05_MIA_CAR,0,0,0,0,0,0,0,0,1,1,9,0,2025,Brycen Tremayne,CAR,1.9
4360763,2025_09_CAR_GB,0,0,0,0,0,0,0,0,1,1,8,0,2025,Brycen Tremayne,CAR,1.8
4360763,2025_11_CAR_ATL,0,0,0,0,0,0,0,0,2,2,17,0,2025,Brycen Tremayne,CAR,3.7
4360763,2025_17_SEA_CAR,0,0,0,0,0,0,0,0,0,1,0,0,2025,Brycen Tremayne,CAR,0.0
4360763,2025_18_CAR_TB,0,0,0,0,0,0,0,0,2,2,27,0,2025,Brycen Tremayne,CAR,4.7
4427985,2024_01_CAR_NO,0,0,0,0,0,0,0,0,0,1,0,0,2024,Bub Means,NO,0.0
4427985,2024_06_TB_NO,0,0,0,0,0,0,0,0,5,8,45,1,2024,Bub Means,NO,15.5
4427985,2024_07_DEN_NO,0,0,0,0,0,0,0,0,3,5,37,0,2024,Bub Means,NO,6.7
4427985,2024_08_NO_LAC,0,0,0,0,0,0,0,0,1,1,36,0,2024,Bub Means,NO,4.6
4596448,2024_01_WSH_TB,0,0,0,0,0,9,62,0,2,3,14,0,2024,Bucky Irving,TB,9.6
4596448,2024_02_TB_DET,0,0,0,0,0,7,22,0,0,0,0,0,2024,Bucky Irving,TB,2.2
4596448,2024_03_DEN_TB,0,0,0,0,0,9,70,0,3,3,14,0,2024,Bucky Irving,TB,11.4
4596448,2024_04_PHI_TB,0,0,0,0,0,10,49,1,1,2,6,0,2024,Bucky Irving,TB,12.5
4596448,2024_05_TB_ATL,0,0,0,0,0,9,44,0,2,2,12,0,2024,Bucky Irving,TB,7.6
4596448,2024_06_TB_NO,0,0,0,0,0,14,81,1,2,2,24,0,2024,Bucky Irving,TB,18.5
4596448,2024_07_BAL_TB,0,0,0,0,0,9,23,1,3,3,54,0,2024,Bucky Irving,TB,16.7
4596448,2024_08_ATL_TB,0,0,0,0,0,9,44,0,7,7,40,0,2024,Bucky Irving,TB,15.4
4596448,2024_09_TB_KC,0,0,0,0,0,7,24,0,3,3,10,0,2024,Bucky Irving,TB,6.4
4596448,2024_10_SF_TB,0,0,0,0,0,13,73,1,3,3,14,0,2024,Bucky Irving,TB,17.7
4596448,2024_12_TB_NYG,0,0,0,0,0,12,88,1,6,6,64,0,2024,Bucky Irving,TB,27.2
4596448,2024_13_TB_CAR,0,0,0,0,0,25,152,1,3,3,33,0,2024,Bucky Irving,TB,27.5
4596448,2024_14_LV_TB,0,0,0,0,0,4,3,0,1,1,15,0,2024,Bucky Irving,TB,2.8
4596448,2024_15_TB_LAC,0,0,0,0,0,15,117,0,2,2,-4,0,2024,Bucky Irving,TB,13.3
4596448,2024_16_TB_DAL,0,0,0,0,0,16,68,1,3,3,24,0,2024,Bucky Irving,TB,18.2
4596448,2024_17_CAR_TB,0,0,0,0,0,20,113,0,4,4,77,0,2024,Bucky Irving,TB,23.0
4596448,2024_18_NO_TB,0,0,0,0,0,19,89,1,2,5,-5,0,2024,Bucky Irving,TB,16.4
4596448,2025_01_TB_ATL,0,0,0,0,0,14,37,0,4,4,8,1,2025,Bucky Irving,TB,14.5
4596448,2025_02_TB_HOU,0,0,0,0,0,17,71,0,6,6,50,0,2025,Bucky Irving,TB,18.1
4596448,2025_03_NYJ_TB,0,0,0,0,0,25,66,0,4,4,33,0,2025,Bucky Irving,TB,13.9
4596448,2025_04_PHI_TB,0,0,0,0,0,15,63,0,5,5,102,1,2025,Bucky Irving,TB,27.5
4596448,2025_13_ARI_TB,0,0,0,0,0,17,61,1,2,2,20,0,2025,Bucky Irving,TB,16.1
4596448,2025_14_NO_TB,0,0,0,0,0,15,55,0,2,3,26,1,2025,Bucky Irving,TB,16.1
4596448,2025_15_ATL_TB,0,0,0,0,0,16,60,0,1,3,11,0,2025,Bucky Irving,TB,8.1
4596448,2025_16_TB_CAR,0,0,0,0,0,19,71,0,0,0,0,0,2025,Bucky Irving,TB,7.1
4596448,2025_17_TB_MIA,0,0,0,0,0,9,19,0,5,6,14,0,2025,Bucky Irving,TB,8.3
4596448,2025_18_CAR_TB,0,0,0,0,0,26,85,0,1,2,13,0,2025,Bucky Irving,TB,10.8
17474,2024_09_DAL_ATL,0,0,0,0,0,0,0,0,0,1,0,0,2024,C.J. Goodwin,DAL,0.0
4012556,2024_01_MIN_NYG,0,0,0,0,0,0,0,0,2,2,11,0,2024,C.J. Ham,MIN,3.1
4012556,2024_12_MIN_CHI,0,0,0,0,0,0,0,0,0,1,0,0,2024,C.J. Ham,MIN,0.0
4012556,2024_16_MIN_SEA,0,0,0,0,0,0,0,0,1,1,9,0,2024,C.J. Ham,MIN,1.9
4012556,2024_17_GB_MIN,0,0,0,0,0,0,0,0,2,2,15,0,2024,C.J. Ham,MIN,3.5
4012556,2025_07_PHI_MIN,0,0,0,0,0,0,0,0,1,1,5,0,2025,C.J. Ham,MIN,1.5
4012556,2025_18_GB_MIN,0,0,0,0,0,1,1,1,1,1,6,0,2025,C.J. Ham,MIN,7.7
4432577,2024_01_HOU_IND,24,32,234,2,0,4,13,0,0,0,0,0,2024,C.J. Stroud,HOU,18.66
4432577,2024_02_CHI_HOU,23,36,260,1,0,1,-1,0,0,0,0,0,2024,C.J. Stroud,HOU,14.3
4432577,2024_03_HOU_MIN,20,31,215,1,2,3,12,0,0,0,0,0,2024,C.J. Stroud,HOU,11.8
4432577,2024_04_JAX_HOU,27,40,345,2,0,3,17,0,0,0,0,0,2024,C.J. Stroud,HOU,23.5
4432577,2024_05_BUF_HOU,28,38,331,1,1,3,27,0,0,0,0,0,2024,C.J. Stroud,HOU,18.94
4432577,2024_06_HOU_NE,20,31,192,3,1,3,7,0,0,0,0,0,2024,C.J. Stroud,HOU,19.38
4432577,2024_07_HOU_GB,10,21,86,0,0,5,19,0,0,0,0,0,2024,C.J. Stroud,HOU,5.34
4432577,2024_08_IND_HOU,25,37,285,1,0,1,-10,0,0,0,0,0,2024,C.J. Stroud,HOU,14.4
4432577,2024_09_HOU_NYJ,11,30,191,0,0,8,59,0,0,1,0,0,2024,C.J. Stroud,HOU,13.54
4432577,2024_10_DET_HOU,19,33,232,1,2,1,5,0,0,0,0,0,2024,C.J. Stroud,HOU,11.78
4432577,2024_11_HOU_DAL,23,34,257,0,1,3,26,0,0,0,0,0,2024,C.J. Stroud,HOU,11.88
4432577,2024_12_TEN_HOU,20,33,247,2,2,3,18,0,0,0,0,0,2024,C.J. Stroud,HOU,17.68
4432577,2024_13_HOU_JAX,22,34,242,1,0,5,7,0,0,0,0,0,2024,C.J. Stroud,HOU,14.38
4432577,2024_15_MIA_HOU,18,26,131,2,0,6,4,0,0,0,0,0,2024,C.J. Stroud,HOU,13.64
4432577,2024_16_HOU_KC,23,39,244,2,2,2,23,0,0,0,0,0,2024,C.J. Stroud,HOU,18.06
4432577,2024_17_BAL_HOU,17,31,185,0,1,1,7,0,0,0,0,0,2024,C.J. Stroud,HOU,7.1
4432577,2024_18_HOU_TEN,6,6,50,1,0,0,0,0,0,0,0,0,2024,C.J. Stroud,HOU,6.0
4432577,2025_01_HOU_LAR,19,27,188,0,1,5,32,0,0,0,0,0,2025,C.J. Stroud,HOU,9.72
4432577,2025_02_TB_HOU,13,24,207,1,0,4,27,0,0,0,0,0,2025,C.J. Stroud,HOU,14.98
4432577,2025_03_HOU_JAX,25,38,204,1,2,4,22,0,0,0,0,0,2025,C.J. Stroud,HOU,12.36
4432577,2025_04_TEN_HOU,22,28,233,2,0,4,11,0,0,0,0,0,2025,C.J. Stroud,HOU,18.42
4432577,2025_05_HOU_BAL,23,27,244,4,0,1,30,0,0,0,0,0,2025,C.J. Stroud,HOU,28.76
4432577,2025_07_HOU_SEA,23,49,229,1,1,2,25,0,0,0,0,0,2025,C.J. Stroud,HOU,14.66
4432577,2025_08_SF_HOU,30,39,318,2,1,7,30,0,0,0,0,0,2025,C.J. Stroud,HOU,22.72
4432577,2025_09_DEN_HOU,6,10,79,0,0,2,12,0,0,0,0,0,2025,C.J. Stroud,HOU,4.36
4432577,2025_13_HOU_IND,22,35,276,0,1,1,0,0,0,0,0,0,2025,C.J. Stroud,HOU,10.04
4432577,2025_14_HOU_KC,15,31,203,1,0,2,5,0,0,0,0,0,2025,C.J. Stroud,HOU,12.62
4432577,2025_15_ARI_HOU,22,29,260,3,0,6,10,0,0,0,0,0,2025,C.J. Stroud,HOU,23.4
4432577,2025_16_LV_HOU,23,35,187,1,0,4,0,0,0,0,0,0,2025,C.J. Stroud,HOU,11.48
4432577,2025_17_HOU_LAC,16,28,244,2,2,4,0,0,0,0,0,0,2025,C.J. Stroud,HOU,15.76
4432577,2025_18_IND_HOU,14,23,169,1,0,2,5,1,0,0,0,0,2025,C.J. Stroud,HOU,17.26
4243331,2024_01_WSH_TB,0,0,0,0,0,0,0,0,1,2,5,0,2024,Cade Otton,TB,1.5
4243331,2024_02_TB_DET,0,0,0,0,0,1,-4,0,0,2,0,0,2024,Cade Otton,TB,-0.4
4243331,2024_03_DEN_TB,0,0,0,0,0,0,0,0,7,8,47,0,2024,Cade Otton,TB,11.7
4243331,2024_04_PHI_TB,0,0,0,0,0,0,0,0,6,9,52,0,2024,Cade Otton,TB,11.2
4243331,2024_05_TB_ATL,0,0,0,0,0,0,0,0,3,4,44,0,2024,Cade Otton,TB,7.4
4243331,2024_06_TB_NO,0,0,0,0,0,0,0,0,2,6,15,1,2024,Cade Otton,TB,9.5
4243331,2024_07_BAL_TB,0,0,0,0,0,0,0,0,8,10,100,0,2024,Cade Otton,TB,18.0
4243331,2024_08_ATL_TB,0,0,0,0,0,0,0,0,9,10,81,2,2024,Cade Otton,TB,29.1
4243331,2024_09_TB_KC,0,0,0,0,0,0,0,0,8,11,77,1,2024,Cade Otton,TB,21.7
4243331,2024_10_SF_TB,0,0,0,0,0,0,0,0,5,8,35,0,2024,Cade Otton,TB,8.5
4243331,2024_12_TB_NYG,0,0,0,0,0,0,0,0,1,3,30,0,2024,Cade Otton,TB,4.0
4243331,2024_13_TB_CAR,0,0,0,0,0,0,0,0,4,7,20,0,2024,Cade Otton,TB,6.0
4243331,2024_14_LV_TB,0,0,0,0,0,0,0,0,3,4,70,0,2024,Cade Otton,TB,10.0
4243331,2024_15_TB_LAC,0,0,0,0,0,0,0,0,2,3,24,0,2024,Cade Otton,TB,4.4
4243331,2025_01_TB_ATL,0,0,0,0,0,0,0,0,0,3,0,0,2025,Cade Otton,TB,0.0
4243331,2025_02_TB_HOU,0,0,0,0,0,0,0,0,3,4,25,0,2025,Cade Otton,TB,5.5
4243331,2025_04_PHI_TB,0,0,0,0,0,0,0,0,3,4,9,0,2025,Cade Otton,TB,3.9
4243331,2025_05_TB_SEA,0,0,0,0,0,0,0,0,4,5,81,0,2025,Cade Otton,TB,12.1
4243331,2025_06_SF_TB,0,0,0,0,0,0,0,0,5,6,51,0,2025,Cade Otton,TB,10.1
4243331,2025_07_TB_DET,0,0,0,0,0,0,0,0,7,9,65,0,2025,Cade Otton,TB,13.5
4243331,2025_08_TB_NO,0,0,0,0,0,0,0,0,4,5,40,0,2025,Cade Otton,TB,8.0
4243331,2025_10_NE_TB,0,0,0,0,0,0,0,0,9,12,82,0,2025,Cade Otton,TB,17.2
4243331,2025_11_TB_BUF,0,0,0,0,0,0,0,0,2,5,28,0,2025,Cade Otton,TB,4.8
4243331,2025_12_TB_LAR,0,0,0,0,0,0,0,0,4,7,21,0,2025,Cade Otton,TB,6.1
4243331,2025_13_ARI_TB,0,0,0,0,0,0,0,0,2,2,9,0,2025,Cade Otton,TB,2.9
4243331,2025_14_NO_TB,0,0,0,0,0,0,0,0,3,4,19,0,2025,Cade Otton,TB,4.9
4243331,2025_16_TB_CAR,0,0,0,0,0,0,0,0,2,2,15,0,2025,Cade Otton,TB,3.5
4243331,2025_17_TB_MIA,0,0,0,0,0,0,0,0,4,4,33,0,2025,Cade Otton,TB,7.3
4243331,2025_18_CAR_TB,0,0,0,0,0,0,0,0,7,9,94,1,2025,Cade Otton,TB,22.4
4426496,2024_02_CHI_HOU,0,0,0,0,0,0,0,0,1,1,18,0,2024,Cade Stover,HOU,2.8
4426496,2024_04_JAX_HOU,0,0,0,0,0,0,0,0,1,1,27,0,2024,Cade Stover,HOU,3.7
4426496,2024_05_BUF_HOU,0,0,0,0,0,0,0,0,2,2,6,0,2024,Cade Stover,HOU,2.6
4426496,2024_06_HOU_NE,0,0,0,0,0,0,0,0,0,1,0,0,2024,Cade Stover,HOU,0.0
4426496,2024_07_HOU_GB,0,0,0,0,0,0,0,0,1,1,15,0,2024,Cade Stover,HOU,2.5
4426496,2024_08_IND_HOU,0,0,0,0,0,0,0,0,2,3,19,0,2024,Cade Stover,HOU,3.9
4426496,2024_09_HOU_NYJ,0,0,0,0,0,0,0,0,0,2,0,0,2024,Cade Stover,HOU,0.0
4426496,2024_10_DET_HOU,0,0,0,0,0,0,0,0,1,2,2,0,2024,Cade Stover,HOU,1.2
4426496,2024_11_HOU_DAL,0,0,0,0,0,0,0,0,2,2,15,0,2024,Cade Stover,HOU,3.5
4426496,2024_12_TEN_HOU,0,0,0,0,0,0,0,0,3,4,26,1,2024,Cade Stover,HOU,11.6
4426496,2024_13_HOU_JAX,0,0,0,0,0,0,0,0,1,1,4,0,2024,Cade Stover,HOU,1.4
4426496,2024_17_BAL_HOU,0,0,0,0,0,0,0,0,1,1,1,0,2024,Cade Stover,HOU,1.1
4426496,2024_18_HOU_TEN,0,0,0,0,0,0,0,0,0,1,0,0,2024,Cade Stover,HOU,0.0
4426496,2025_01_HOU_LAR,0,0,0,0,0,0,0,0,4,4,22,0,2025,Cade Stover,HOU,6.2
4426496,2025_12_BUF_HOU,0,0,0,0,0,0,0,0,0,2,0,0,2025,Cade Stover,HOU,0.0
4426496,2025_13_HOU_IND,0,0,0,0,0,4,3,0,2,2,16,0,2025,Cade Stover,HOU,3.9
4426496,2025_15_ARI_HOU,0,0,0,0,0,0,0,0,3,3,22,0,2025,Cade Stover,HOU,5.2
4426496,2025_16_LV_HOU,0,0,0,0,0,0,0,0,2,3,7,0,2025,Cade Stover,HOU,2.7
4426496,2025_18_IND_HOU,0,0,0,0,0,0,0,0,1,2,9,0,2025,Cade Stover,HOU,1.9
4431611,2024_01_TEN_CHI,14,29,93,0,0,5,15,0,0,0,0,0,2024,Caleb Williams,CHI,5.22
4431611,2024_02_CHI_HOU,23,37,174,0,2,5,44,0,0,0,0,0,2024,Caleb Williams,CHI,9.36
4431611,2024_03_CHI_IND,33,52,363,2,2,1,8,0,0,0,0,0,2024,Caleb Williams,CHI,21.32
4431611,2024_04_LAR_CHI,17,23,157,1,0,5,12,0,0,0,0,0,2024,Caleb Williams,CHI,11.48
4431611,2024_05_CAR_CHI,20,29,304,2,0,5,34,0,0,0,0,0,2024,Caleb Williams,CHI,23.56
4431611,2024_06_JAX_CHI,23,29,226,4,1,4,56,0,0,0,0,0,2024,Caleb Williams,CHI,29.64
4431611,2024_08_CHI_WSH,10,24,131,0,0,9,47,0,0,0,0,0,2024,Caleb Williams,CHI,9.94
4431611,2024_09_CHI_ARI,22,41,217,0,0,4,5,0,0,0,0,0,2024,Caleb Williams,CHI,9.18
4431611,2024_10_NE_CHI,16,30,120,0,0,2,15,0,0,0,0,0,2024,Caleb Williams,CHI,6.3
4431611,2024_11_GB_CHI,23,31,231,0,0,9,70,0,0,0,0,0,2024,Caleb Williams,CHI,16.24
4431611,2024_12_MIN_CHI,32,47,340,2,0,6,33,0,0,0,0,0,2024,Caleb Williams,CHI,24.9
4431611,2024_13_CHI_DET,20,39,256,3,0,4,39,0,0,0,0,0,2024,Caleb Williams,CHI,26.14
4431611,2024_14_CHI_SF,17,23,134,2,0,4,27,0,0,0,0,0,2024,Caleb Williams,CHI,16.06
4431611,2024_15_CHI_MIN,18,31,191,1,0,4,3,0,0,0,0,0,2024,Caleb Williams,CHI,11.94
4431611,2024_16_DET_CHI,26,40,334,2,0,6,34,0,0,0,0,0,2024,Caleb Williams,CHI,24.76
4431611,2024_17_SEA_CHI,16,28,122,0,1,5,37,0,0,0,0,0,2024,Caleb Williams,CHI,7.58
4431611,2024_18_CHI_GB,21,29,148,1,0,3,10,0,0,0,0,0,2024,Caleb Williams,CHI,10.92
4431611,2025_01_MIN_CHI,21,35,210,1,0,6,58,1,0,0,0,0,2025,Caleb Williams,CHI,24.2
4431611,2025_02_CHI_DET,19,30,207,2,1,5,27,0,0,0,0,0,2025,Caleb Williams,CHI,17.98
4431611,2025_03_DAL_CHI,19,28,298,4,0,5,12,0,0,0,0,0,2025,Caleb Williams,CHI,29.12
4431611,2025_04_CHI_LV,22,37,212,1,1,8,13,0,0,0,0,0,2025,Caleb Williams,CHI,12.78
4431611,2025_06_CHI_WSH,17,29,252,1,0,4,3,1,0,0,0,0,2025,Caleb Williams,CHI,20.38
4431611,2025_07_NO_CHI,15,26,172,0,1,4,-2,0,0,0,0,0,2025,Caleb Williams,CHI,5.68
4431611,2025_08_CHI_BAL,25,38,285,0,1,3,24,0,0,0,0,0,2025,Caleb Williams,CHI,12.8
4431611,2025_09_CHI_CIN,20,34,280,3,0,5,53,0,2,2,22,1,2025,Caleb Williams,CHI,38.7
4431611,2025_10_NYG_CHI,20,36,220,1,0,8,63,1,0,0,0,0,2025,Caleb Williams,CHI,25.1
4431611,2025_11_CHI_MIN,16,32,193,0,0,4,26,0,0,0,0,0,2025,Caleb Williams,CHI,10.32
4431611,2025_12_PIT_CHI,19,35,239,3,0,4,21,0,0,0,0,0,2025,Caleb Williams,CHI,23.66
4431611,2025_13_CHI_PHI,17,36,154,1,1,5,13,0,0,0,0,0,2025,Caleb Williams,CHI,10.46
4431611,2025_14_CHI_GB,19,35,186,2,1,4,15,0,0,0,0,0,2025,Caleb Williams,CHI,15.94
4431611,2025_15_CLE_CHI,17,28,242,2,0,3,13,0,0,0,0,0,2025,Caleb Williams,CHI,18.98
4431611,2025_16_GB_CHI,19,34,250,2,0,3,30,0,0,0,0,0,2025,Caleb Williams,CHI,21.0
4431611,2025_17_CHI_SF,25,42,330,2,0,5,18,0,0,0,0,0,2025,Caleb Williams,CHI,23.0
4431611,2025_18_DET_CHI,20,33,212,2,1,1,1,0,0,0,0,0,2025,Caleb Williams,CHI,15.58
4243389,2024_01_PIT_ATL,0,0,0,0,0,0,0,0,1,2,7,0,2024,Calvin Austin III,PIT,1.7
4243389,2024_02_PIT_DEN,0,0,0,0,0,0,0,0,1,2,6,0,2024,Calvin Austin III,PIT,1.6
4243389,2024_03_LAC_PIT,0,0,0,0,0,0,0,0,4,5,95,1,2024,Calvin Austin III,PIT,19.5
4243389,2024_04_PIT_IND,0,0,0,0,0,0,0,0,1,1,17,0,2024,Calvin Austin III,PIT,2.7
4243389,2024_05_DAL_PIT,0,0,0,0,0,0,0,0,1,2,6,0,2024,Calvin Austin III,PIT,1.6
4243389,2024_06_PIT_LV,0,0,0,0,0,0,0,0,2,5,36,0,2024,Calvin Austin III,PIT,5.6
4243389,2024_07_NYJ_PIT,0,0,0,0,0,0,0,0,1,4,36,0,2024,Calvin Austin III,PIT,4.6
4243389,2024_08_NYG_PIT,0,0,0,0,0,0,0,0,3,4,54,1,2024,Calvin Austin III,PIT,14.4
4243389,2024_10_PIT_WSH,0,0,0,0,0,0,0,0,2,6,20,0,2024,Calvin Austin III,PIT,4.0
4243389,2024_11_BAL_PIT,0,0,0,0,0,0,0,0,1,2,-1,0,2024,Calvin Austin III,PIT,0.9
4243389,2024_12_PIT_CLE,0,0,0,0,0,0,0,0,3,3,78,1,2024,Calvin Austin III,PIT,16.8
4243389,2024_13_PIT_CIN,0,0,0,0,0,0,0,0,2,2,29,1,2024,Calvin Austin III,PIT,10.9
4243389,2024_14_CLE_PIT,0,0,0,0,0,0,0,0,1,4,4,0,2024,Calvin Austin III,PIT,1.4
4243389,2024_15_PIT_PHI,0,0,0,0,0,0,0,0,5,5,65,0,2024,Calvin Austin III,PIT,11.5
4243389,2024_16_PIT_BAL,0,0,0,0,0,0,0,0,4,5,65,0,2024,Calvin Austin III,PIT,10.5
4243389,2024_17_KC_PIT,0,0,0,0,0,0,0,0,4,5,31,0,2024,Calvin Austin III,PIT,7.1
4243389,2024_18_CIN_PIT,0,0,0,0,0,0,0,0,0,1,0,0,2024,Calvin Austin III,PIT,0.0
4243389,2025_01_PIT_NYJ,0,0,0,0,0,0,0,0,4,6,70,1,2025,Calvin Austin III,PIT,17.0
4243389,2025_02_SEA_PIT,0,0,0,0,0,0,0,0,1,4,22,0,2025,Calvin Austin III,PIT,3.2
4243389,2025_03_PIT_NE,0,0,0,0,0,0,0,0,3,5,34,1,2025,Calvin Austin III,PIT,12.4
4243389,2025_04_MIN_PIT,0,0,0,0,0,0,0,0,2,2,13,0,2025,Calvin Austin III,PIT,3.3
4243389,2025_08_GB_PIT,0,0,0,0,0,0,0,0,4,6,28,0,2025,Calvin Austin III,PIT,6.8
4243389,2025_09_IND_PIT,0,0,0,0,0,0,0,0,5,6,56,0,2025,Calvin Austin III,PIT,10.6
4243389,2025_10_PIT_LAC,0,0,0,0,0,0,0,0,2,7,14,0,2025,Calvin Austin III,PIT,3.4
4243389,2025_11_CIN_PIT,0,0,0,0,0,0,0,0,1,1,5,0,2025,Calvin Austin III,PIT,1.5
4243389,2025_12_PIT_CHI,0,0,0,0,0,0,0,0,4,5,36,0,2025,Calvin Austin III,PIT,7.6
4243389,2025_13_BUF_PIT,0,0,0,0,0,0,0,0,0,2,0,0,2025,Calvin Austin III,PIT,0.0
4243389,2025_14_PIT_BAL,0,0,0,0,0,0,0,0,1,2,31,0,2025,Calvin Austin III,PIT,4.1
4243389,2025_15_MIA_PIT,0,0,0,0,0,0,0,0,0,1,0,0,2025,Calvin Austin III,PIT,0.0
4243389,2025_16_PIT_DET,0,0,0,0,0,0,0,0,1,1,8,0,2025,Calvin Austin III,PIT,1.8
4243389,2025_18_BAL_PIT,0,0,0,0,0,0,0,0,3,7,55,1,2025,Calvin Austin III,PIT,14.5
3925357,2024_01_TEN_CHI,0,0,0,0,0,0,0,0,3,7,50,0,2024,Calvin Ridley,TEN,8.0
3925357,2024_02_NYJ_TEN,0,0,0,0,0,1,10,1,4,6,77,1,2024,Calvin Ridley,TEN,24.7
3925357,2024_03_GB_TEN,0,0,0,0,0,0,0,0,1,3,9,0,2024,Calvin Ridley,TEN,1.9
3925357,2024_04_TEN_MIA,0,0,0,0,0,1,10,0,1,3,5,0,2024,Calvin Ridley,TEN,2.5
3925357,2024_06_IND_TEN,0,0,0,0,0,1,9,0,0,8,0,0,2024,Calvin Ridley,TEN,0.9
3925357,2024_07_TEN_BUF,0,0,0,0,0,0,0,0,3,9,42,0,2024,Calvin Ridley,TEN,7.2
3925357,2024_08_TEN_DET,0,0,0,0,0,1,3,0,10,15,143,0,2024,Calvin Ridley,TEN,24.6
3925357,2024_09_NE_TEN,0,0,0,0,0,0,0,0,5,8,73,0,2024,Calvin Ridley,TEN,12.3
3925357,2024_10_TEN_LAC,0,0,0,0,0,0,0,0,5,9,84,2,2024,Calvin Ridley,TEN,25.4
3925357,2024_11_MIN_TEN,0,0,0,0,0,0,0,0,4,6,58,0,2024,Calvin Ridley,TEN,9.8
3925357,2024_12_TEN_HOU,0,0,0,0,0,0,0,0,5,6,93,0,2024,Calvin Ridley,TEN,14.3
3925357,2024_13_TEN_WSH,0,0,0,0,0,0,0,0,2,7,45,0,2024,Calvin Ridley,TEN,6.5
3925357,2024_14_JAX_TEN,0,0,0,0,0,0,0,0,7,12,59,0,2024,Calvin Ridley,TEN,12.9
3925357,2024_15_CIN_TEN,0,0,0,0,0,1,19,0,3,5,41,0,2024,Calvin Ridley,TEN,9.0
3925357,2024_16_TEN_IND,0,0,0,0,0,0,0,0,3,5,78,1,2024,Calvin Ridley,TEN,16.8
3925357,2024_17_TEN_JAX,0,0,0,0,0,1,7,0,5,6,84,0,2024,Calvin Ridley,TEN,14.1
3925357,2024_18_HOU_TEN,0,0,0,0,0,2,-3,0,3,5,76,0,2024,Calvin Ridley,TEN,10.3
3925357,2025_01_TEN_DEN,0,0,0,0,0,0,0,0,4,8,27,0,2025,Calvin Ridley,TEN,6.7
3925357,2025_02_LAR_TEN,0,0,0,0,0,0,0,0,3,6,57,0,2025,Calvin Ridley,TEN,8.7
3925357,2025_03_IND_TEN,0,0,0,0,0,0,0,0,1,7,27,0,2025,Calvin Ridley,TEN,3.7
3925357,2025_04_TEN_HOU,0,0,0,0,0,0,0,0,2,3,30,0,2025,Calvin Ridley,TEN,5.0
3925357,2025_05_TEN_ARI,0,0,0,0,0,0,0,0,5,10,131,0,2025,Calvin Ridley,TEN,18.1
3925357,2025_06_TEN_LV,0,0,0,0,0,0,0,0,1,1,18,0,2025,Calvin Ridley,TEN,2.8
3925357,2025_11_HOU_TEN,0,0,0,0,0,0,0,0,1,1,13,0,2025,Calvin Ridley,TEN,2.3
4240021,2024_02_CHI_HOU,0,0,0,0,0,7,32,0,1,1,3,0,2024,Cam Akers,HOU,4.5
4240021,2024_03_HOU_MIN,0,0,0,0,0,9,21,0,1,3,8,1,2024,Cam Akers,HOU,9.9
4240021,2024_04_JAX_HOU,0,0,0,0,0,13,53,0,0,0,0,0,2024,Cam Akers,HOU,5.3
4240021,2024_05_BUF_HOU,0,0,0,0,0,9,42,1,2,3,5,0,2024,Cam Akers,HOU,12.7
4240021,2024_09_IND_MIN,0,0,0,0,0,6,46,0,2,2,7,0,2024,Cam Akers,MIN,7.3
4240021,2024_10_MIN_JAX,0,0,0,0,0,13,38,0,1,1,9,0,2024,Cam Akers,MIN,5.7
4240021,2024_11_MIN_TEN,0,0,0,0,0,10,25,0,2,2,11,1,2024,Cam Akers,MIN,11.6
4240021,2024_12_MIN_CHI,0,0,0,0,0,3,19,0,1,1,6,0,2024,Cam Akers,MIN,3.5
4240021,2024_13_ARI_MIN,0,0,0,0,0,4,22,0,0,0,0,0,2024,Cam Akers,MIN,2.2
4240021,2024_14_ATL_MIN,0,0,0,0,0,5,37,0,0,0,0,0,2024,Cam Akers,MIN,3.7
4240021,2024_15_CHI_MIN,0,0,0,0,0,10,24,1,0,0,0,0,2024,Cam Akers,MIN,8.4
4240021,2024_17_GB_MIN,0,0,0,0,0,6,18,0,2,3,15,1,2024,Cam Akers,MIN,11.3
4240021,2024_18_MIN_DET,0,0,0,0,0,6,65,0,2,2,4,0,2024,Cam Akers,MIN,8.9
4240021,2025_03_CIN_MIN,0,0,0,0,0,5,19,0,0,1,0,0,2025,Cam Akers,MIN,1.9
4700712,2024_10_CIN_BAL,0,0,0,0,0,0,0,0,1,1,0,0,2024,Cam Grandy,CIN,1.0
4700712,2024_15_CIN_TEN,0,0,0,0,0,0,0,0,2,2,12,0,2024,Cam Grandy,CIN,3.2
4700712,2024_17_DEN_CIN,0,0,0,0,0,0,0,0,1,1,7,0,2024,Cam Grandy,CIN,1.7
4700712,2024_18_CIN_PIT,0,0,0,0,0,0,0,0,1,1,9,0,2024,Cam Grandy,CIN,1.9
4700712,2025_03_CIN_MIN,0,0,0,0,0,0,0,0,1,1,6,0,2025,Cam Grandy,CIN,1.6
4700712,2025_16_CIN_MIA,0,0,0,0,0,0,0,0,1,1,1,0,2025,Cam Grandy,CIN,1.1
4696981,2025_01_NYG_WSH,0,0,0,0,0,2,-3,0,2,2,12,0,2025,Cam Skattebo,NYG,2.9
4696981,2025_02_NYG_DAL,0,0,0,0,0,11,45,1,2,3,14,0,2025,Cam Skattebo,NYG,13.9
4696981,2025_03_KC_NYG,0,0,0,0,0,10,60,1,6,8,61,0,2025,Cam Skattebo,NYG,24.1
4696981,2025_04_LAC_NYG,0,0,0,0,0,25,79,0,2,2,11,0,2025,Cam Skattebo,NYG,11.0
4696981,2025_05_NYG_NO,0,0,0,0,0,15,59,0,6,7,45,0,2025,Cam Skattebo,NYG,16.4
4696981,2025_06_PHI_NYG,0,0,0,0,0,19,98,3,2,2,12,0,2025,Cam Skattebo,NYG,31.0
4696981,2025_07_NYG_DEN,0,0,0,0,0,16,60,0,3,6,34,1,2025,Cam Skattebo,NYG,18.4
4696981,2025_08_NYG_PHI,0,0,0,0,0,3,12,0,1,2,18,1,2025,Cam Skattebo,NYG,10.0
4688380,2025_01_TEN_DEN,12,28,112,0,0,0,0,0,0,0,0,0,2025,Cam Ward,TEN,4.48
4688380,2025_02_LAR_TEN,19,33,175,1,0,4,8,0,0,0,0,0,2025,Cam Ward,TEN,11.8
4688380,2025_03_IND_TEN,23,38,219,1,1,3,12,0,0,0,0,0,2025,Cam Ward,TEN,12.96
4688380,2025_04_TEN_HOU,10,26,108,0,1,2,22,0,0,0,0,0,2025,Cam Ward,TEN,5.52
4688380,2025_05_TEN_ARI,21,39,265,0,1,5,-6,0,0,0,0,0,2025,Cam Ward,TEN,9.0
4688380,2025_06_TEN_LV,26,38,222,1,1,0,0,0,0,0,0,0,2025,Cam Ward,TEN,11.88
4688380,2025_07_NE_TEN,25,34,255,1,1,0,0,0,0,0,0,0,2025,Cam Ward,TEN,13.2
4688380,2025_08_TEN_IND,22,38,259,1,1,2,4,0,0,0,0,0,2025,Cam Ward,TEN,13.76
4688380,2025_09_LAC_TEN,12,21,145,0,0,2,6,0,0,0,0,0,2025,Cam Ward,TEN,6.4
4688380,2025_11_HOU_TEN,24,37,194,1,0,3,33,0,0,0,0,0,2025,Cam Ward,TEN,15.06
4688380,2025_12_SEA_TEN,28,42,256,1,0,6,37,1,0,0,0,0,2025,Cam Ward,TEN,23.94
4688380,2025_13_JAX_TEN,24,38,141,0,0,1,7,0,0,0,0,0,2025,Cam Ward,TEN,6.34
4688380,2025_14_TEN_CLE,14,28,117,2,1,2,4,0,0,0,0,0,2025,Cam Ward,TEN,12.08
4688380,2025_15_TEN_SF,18,29,170,2,0,1,2,0,0,0,0,0,2025,Cam Ward,TEN,15.0
4688380,2025_16_KC_TEN,21,28,228,2,0,4,9,0,0,0,0,0,2025,Cam Ward,TEN,18.02
4688380,2025_17_NO_TEN,21,40,251,2,0,2,10,0,0,0,0,0,2025,Cam Ward,TEN,19.04
4688380,2025_18_TEN_JAX,3,3,52,0,0,2,11,1,0,0,0,0,2025,Cam Ward,TEN,9.18
4714365,2024_02_CIN_KC,0,0,0,0,0,7,24,0,0,0,0,0,2024,Carson Steele,KC,2.4
4714365,2024_03_KC_ATL,0,0,0,0,0,17,72,0,1,2,2,0,2024,Carson Steele,KC,8.4
4714365,2024_04_KC_LAC,0,0,0,0,0,2,6,0,1,3,0,0,2024,Carson Steele,KC,1.6
4714365,2024_05_NO_KC,0,0,0,0,0,5,12,0,0,0,0,0,2024,Carson Steele,KC,1.2
4714365,2024_07_KC_SF,0,0,0,0,0,6,17,0,0,0,0,0,2024,Carson Steele,KC,1.7
4714365,2024_08_KC_LV,0,0,0,0,0,2,6,0,1,1,8,0,2024,Carson Steele,KC,2.4
4714365,2024_09_TB_KC,0,0,0,0,0,3,9,0,0,0,0,0,2024,Carson Steele,KC,0.9
4714365,2024_11_KC_BUF,0,0,0,0,0,1,2,0,1,1,5,0,2024,Carson Steele,KC,1.7
4714365,2024_12_KC_CAR,0,0,0,0,0,1,4,0,1,2,9,0,2024,Carson Steele,KC,2.3
4714365,2024_18_KC_DEN,0,0,0,0,0,8,25,0,2,2,2,0,2024,Carson Steele,KC,4.7
2573079,2024_15_KC_CLE,2,2,20,0,0,3,0,0,0,0,0,0,2024,Carson Wentz,KC,0.8
2573079,2024_18_KC_DEN,10,17,98,0,0,0,0,0,0,0,0,0,2024,Carson Wentz,KC,3.92
2573079,2025_03_CIN_MIN,14,20,173,2,0,2,4,0,0,0,0,0,2025,Carson Wentz,MIN,15.32
2573079,2025_04_MIN_PIT,30,46,350,2,2,2,12,0,0,0,0,0,2025,Carson Wentz,MIN,21.2
2573079,2025_05_MIN_CLE,25,34,236,1,0,3,13,0,0,0,0,0,2025,Carson Wentz,MIN,14.74
2573079,2025_07_PHI_MIN,26,42,313,0,2,4,28,0,0,0,0,0,2025,Carson Wentz,MIN,13.32
2573079,2025_08_MIN_LAC,15,27,144,1,1,0,0,0,0,0,0,0,2025,Carson Wentz,MIN,8.76
5155825,2025_07_LV_KC,0,0,0,0,0,0,0,0,1,1,3,0,2025,Carter Runyon,LV,1.3
4428796,2024_07_SEA_ATL,0,0,0,0,0,0,0,0,1,1,14,0,2024,Casey Washington,ATL,2.4
4428796,2024_11_ATL_DEN,0,0,0,0,0,0,0,0,0,1,0,0,2024,Casey Washington,ATL,0.0
4428796,2025_01_TB_ATL,0,0,0,0,0,0,0,0,3,6,33,0,2025,Casey Washington,ATL,6.3
4428796,2025_04_WSH_ATL,0,0,0,0,0,0,0,0,1,3,19,0,2025,Casey Washington,ATL,2.9
4428796,2025_06_BUF_ATL,0,0,0,0,0,0,0,0,0,2,0,0,2025,Casey Washington,ATL,0.0
4428796,2025_07_ATL_SF,0,0,0,0,0,0,0,0,1,2,17,0,2025,Casey Washington,ATL,2.7
4428796,2025_08_MIA_ATL,0,0,0,0,0,0,0,0,1,1,25,0,2025,Casey Washington,ATL,3.5
4369863,2024_01_DAL_CLE,0,0,0,0,0,0,0,0,1,1,3,0,2024,Cedric Tillman,CLE,1.3
4369863,2024_02_CLE_JAX,0,0,0,0,0,0,0,0,1,2,2,0,2024,Cedric Tillman,CLE,1.2
4369863,2024_03_NYG_CLE,0,0,0,0,0,0,0,0,1,2,4,0,2024,Cedric Tillman,CLE,1.4
4369863,2024_07_CIN_CLE,0,0,0,0,0,0,0,0,8,12,81,0,2024,Cedric Tillman,CLE,16.1
4369863,2024_08_BAL_CLE,0,0,0,0,0,0,0,0,7,9,99,2,2024,Cedric Tillman,CLE,28.9
4369863,2024_09_LAC_CLE,0,0,0,0,0,0,0,0,6,11,75,1,2024,Cedric Tillman,CLE,19.5
4369863,2024_11_CLE_NO,0,0,0,0,0,0,0,0,3,8,47,0,2024,Cedric Tillman,CLE,7.7
4369863,2024_12_PIT_CLE,0,0,0,0,0,0,0,0,2,4,28,0,2024,Cedric Tillman,CLE,4.8
4369863,2025_01_CIN_CLE,0,0,0,0,0,0,0,0,5,8,52,1,2025,Cedric Tillman,CLE,16.2
4369863,2025_02_CLE_BAL,0,0,0,0,0,0,0,0,2,7,22,1,2025,Cedric Tillman,CLE,10.2
4369863,2025_03_GB_CLE,0,0,0,0,0,0,0,0,3,3,26,0,2025,Cedric Tillman,CLE,5.6
4369863,2025_04_CLE_DET,0,0,0,0,0,0,0,0,1,2,6,0,2025,Cedric Tillman,CLE,1.6
4369863,2025_10_CLE_NYJ,0,0,0,0,0,0,0,0,2,4,11,0,2025,Cedric Tillman,CLE,3.1
4369863,2025_11_BAL_CLE,0,0,0,0,0,0,0,0,3,4,52,0,2025,Cedric Tillman,CLE,8.2
4369863,2025_12_CLE_LV,0,0,0,0,0,0,0,0,1,3,5,0,2025,Cedric Tillman,CLE,1.5
4369863,2025_13_SF_CLE,0,0,0,0,0,0,0,0,0,1,0,0,2025,Cedric Tillman,CLE,0.0
4369863,2025_14_TEN_CLE,0,0,0,0,0,0,0,0,1,3,23,0,2025,Cedric Tillman,CLE,3.3
4369863,2025_16_BUF_CLE,0,0,0,0,0,0,0,0,1,1,8,0,2025,Cedric Tillman,CLE,1.8
4369863,2025_17_PIT_CLE,0,0,0,0,0,0,0,0,1,1,42,0,2025,Cedric Tillman,CLE,5.2
4369863,2025_18_CLE_CIN,0,0,0,0,0,0,0,0,1,2,23,0,2025,Cedric Tillman,CLE,3.3
4036335,2024_03_PHI_NO,0,0,0,0,0,0,0,0,1,1,3,0,2024,Cedrick Wilson Jr.,NO,1.3
4036335,2024_06_TB_NO,0,0,0,0,0,0,0,0,2,3,28,0,2024,Cedrick Wilson Jr.,NO,4.8
4036335,2024_07_DEN_NO,0,0,0,0,0,0,0,0,6,7,57,1,2024,Cedrick Wilson Jr.,NO,17.7
4036335,2024_09_NO_CAR,0,0,0,0,0,0,0,0,2,3,34,0,2024,Cedrick Wilson Jr.,NO,5.4
4036335,2024_13_LAR_NO,0,0,0,0,0,0,0,0,1,1,19,0,2024,Cedrick Wilson Jr.,NO,2.9
4036335,2024_14_NO_NYG,0,0,0,0,0,0,0,0,1,1,18,0,2024,Cedrick Wilson Jr.,NO,2.8
4036335,2024_15_WSH_NO,1,1,21,1,0,0,0,0,0,1,0,0,2024,Cedrick Wilson Jr.,NO,4.84
4036335,2024_16_NO_GB,0,0,0,0,0,0,0,0,1,1,13,0,2024,Cedrick Wilson Jr.,NO,2.3
4036335,2024_17_LV_NO,0,0,0,0,0,0,0,0,3,4,17,0,2024,Cedrick Wilson Jr.,NO,4.7
4036335,2024_18_NO_TB,0,0,0,0,0,0,0,0,3,5,22,0,2024,Cedrick Wilson Jr.,NO,5.2
4036335,2025_08_MIA_ATL,0,0,0,0,0,0,0,0,1,1,2,0,2025,Cedrick Wilson Jr.,MIA,1.2
4036335,2025_09_BAL_MIA,0,0,0,0,0,0,0,0,1,1,7,0,2025,Cedrick Wilson Jr.,MIA,1.7
4036335,2025_13_NO_MIA,0,0,0,0,0,0,0,0,1,2,16,0,2025,Cedrick Wilson Jr.,MIA,2.6
4036335,2025_16_CIN_MIA,0,0,0,0,0,0,0,0,1,1,11,0,2025,Cedrick Wilson Jr.,MIA,2.1
4036335,2025_17_TB_MIA,0,0,0,0,0,0,0,0,1,2,8,0,2025,Cedrick Wilson Jr.,MIA,1.8
4036335,2025_18_MIA_NE,0,0,0,0,0,0,0,0,0,2,0,0,2025,Cedrick Wilson Jr.,MIA,0.0
4241389,2024_01_DAL_CLE,0,0,0,0,0,3,25,0,5,10,61,0,2024,CeeDee Lamb,DAL,13.6
4241389,2024_02_NO_DAL,0,0,0,0,0,0,0,0,4,7,90,1,2024,CeeDee Lamb,DAL,19.0
4241389,2024_03_BAL_DAL,0,0,0,0,0,0,0,0,4,7,67,0,2024,CeeDee Lamb,DAL,10.7
4241389,2024_04_DAL_NYG,0,0,0,0,0,3,8,0,7,8,98,1,2024,CeeDee Lamb,DAL,23.6
4241389,2024_05_DAL_PIT,0,0,0,0,0,1,2,0,5,9,62,0,2024,CeeDee Lamb,DAL,11.4
4241389,2024_06_DET_DAL,0,0,0,0,0,1,2,0,7,14,89,0,2024,CeeDee Lamb,DAL,16.1
4241389,2024_08_DAL_SF,0,0,0,0,0,0,0,0,13,17,146,2,2024,CeeDee Lamb,DAL,39.6
4241389,2024_09_DAL_ATL,0,0,0,0,0,2,15,0,8,12,47,0,2024,CeeDee Lamb,DAL,14.2
4241389,2024_10_PHI_DAL,0,0,0,0,0,1,3,0,6,10,21,0,2024,CeeDee Lamb,DAL,8.4
4241389,2024_11_HOU_DAL,0,0,0,0,0,1,13,0,8,12,93,0,2024,CeeDee Lamb,DAL,18.6
4241389,2024_12_DAL_WSH,0,0,0,0,0,1,1,0,10,12,67,0,2024,CeeDee Lamb,DAL,16.8
4241389,2024_13_NYG_DAL,0,0,0,0,0,0,0,0,2,6,39,0,2024,CeeDee Lamb,DAL,5.9
4241389,2024_14_CIN_DAL,0,0,0,0,0,1,1,0,6,7,93,1,2024,CeeDee Lamb,DAL,21.4
4241389,2024_15_DAL_CAR,0,0,0,0,0,0,0,0,9,13,116,1,2024,CeeDee Lamb,DAL,26.6
4241389,2024_16_TB_DAL,0,0,0,0,0,0,0,0,7,8,105,0,2024,CeeDee Lamb,DAL,17.5
4241389,2025_01_DAL_PHI,0,0,0,0,0,0,0,0,7,13,110,0,2025,CeeDee Lamb,DAL,18.0
4241389,2025_02_NYG_DAL,0,0,0,0,0,0,0,0,9,11,112,0,2025,CeeDee Lamb,DAL,20.2
4241389,2025_07_WSH_DAL,0,0,0,0,0,0,0,0,5,8,110,1,2025,CeeDee Lamb,DAL,22.0
4241389,2025_08_DAL_DEN,0,0,0,0,0,1,2,0,7,10,74,0,2025,CeeDee Lamb,DAL,14.6
4241389,2025_09_ARI_DAL,0,0,0,0,0,0,0,0,7,12,85,0,2025,CeeDee Lamb,DAL,15.5
4241389,2025_11_DAL_LV,0,0,0,0,0,0,0,0,5,7,66,1,2025,CeeDee Lamb,DAL,17.6
4241389,2025_12_PHI_DAL,0,0,0,0,0,0,0,0,4,11,75,0,2025,CeeDee Lamb,DAL,11.5
4241389,2025_13_KC_DAL,0,0,0,0,0,0,0,0,7,9,112,1,2025,CeeDee Lamb,DAL,24.2
4241389,2025_14_DAL_DET,0,0,0,0,0,0,0,0,6,8,121,0,2025,CeeDee Lamb,DAL,18.1
4241389,2025_15_MIN_DAL,0,0,0,0,0,0,0,0,6,10,111,0,2025,CeeDee Lamb,DAL,17.1
4241389,2025_16_LAC_DAL,0,0,0,0,0,0,0,0,6,7,51,0,2025,CeeDee Lamb,DAL,11.1
4241389,2025_17_DAL_WSH,0,0,0,0,0,0,0,0,5,10,46,0,2025,CeeDee Lamb,DAL,9.6
4241389,2025_18_DAL_NYG,0,0,0,0,0,0,0,0,1,1,4,0,2025,CeeDee Lamb,DAL,1.4
4257188,2024_01_NE_CIN,0,0,0,0,0,0,0,0,1,1,5,0,2024,Charlie Jones,CIN,1.5
4257188,2025_12_NE_CIN,0,0,0,0,0,0,0,0,0,1,0,0,2025,Charlie Jones,CIN,0.0
4241263,2024_02_LV_BAL,0,0,0,0,0,0,0,0,1,1,4,0,2024,Charlie Kolar,BAL,1.4
4241263,2024_03_BAL_DAL,0,0,0,0,0,0,0,0,1,1,30,0,2024,Charlie Kolar,BAL,4.0
4241263,2024_05_BAL_CIN,0,0,0,0,0,1,2,0,3,4,64,1,2024,Charlie Kolar,BAL,15.6
4241263,2024_07_BAL_TB,0,0,0,0,0,0,0,0,1,1,14,0,2024,Charlie Kolar,BAL,2.4
4241263,2024_08_BAL_CLE,0,0,0,0,0,0,0,0,1,2,9,0,2024,Charlie Kolar,BAL,1.9
4241263,2024_10_CIN_BAL,0,0,0,0,0,0,0,0,1,1,4,0,2024,Charlie Kolar,BAL,1.4
4241263,2024_12_BAL_LAC,0,0,0,0,0,0,0,0,1,1,6,0,2024,Charlie Kolar,BAL,1.6
4241263,2025_03_DET_BAL,0,0,0,0,0,0,0,0,2,3,22,0,2025,Charlie Kolar,BAL,4.2
4241263,2025_05_HOU_BAL,0,0,0,0,0,0,0,0,1,1,10,0,2025,Charlie Kolar,BAL,2.0
4241263,2025_06_LAR_BAL,0,0,0,0,0,0,0,0,0,1,0,0,2025,Charlie Kolar,BAL,0.0
4241263,2025_08_CHI_BAL,0,0,0,0,0,0,0,0,1,1,10,1,2025,Charlie Kolar,BAL,8.0
4241263,2025_09_BAL_MIA,0,0,0,0,0,0,0,0,2,2,23,1,2025,Charlie Kolar,BAL,10.3
4241263,2025_10_BAL_MIN,0,0,0,0,0,0,0,0,1,2,23,0,2025,Charlie Kolar,BAL,3.3
4241263,2025_11_BAL_CLE,0,0,0,0,0,0,0,0,0,1,0,0,2025,Charlie Kolar,BAL,0.0
4241263,2025_13_CIN_BAL,0,0,0,0,0,0,0,0,1,1,17,0,2025,Charlie Kolar,BAL,2.7
4241263,2025_14_PIT_BAL,0,0,0,0,0,0,0,0,1,1,19,0,2025,Charlie Kolar,BAL,2.9
4241263,2025_16_NE_BAL,0,0,0,0,0,0,0,0,1,1,18,0,2025,Charlie Kolar,BAL,2.8
4241263,2025_17_BAL_GB,0,0,0,0,0,0,0,0,0,1,0,0,2025,Charlie Kolar,BAL,0.0
4035020,2024_01_PIT_ATL,0,0,0,0,0,0,0,0,1,2,4,0,2024,Charlie Woerner,ATL,1.4
4035020,2024_08_ATL_TB,0,0,0,0,0,0,0,0,1,1,13,0,2024,Charlie Woerner,ATL,2.3
4035020,2024_10_ATL_NO,0,0,0,0,0,0,0,0,0,1,0,0,2024,Charlie Woerner,ATL,0.0
4035020,2024_13_LAC_ATL,0,0,0,0,0,0,0,0,1,1,5,0,2024,Charlie Woerner,ATL,1.5
4035020,2024_14_ATL_MIN,0,0,0,0,0,0,0,0,1,1,11,0,2024,Charlie Woerner,ATL,2.1
4035020,2024_15_ATL_LV,0,0,0,0,0,0,0,0,2,3,7,0,2024,Charlie Woerner,ATL,2.7
4035020,2024_16_NYG_ATL,0,0,0,0,0,0,0,0,0,2,0,0,2024,Charlie Woerner,ATL,0.0
4035020,2024_17_ATL_WSH,0,0,0,0,0,0,0,0,1,1,6,0,2024,Charlie Woerner,ATL,1.6
4035020,2025_03_ATL_CAR,0,0,0,0,0,0,0,0,1,1,-5,0,2025,Charlie Woerner,ATL,0.5
4035020,2025_07_ATL_SF,0,0,0,0,0,0,0,0,0,1,0,0,2025,Charlie Woerner,ATL,0.0
4035020,2025_10_ATL_IND,0,0,0,0,0,0,0,0,1,1,14,0,2025,Charlie Woerner,ATL,2.4
4035020,2025_12_ATL_NO,0,0,0,0,0,0,0,0,3,3,24,0,2025,Charlie Woerner,ATL,5.4
4035020,2025_15_ATL_TB,0,0,0,0,0,0,0,0,2,2,12,0,2025,Charlie Woerner,ATL,3.2
4035020,2025_16_ATL_ARI,0,0,0,0,0,0,0,0,1,1,3,0,2025,Charlie Woerner,ATL,1.3
4362238,2024_01_NE_CIN,0,0,0,0,0,3,11,0,3,3,12,0,2024,Chase Brown,CIN,5.3
4362238,2024_02_CIN_KC,0,0,0,0,0,4,31,0,0,0,0,0,2024,Chase Brown,CIN,3.1
4362238,2024_03_WSH_CIN,0,0,0,0,0,7,62,0,2,3,7,0,2024,Chase Brown,CIN,8.9
4362238,2024_04_CIN_CAR,0,0,0,0,0,15,80,2,2,3,12,0,2024,Chase Brown,CIN,23.2
4362238,2024_05_BAL_CIN,0,0,0,0,0,12,46,0,3,3,8,1,2024,Chase Brown,CIN,14.4
4362238,2024_06_CIN_NYG,0,0,0,0,0,10,53,1,2,3,11,0,2024,Chase Brown,CIN,14.4
4362238,2024_07_CIN_CLE,0,0,0,0,0,15,44,0,2,2,9,0,2024,Chase Brown,CIN,7.3
4362238,2024_08_PHI_CIN,0,0,0,0,0,12,32,1,2,4,2,0,2024,Chase Brown,CIN,11.4
4362238,2024_09_LV_CIN,0,0,0,0,0,27,120,0,5,5,37,1,2024,Chase Brown,CIN,26.7
4362238,2024_10_CIN_BAL,0,0,0,0,0,13,42,1,9,11,52,0,2024,Chase Brown,CIN,24.4
4362238,2024_11_CIN_LAC,0,0,0,0,0,22,86,0,5,7,57,0,2024,Chase Brown,CIN,19.3
4362238,2024_13_PIT_CIN,0,0,0,0,0,12,70,1,3,3,30,0,2024,Chase Brown,CIN,19.0
4362238,2024_14_CIN_DAL,0,0,0,0,0,14,58,0,6,8,65,1,2024,Chase Brown,CIN,24.3
4362238,2024_15_CIN_TEN,0,0,0,0,0,25,97,1,3,3,16,1,2024,Chase Brown,CIN,26.3
4362238,2024_16_CLE_CIN,0,0,0,0,0,18,91,0,3,3,18,0,2024,Chase Brown,CIN,13.9
4362238,2024_17_DEN_CIN,0,0,0,0,0,20,67,0,4,4,24,0,2024,Chase Brown,CIN,13.1
4362238,2025_01_CIN_CLE,0,0,0,0,0,21,43,1,2,3,8,0,2025,Chase Brown,CIN,13.1
4362238,2025_02_JAX_CIN,0,0,0,0,0,16,47,0,2,3,18,0,2025,Chase Brown,CIN,8.5
4362238,2025_03_CIN_MIN,0,0,0,0,0,10,3,0,4,5,17,0,2025,Chase Brown,CIN,6.0
4362238,2025_04_CIN_DEN,0,0,0,0,0,10,40,0,3,3,31,0,2025,Chase Brown,CIN,10.1
4362238,2025_05_DET_CIN,0,0,0,0,0,8,27,0,7,8,21,0,2025,Chase Brown,CIN,11.8
4362238,2025_06_CIN_GB,0,0,0,0,0,9,42,0,2,2,7,0,2025,Chase Brown,CIN,6.9
4362238,2025_07_PIT_CIN,0,0,0,0,0,11,108,0,2,4,-8,0,2025,Chase Brown,CIN,12.0
4362238,2025_08_NYJ_CIN,0,0,0,0,0,12,73,1,3,3,32,1,2025,Chase Brown,CIN,25.5
4362238,2025_09_CHI_CIN,0,0,0,0,0,11,37,0,8,14,75,0,2025,Chase Brown,CIN,19.2
4362238,2025_11_CIN_PIT,0,0,0,0,0,18,99,0,6,8,28,0,2025,Chase Brown,CIN,18.7
4362238,2025_12_NE_CIN,0,0,0,0,0,19,107,0,2,4,23,0,2025,Chase Brown,CIN,15.0
4362238,2025_13_CIN_BAL,0,0,0,0,0,15,78,0,7,7,35,0,2025,Chase Brown,CIN,18.3
4362238,2025_14_CIN_BUF,0,0,0,0,0,12,23,1,3,4,12,1,2025,Chase Brown,CIN,18.5
4362238,2025_15_BAL_CIN,0,0,0,0,0,13,53,0,7,7,37,0,2025,Chase Brown,CIN,16.0
4362238,2025_16_CIN_MIA,0,0,0,0,0,12,66,1,4,4,43,2,2025,Chase Brown,CIN,32.9
4362238,2025_17_ARI_CIN,0,0,0,0,0,22,101,2,3,3,40,0,2025,Chase Brown,CIN,29.1
4362238,2025_18_CLE_CIN,0,0,0,0,0,13,72,0,4,6,18,1,2025,Chase Brown,CIN,19.0
4360635,2024_01_TEN_CHI,0,0,0,0,0,0,0,0,2,2,15,1,2024,Chig Okonkwo,TEN,9.5
4360635,2024_02_NYJ_TEN,0,0,0,0,0,0,0,0,3,3,16,0,2024,Chig Okonkwo,TEN,4.6
4360635,2024_03_GB_TEN,0,0,0,0,0,0,0,0,2,2,15,0,2024,Chig Okonkwo,TEN,3.5
4360635,2024_04_TEN_MIA,0,0,0,0,0,0,0,0,1,3,5,0,2024,Chig Okonkwo,TEN,1.5
4360635,2024_06_IND_TEN,0,0,0,0,0,0,0,0,3,3,6,0,2024,Chig Okonkwo,TEN,3.6
4360635,2024_07_TEN_BUF,0,0,0,0,0,0,0,0,4,4,50,0,2024,Chig Okonkwo,TEN,9.0
4360635,2024_08_TEN_DET,0,0,0,0,0,0,0,0,2,5,14,0,2024,Chig Okonkwo,TEN,3.4
4360635,2024_09_NE_TEN,0,0,0,0,0,0,0,0,3,4,38,0,2024,Chig Okonkwo,TEN,6.8
4360635,2024_10_TEN_LAC,0,0,0,0,0,0,0,0,1,1,14,0,2024,Chig Okonkwo,TEN,2.4
4360635,2024_11_MIN_TEN,0,0,0,0,0,0,0,0,2,4,19,0,2024,Chig Okonkwo,TEN,3.9
4360635,2024_12_TEN_HOU,0,0,0,0,0,0,0,0,1,1,70,1,2024,Chig Okonkwo,TEN,14.0
4360635,2024_13_TEN_WSH,0,0,0,0,0,0,0,0,3,6,27,0,2024,Chig Okonkwo,TEN,5.7
4360635,2024_14_JAX_TEN,0,0,0,0,0,0,0,0,3,4,8,0,2024,Chig Okonkwo,TEN,3.8
4360635,2024_15_CIN_TEN,0,0,0,0,0,0,0,0,8,10,59,0,2024,Chig Okonkwo,TEN,13.9
4360635,2024_16_TEN_IND,0,0,0,0,0,0,0,0,9,11,81,0,2024,Chig Okonkwo,TEN,17.1
4360635,2024_17_TEN_JAX,0,0,0,0,0,1,17,0,5,7,42,0,2024,Chig Okonkwo,TEN,10.9
4360635,2025_01_TEN_DEN,0,0,0,0,0,0,0,0,3,4,19,0,2025,Chig Okonkwo,TEN,4.9
4360635,2025_02_LAR_TEN,0,0,0,0,0,0,0,0,4,6,35,0,2025,Chig Okonkwo,TEN,7.5
4360635,2025_03_IND_TEN,0,0,0,0,0,0,0,0,5,6,66,0,2025,Chig Okonkwo,TEN,11.6
4360635,2025_04_TEN_HOU,0,0,0,0,0,0,0,0,1,3,4,0,2025,Chig Okonkwo,TEN,1.4
4360635,2025_05_TEN_ARI,0,0,0,0,0,0,0,0,4,5,48,0,2025,Chig Okonkwo,TEN,8.8
4360635,2025_06_TEN_LV,0,0,0,0,0,0,0,0,6,6,46,0,2025,Chig Okonkwo,TEN,10.6
4360635,2025_07_NE_TEN,0,0,0,0,0,0,0,0,0,2,0,0,2025,Chig Okonkwo,TEN,0.0
4360635,2025_08_TEN_IND,0,0,0,0,0,0,0,0,4,5,53,0,2025,Chig Okonkwo,TEN,9.3
4360635,2025_09_LAC_TEN,0,0,0,0,0,0,0,0,2,2,10,0,2025,Chig Okonkwo,TEN,3.0
4360635,2025_11_HOU_TEN,0,0,0,0,0,0,0,0,3,3,56,0,2025,Chig Okonkwo,TEN,8.6
4360635,2025_12_SEA_TEN,0,0,0,0,0,0,0,0,3,4,40,0,2025,Chig Okonkwo,TEN,7.0
4360635,2025_13_JAX_TEN,0,0,0,0,0,0,0,0,4,5,29,0,2025,Chig Okonkwo,TEN,6.9
4360635,2025_14_TEN_CLE,0,0,0,0,0,0,0,0,2,2,20,0,2025,Chig Okonkwo,TEN,4.0
4360635,2025_15_TEN_SF,0,0,0,0,0,0,0,0,4,6,33,0,2025,Chig Okonkwo,TEN,7.3
4360635,2025_16_KC_TEN,0,0,0,0,0,0,0,0,6,8,44,1,2025,Chig Okonkwo,TEN,16.4
4360635,2025_17_NO_TEN,0,0,0,0,0,0,0,0,3,7,55,1,2025,Chig Okonkwo,TEN,14.5
4360635,2025_18_TEN_JAX,0,0,0,0,0,0,0,0,2,5,2,0,2025,Chig Okonkwo,TEN,2.2
4431268,2025_01_TEN_DEN,0,0,0,0,0,1,9,0,0,1,0,0,2025,Chimere Dike,TEN,0.9
4431268,2025_02_LAR_TEN,0,0,0,0,0,2,9,0,2,5,-1,0,2025,Chimere Dike,TEN,2.8
4431268,2025_03_IND_TEN,0,0,0,0,0,2,3,0,3,4,2,0,2025,Chimere Dike,TEN,3.5
4431268,2025_05_TEN_ARI,0,0,0,0,0,0,0,0,2,5,17,0,2025,Chimere Dike,TEN,3.7
4431268,2025_06_TEN_LV,0,0,0,0,0,0,0,0,2,3,8,0,2025,Chimere Dike,TEN,2.8
4431268,2025_07_NE_TEN,0,0,0,0,0,1,-1,0,4,4,70,1,2025,Chimere Dike,TEN,16.9
4431268,2025_08_TEN_IND,0,0,0,0,0,1,1,0,7,8,93,0,2025,Chimere Dike,TEN,16.4
4431268,2025_09_LAC_TEN,0,0,0,0,0,0,0,0,1,3,5,0,2025,Chimere Dike,TEN,1.5
4431268,2025_11_HOU_TEN,0,0,0,0,0,0,0,0,2,3,14,0,2025,Chimere Dike,TEN,3.4
4431268,2025_12_SEA_TEN,0,0,0,0,0,0,0,0,5,7,44,1,2025,Chimere Dike,TEN,15.4
4431268,2025_13_JAX_TEN,0,0,0,0,0,1,1,0,1,4,8,0,2025,Chimere Dike,TEN,1.9
4431268,2025_14_TEN_CLE,0,0,0,0,0,0,0,0,5,8,24,1,2025,Chimere Dike,TEN,13.4
4431268,2025_15_TEN_SF,0,0,0,0,0,1,-7,0,4,5,17,0,2025,Chimere Dike,TEN,5.0
4431268,2025_16_KC_TEN,0,0,0,0,0,0,0,0,3,5,40,1,2025,Chimere Dike,TEN,13.0
4431268,2025_17_NO_TEN,0,0,0,0,0,1,7,0,4,5,55,0,2025,Chimere Dike,TEN,10.2
4431268,2025_18_TEN_JAX,0,0,0,0,0,0,0,0,3,4,27,0,2025,Chimere Dike,TEN,5.7
4369886,2024_16_NYG_ATL,0,0,0,0,0,0,0,0,1,1,17,0,2024,Chris Blair,ATL,2.7
4369886,2024_17_ATL_WSH,0,0,0,0,0,0,0,0,0,1,0,0,2024,Chris Blair,ATL,0.0
3149687,2024_03_GB_TEN,0,0,0,0,0,3,3,0,0,0,0,0,2024,Chris Brooks,GB,0.3
3149687,2024_06_ARI_GB,0,0,0,0,0,4,21,0,0,0,0,0,2024,Chris Brooks,GB,2.1
3149687,2024_08_GB_JAX,0,0,0,0,0,4,16,0,1,1,1,0,2024,Chris Brooks,GB,2.7
3149687,2024_09_DET_GB,0,0,0,0,0,2,13,0,3,4,28,0,2024,Chris Brooks,GB,7.1
3149687,2024_11_GB_CHI,0,0,0,0,0,0,0,0,2,2,13,0,2024,Chris Brooks,GB,3.3
3149687,2024_12_SF_GB,0,0,0,0,0,4,11,0,1,1,15,0,2024,Chris Brooks,GB,3.6
3149687,2024_13_MIA_GB,0,0,0,0,0,3,28,0,2,2,1,0,2024,Chris Brooks,GB,4.9
3149687,2024_15_GB_SEA,0,0,0,0,0,1,6,0,1,1,9,0,2024,Chris Brooks,GB,2.5
3149687,2024_16_NO_GB,0,0,0,0,0,6,23,1,1,1,2,0,2024,Chris Brooks,GB,9.5
3149687,2024_18_CHI_GB,0,0,0,0,0,8,59,0,0,1,0,0,2024,Chris Brooks,GB,5.9
3149687,2025_01_DET_GB,0,0,0,0,0,1,1,0,1,1,2,0,2025,Chris Brooks,GB,1.3
3149687,2025_02_WSH_GB,0,0,0,0,0,0,0,0,3,4,27,0,2025,Chris Brooks,GB,5.7
3149687,2025_04_GB_DAL,0,0,0,0,0,0,0,0,1,1,1,0,2025,Chris Brooks,GB,1.1
3149687,2025_07_GB_ARI,0,0,0,0,0,0,0,0,0,1,0,0,2025,Chris Brooks,GB,0.0
3149687,2025_09_CAR_GB,0,0,0,0,0,0,0,0,2,2,24,0,2025,Chris Brooks,GB,4.4
3149687,2025_12_MIN_GB,0,0,0,0,0,8,21,0,1,1,5,0,2025,Chris Brooks,GB,3.6
3149687,2025_13_GB_DET,0,0,0,0,0,0,0,0,2,2,9,0,2025,Chris Brooks,GB,2.9
3149687,2025_14_CHI_GB,0,0,0,0,0,0,0,0,1,1,6,0,2025,Chris Brooks,GB,1.6
3149687,2025_15_GB_DEN,0,0,0,0,0,2,10,0,1,2,6,0,2025,Chris Brooks,GB,2.6
3149687,2025_17_BAL_GB,0,0,0,0,0,0,0,0,1,2,11,0,2025,Chris Brooks,GB,2.1
3149687,2025_18_GB_MIN,0,0,0,0,0,13,61,0,0,0,0,0,2025,Chris Brooks,GB,6.1
4698191,2024_17_LV_NO,0,0,0,0,0,3,6,0,0,0,0,0,2024,Chris Collier,LV,0.6
4698191,2024_18_LAC_LV,0,0,0,0,0,2,6,0,1,2,-4,0,2024,Chris Collier,LV,1.2
2578533,2024_02_SF_MIN,0,0,0,0,0,0,0,0,1,1,4,0,2024,Chris Conley,SF,1.4
2578533,2024_04_NE_SF,0,0,0,0,0,0,0,0,0,2,0,0,2024,Chris Conley,SF,0.0
2578533,2024_07_KC_SF,0,0,0,0,0,0,0,0,0,2,0,0,2024,Chris Conley,SF,0.0
2578533,2024_08_DAL_SF,0,0,0,0,0,0,0,0,0,1,0,0,2024,Chris Conley,SF,0.0
2578533,2024_12_SF_GB,0,0,0,0,0,0,0,0,0,1,0,0,2024,Chris Conley,SF,0.0
2578533,2024_17_DET_SF,0,0,0,0,0,0,0,0,1,1,13,0,2024,Chris Conley,SF,2.3
2578533,2024_18_SF_ARI,0,0,0,0,0,0,0,0,4,4,59,0,2024,Chris Conley,SF,9.9
3116165,2024_01_WSH_TB,0,0,0,0,0,0,0,0,8,8,83,1,2024,Chris Godwin Jr.,TB,22.3
3116165,2024_02_TB_DET,0,0,0,0,0,0,0,0,7,8,117,1,2024,Chris Godwin Jr.,TB,24.7
3116165,2024_03_DEN_TB,0,0,0,0,0,0,0,0,6,9,53,1,2024,Chris Godwin Jr.,TB,17.3
3116165,2024_04_PHI_TB,0,0,0,0,0,0,0,0,6,9,69,0,2024,Chris Godwin Jr.,TB,12.9
3116165,2024_05_TB_ATL,0,0,0,0,0,1,2,0,5,6,64,0,2024,Chris Godwin Jr.,TB,11.6
3116165,2024_06_TB_NO,0,0,0,0,0,0,0,0,11,13,125,2,2024,Chris Godwin Jr.,TB,35.5
3116165,2024_07_BAL_TB,0,0,0,0,0,0,0,0,7,9,65,0,2024,Chris Godwin Jr.,TB,13.5
3116165,2025_04_PHI_TB,0,0,0,0,0,0,0,0,3,10,26,0,2025,Chris Godwin Jr.,TB,5.6
3116165,2025_05_TB_SEA,0,0,0,0,0,0,0,0,3,4,26,0,2025,Chris Godwin Jr.,TB,5.6
3116165,2025_12_TB_LAR,0,0,0,0,0,0,0,0,2,4,9,0,2025,Chris Godwin Jr.,TB,2.9
3116165,2025_13_ARI_TB,0,0,0,0,0,0,0,0,3,5,78,0,2025,Chris Godwin Jr.,TB,10.8
3116165,2025_14_NO_TB,0,0,0,0,0,0,0,0,5,8,55,0,2025,Chris Godwin Jr.,TB,10.5
3116165,2025_15_ATL_TB,0,0,0,0,0,0,0,0,4,5,20,1,2025,Chris Godwin Jr.,TB,12.0
3116165,2025_16_TB_CAR,0,0,0,0,0,0,0,0,5,6,30,0,2025,Chris Godwin Jr.,TB,8.0
3116165,2025_17_TB_MIA,0,0,0,0,0,0,0,0,7,8,108,1,2025,Chris Godwin Jr.,TB,23.8
3116165,2025_18_CAR_TB,0,0,0,0,0,0,0,0,1,1,8,0,2025,Chris Godwin Jr.,TB,1.8
2531358,2024_08_NYG_PIT,0,0,0,0,0,0,0,0,0,1,0,0,2024,Chris Manhertz,NYG,0.0
2531358,2024_09_WSH_NYG,0,0,0,0,0,0,0,0,1,1,2,1,2024,Chris Manhertz,NYG,7.2
2531358,2024_17_IND_NYG,0,0,0,0,0,0,0,0,1,1,12,0,2024,Chris Manhertz,NYG,2.2
2531358,2024_18_NYG_PHI,0,0,0,0,0,0,0,0,1,1,16,0,2024,Chris Manhertz,NYG,2.6
2531358,2025_03_KC_NYG,0,0,0,0,0,0,0,0,1,1,7,0,2025,Chris Manhertz,NYG,1.7
2531358,2025_18_DAL_NYG,0,0,0,0,0,0,0,0,0,1,0,0,2025,Chris Manhertz,NYG,0.0
2576581,2025_01_NYG_WSH,0,0,0,0,0,0,0,0,1,1,34,0,2025,Chris Moore,WSH,4.4
2576581,2025_03_LV_WSH,0,0,0,0,0,0,0,0,2,2,25,0,2025,Chris Moore,WSH,4.5
2576581,2025_04_WSH_ATL,0,0,0,0,0,1,9,0,0,3,0,0,2025,Chris Moore,WSH,0.9
2576581,2025_05_WSH_LAC,0,0,0,0,0,0,0,0,0,1,0,0,2025,Chris Moore,WSH,0.0
2576581,2025_06_CHI_WSH,0,0,0,0,0,0,0,0,3,5,46,1,2025,Chris Moore,WSH,13.6
2576581,2025_07_WSH_DAL,0,0,0,0,0,0,0,0,2,5,59,0,2025,Chris Moore,WSH,7.9
2576581,2025_11_WSH_MIA,0,0,0,0,0,0,0,0,2,5,28,0,2025,Chris Moore,WSH,4.8
2576581,2025_17_DAL_WSH,0,0,0,0,0,0,0,0,1,1,15,0,2025,Chris Moore,WSH,2.5
4044111,2025_16_KC_TEN,11,16,111,0,0,2,7,0,0,0,0,0,2025,Chris Oladokun,KC,5.14
4044111,2025_17_DEN_KC,13,22,66,1,0,2,11,0,0,0,0,0,2025,Chris Oladokun,KC,7.74
4044111,2025_18_KC_LV,11,17,58,0,0,1,0,0,0,0,0,0,2025,Chris Oladokun,KC,2.32
4361370,2024_01_CAR_NO,0,0,0,0,0,0,0,0,2,2,11,0,2024,Chris Olave,NO,3.1
4361370,2024_02_NO_DAL,0,0,0,0,0,1,7,0,4,6,81,0,2024,Chris Olave,NO,12.8
4361370,2024_03_PHI_NO,0,0,0,0,0,0,0,0,6,6,86,1,2024,Chris Olave,NO,20.6
4361370,2024_04_NO_ATL,0,0,0,0,0,0,0,0,8,10,87,0,2024,Chris Olave,NO,16.7
4361370,2024_05_NO_KC,0,0,0,0,0,0,0,0,2,4,10,0,2024,Chris Olave,NO,3.0
4361370,2024_06_TB_NO,0,0,0,0,0,0,0,0,1,1,5,0,2024,Chris Olave,NO,1.5
4361370,2024_08_NO_LAC,0,0,0,0,0,0,0,0,8,14,107,0,2024,Chris Olave,NO,18.7
4361370,2024_09_NO_CAR,0,0,0,0,0,0,0,0,1,1,13,0,2024,Chris Olave,NO,2.3
4361370,2025_01_ARI_NO,0,0,0,0,0,0,0,0,7,13,54,0,2025,Chris Olave,NO,12.4
4361370,2025_02_SF_NO,0,0,0,0,0,0,0,0,6,10,54,0,2025,Chris Olave,NO,11.4
4361370,2025_03_NO_SEA,0,0,0,0,0,0,0,0,10,14,57,0,2025,Chris Olave,NO,15.7
4361370,2025_04_NO_BUF,0,1,0,0,1,0,0,0,3,6,20,1,2025,Chris Olave,NO,10.0
4361370,2025_05_NYG_NO,0,0,0,0,0,0,0,0,7,11,59,0,2025,Chris Olave,NO,12.9
4361370,2025_06_NE_NO,0,0,0,0,0,0,0,0,6,10,98,0,2025,Chris Olave,NO,15.8
4361370,2025_07_NO_CHI,0,0,0,0,0,0,0,0,5,7,98,2,2025,Chris Olave,NO,26.8
4361370,2025_08_TB_NO,0,0,0,0,0,1,-3,0,8,12,63,0,2025,Chris Olave,NO,14.0
4361370,2025_09_NO_LAR,0,0,0,0,0,0,0,0,3,4,57,0,2025,Chris Olave,NO,8.7
4361370,2025_10_NO_CAR,0,0,0,0,0,0,0,0,5,8,104,1,2025,Chris Olave,NO,21.4
4361370,2025_12_ATL_NO,0,0,0,0,0,0,0,0,9,13,70,0,2025,Chris Olave,NO,16.0
4361370,2025_13_NO_MIA,0,0,0,0,0,0,0,0,4,7,47,1,2025,Chris Olave,NO,14.7
4361370,2025_14_NO_TB,0,0,0,0,0,0,0,0,3,5,30,0,2025,Chris Olave,NO,6.0
4361370,2025_15_CAR_NO,0,0,0,0,0,0,0,0,6,9,85,1,2025,Chris Olave,NO,20.5
4361370,2025_16_NYJ_NO,0,0,0,0,0,0,0,0,10,16,148,2,2025,Chris Olave,NO,36.8
4361370,2025_17_NO_TEN,0,0,0,0,0,0,0,0,8,11,119,1,2025,Chris Olave,NO,25.9
4362619,2024_09_WSH_NYG,0,0,0,0,0,11,52,0,0,0,0,0,2024,Chris Rodriguez Jr.,WSH,5.2
4362619,2024_13_TEN_WSH,0,0,0,0,0,13,94,1,0,0,0,0,2024,Chris Rodriguez Jr.,WSH,15.4
4362619,2024_16_PHI_WSH,0,0,0,0,0,3,5,0,0,0,0,0,2024,Chris Rodriguez Jr.,WSH,0.5
4362619,2024_17_ATL_WSH,0,0,0,0,0,5,16,1,1,1,12,0,2024,Chris Rodriguez Jr.,WSH,9.8
4362619,2025_03_LV_WSH,0,0,0,0,0,11,39,0,0,0,0,0,2025,Chris Rodriguez Jr.,WSH,3.9
4362619,2025_04_WSH_ATL,0,0,0,0,0,7,59,0,0,0,0,0,2025,Chris Rodriguez Jr.,WSH,5.9
4362619,2025_05_WSH_LAC,0,0,0,0,0,5,7,0,0,0,0,0,2025,Chris Rodriguez Jr.,WSH,0.7
4362619,2025_07_WSH_DAL,0,0,0,0,0,3,12,1,0,0,0,0,2025,Chris Rodriguez Jr.,WSH,7.2
4362619,2025_09_SEA_WSH,0,0,0,0,0,12,65,1,0,0,0,0,2025,Chris Rodriguez Jr.,WSH,12.5
4362619,2025_10_DET_WSH,0,0,0,0,0,6,16,1,0,0,0,0,2025,Chris Rodriguez Jr.,WSH,7.6
4362619,2025_11_WSH_MIA,0,0,0,0,0,15,79,0,1,1,6,0,2025,Chris Rodriguez Jr.,WSH,9.5
4362619,2025_13_DEN_WSH,0,0,0,0,0,11,41,1,0,1,0,0,2025,Chris Rodriguez Jr.,WSH,10.1
4362619,2025_14_WSH_MIN,0,0,0,0,0,10,52,0,0,0,0,0,2025,Chris Rodriguez Jr.,WSH,5.2
4362619,2025_16_PHI_WSH,0,0,0,0,0,15,63,1,1,1,6,0,2025,Chris Rodriguez Jr.,WSH,13.9
4362619,2025_18_WSH_PHI,0,0,0,0,0,16,65,1,1,1,18,0,2025,Chris Rodriguez Jr.,WSH,15.3
3895856,2024_01_JAX_MIA,0,0,0,0,0,0,0,0,1,4,30,0,2024,Christian Kirk,JAX,4.0
3895856,2024_02_CLE_JAX,0,0,0,0,0,0,0,0,1,3,-1,0,2024,Christian Kirk,JAX,0.9
3895856,2024_03_JAX_BUF,0,0,0,0,0,0,0,0,8,10,79,0,2024,Christian Kirk,JAX,15.9
3895856,2024_04_JAX_HOU,0,0,0,0,0,0,0,0,7,12,61,1,2024,Christian Kirk,JAX,19.1
3895856,2024_05_IND_JAX,0,0,0,0,0,0,0,0,4,4,88,0,2024,Christian Kirk,JAX,12.8
3895856,2024_06_JAX_CHI,0,0,0,0,0,0,0,0,3,6,39,0,2024,Christian Kirk,JAX,6.9
3895856,2024_07_NE_JAX,0,0,0,0,0,0,0,0,1,3,24,0,2024,Christian Kirk,JAX,3.4
3895856,2024_08_GB_JAX,0,0,0,0,0,0,0,0,2,5,59,0,2024,Christian Kirk,JAX,7.9
3895856,2025_03_HOU_JAX,0,0,0,0,0,0,0,0,3,8,25,0,2025,Christian Kirk,HOU,5.5
3895856,2025_04_TEN_HOU,0,0,0,0,0,0,0,0,3,4,20,0,2025,Christian Kirk,HOU,5.0
3895856,2025_05_HOU_BAL,0,0,0,0,0,0,0,0,4,4,64,0,2025,Christian Kirk,HOU,10.4
3895856,2025_09_DEN_HOU,0,0,0,0,0,0,0,0,4,8,26,0,2025,Christian Kirk,HOU,6.6
3895856,2025_10_JAX_HOU,0,0,0,0,0,0,0,0,1,3,3,0,2025,Christian Kirk,HOU,1.3
3895856,2025_11_HOU_TEN,0,0,0,0,0,0,0,0,1,4,6,0,2025,Christian Kirk,HOU,1.6
3895856,2025_12_BUF_HOU,0,0,0,0,0,0,0,0,5,6,54,1,2025,Christian Kirk,HOU,16.4
3895856,2025_14_HOU_KC,0,0,0,0,0,0,0,0,1,3,6,0,2025,Christian Kirk,HOU,1.6
3895856,2025_16_LV_HOU,0,0,0,0,0,0,0,0,3,5,37,0,2025,Christian Kirk,HOU,6.7
3895856,2025_17_HOU_LAC,0,0,0,0,0,0,0,0,2,5,1,0,2025,Christian Kirk,HOU,2.1
3895856,2025_18_IND_HOU,0,0,0,0,0,0,0,0,1,2,-3,0,2025,Christian Kirk,HOU,0.7
3117251,2024_10_SF_TB,0,0,0,0,0,13,39,0,6,7,68,0,2024,Christian McCaffrey,SF,16.7
3117251,2024_11_SEA_SF,0,0,0,0,0,19,79,0,4,5,27,0,2024,Christian McCaffrey,SF,14.6
3117251,2024_12_SF_GB,0,0,0,0,0,11,31,0,3,4,37,0,2024,Christian McCaffrey,SF,9.8
3117251,2024_13_SF_BUF,0,0,0,0,0,7,53,0,2,3,14,0,2024,Christian McCaffrey,SF,8.7
3117251,2025_01_SF_SEA,0,0,0,0,0,22,69,0,9,10,73,0,2025,Christian McCaffrey,SF,23.2
3117251,2025_02_SF_NO,0,0,0,0,0,13,55,0,6,7,52,1,2025,Christian McCaffrey,SF,22.7
3117251,2025_03_ARI_SF,0,0,0,0,0,17,52,0,10,15,88,0,2025,Christian McCaffrey,SF,24.0
3117251,2025_04_JAX_SF,0,0,0,0,0,17,49,0,6,11,92,1,2025,Christian McCaffrey,SF,26.1
3117251,2025_05_SF_LAR,0,0,0,0,0,22,57,0,8,9,82,1,2025,Christian McCaffrey,SF,27.9
3117251,2025_06_SF_TB,0,0,0,0,0,17,54,1,7,8,57,0,2025,Christian McCaffrey,SF,24.1
3117251,2025_07_ATL_SF,0,0,0,0,0,24,129,2,7,8,72,0,2025,Christian McCaffrey,SF,39.1
3117251,2025_08_SF_HOU,0,0,0,0,0,8,25,0,3,6,43,0,2025,Christian McCaffrey,SF,9.8
3117251,2025_09_SF_NYG,0,0,0,0,0,28,106,1,5,6,67,1,2025,Christian McCaffrey,SF,34.3
3117251,2025_10_LAR_SF,0,0,0,0,0,12,30,0,8,10,66,0,2025,Christian McCaffrey,SF,17.6
3117251,2025_11_SF_ARI,0,0,0,0,0,13,81,2,5,6,40,1,2025,Christian McCaffrey,SF,35.1
3117251,2025_12_CAR_SF,0,0,0,0,0,24,89,1,7,7,53,0,2025,Christian McCaffrey,SF,27.2
3117251,2025_13_SF_CLE,0,1,0,0,0,20,53,1,4,4,21,0,2025,Christian McCaffrey,SF,17.4
3117251,2025_15_TEN_SF,0,0,0,0,0,22,73,1,1,1,14,0,2025,Christian McCaffrey,SF,15.7
3117251,2025_16_SF_IND,0,0,0,0,0,21,117,0,6,8,29,2,2025,Christian McCaffrey,SF,32.6
3117251,2025_17_CHI_SF,0,0,0,0,0,23,140,1,4,6,41,0,2025,Christian McCaffrey,SF,28.1
3117251,2025_18_SEA_SF,0,0,0,0,0,8,23,0,6,7,34,0,2025,Christian McCaffrey,SF,11.7
4248528,2024_01_GB_PHI,0,0,0,0,0,0,0,0,3,5,13,1,2024,Christian Watson,GB,10.3
4248528,2024_03_GB_TEN,0,0,0,0,0,0,0,0,2,2,67,0,2024,Christian Watson,GB,8.7
4248528,2024_04_MIN_GB,0,0,0,0,0,0,0,0,0,1,0,0,2024,Christian Watson,GB,0.0
4248528,2024_06_ARI_GB,0,0,0,0,0,0,0,0,3,4,68,1,2024,Christian Watson,GB,15.8
4248528,2024_07_HOU_GB,0,0,0,0,0,1,-4,0,1,2,9,0,2024,Christian Watson,GB,1.5
4248528,2024_08_GB_JAX,0,0,0,0,0,0,0,0,4,6,39,0,2024,Christian Watson,GB,7.9
4248528,2024_09_DET_GB,0,0,0,0,0,0,0,0,3,7,37,0,2024,Christian Watson,GB,6.7
4248528,2024_11_GB_CHI,0,0,0,0,0,0,0,0,4,4,150,0,2024,Christian Watson,GB,19.0
4248528,2024_12_SF_GB,0,0,0,0,0,1,4,0,0,3,0,0,2024,Christian Watson,GB,0.4
4248528,2024_13_MIA_GB,0,0,0,0,0,0,0,0,2,4,67,0,2024,Christian Watson,GB,8.7
4248528,2024_14_GB_DET,0,0,0,0,0,0,0,0,4,7,114,0,2024,Christian Watson,GB,15.4
4248528,2024_15_GB_SEA,0,0,0,0,0,0,0,0,3,6,56,0,2024,Christian Watson,GB,8.6
4248528,2024_16_NO_GB,0,0,0,0,0,2,23,0,0,1,0,0,2024,Christian Watson,GB,2.3
4248528,2024_18_CHI_GB,0,0,0,0,0,0,0,0,0,1,0,0,2024,Christian Watson,GB,0.0
4248528,2025_08_GB_PIT,0,0,0,0,0,0,0,0,4,4,85,0,2025,Christian Watson,GB,12.5
4248528,2025_09_CAR_GB,0,0,0,0,0,0,0,0,2,4,58,0,2025,Christian Watson,GB,7.8
4248528,2025_10_PHI_GB,0,0,0,0,0,0,0,0,2,4,45,0,2025,Christian Watson,GB,6.5
4248528,2025_11_GB_NYG,0,0,0,0,0,0,0,0,4,5,46,2,2025,Christian Watson,GB,20.6
4248528,2025_12_MIN_GB,0,0,0,0,0,0,0,0,5,7,49,0,2025,Christian Watson,GB,9.9
4248528,2025_13_GB_DET,0,0,0,0,0,1,3,0,4,10,80,1,2025,Christian Watson,GB,18.3
4248528,2025_14_CHI_GB,0,0,0,0,0,0,0,0,4,4,89,2,2025,Christian Watson,GB,24.9
4248528,2025_15_GB_DEN,0,0,0,0,0,0,0,0,3,5,29,0,2025,Christian Watson,GB,5.9
4248528,2025_16_GB_CHI,0,0,0,0,0,0,0,0,2,6,17,0,2025,Christian Watson,GB,3.7
4248528,2025_17_BAL_GB,0,0,0,0,0,0,0,0,5,6,113,1,2025,Christian Watson,GB,22.3
4241416,2024_01_CAR_NO,0,0,0,0,0,6,14,0,0,0,0,0,2024,Chuba Hubbard,CAR,1.4
4241416,2024_02_LAC_CAR,0,0,0,0,0,10,64,0,4,5,12,0,2024,Chuba Hubbard,CAR,11.6
4241416,2024_03_CAR_LV,0,0,0,0,0,21,114,0,5,5,55,1,2024,Chuba Hubbard,CAR,27.9
4241416,2024_04_CIN_CAR,0,0,0,0,0,18,104,1,4,4,17,0,2024,Chuba Hubbard,CAR,22.1
4241416,2024_05_CAR_CHI,0,0,0,0,0,13,97,1,4,4,-2,0,2024,Chuba Hubbard,CAR,19.5
4241416,2024_06_ATL_CAR,0,0,0,0,0,18,92,0,5,6,11,0,2024,Chuba Hubbard,CAR,15.3
4241416,2024_07_CAR_WSH,0,0,0,0,0,17,52,1,0,0,0,0,2024,Chuba Hubbard,CAR,11.2
4241416,2024_08_CAR_DEN,0,0,0,0,0,15,56,0,2,2,15,0,2024,Chuba Hubbard,CAR,9.1
4241416,2024_09_NO_CAR,0,0,0,0,0,15,72,2,2,3,0,0,2024,Chuba Hubbard,CAR,21.2
4241416,2024_10_NYG_CAR,0,0,0,0,0,28,153,1,4,6,16,0,2024,Chuba Hubbard,CAR,26.9
4241416,2024_12_KC_CAR,0,0,0,0,0,16,58,1,1,5,2,0,2024,Chuba Hubbard,CAR,13.0
4241416,2024_13_TB_CAR,0,0,0,0,0,12,43,0,0,0,0,0,2024,Chuba Hubbard,CAR,4.3
4241416,2024_14_CAR_PHI,0,0,0,0,0,26,92,1,4,5,15,0,2024,Chuba Hubbard,CAR,20.7
4241416,2024_15_DAL_CAR,0,0,0,0,0,10,32,0,4,4,17,0,2024,Chuba Hubbard,CAR,8.9
4241416,2024_16_ARI_CAR,0,0,0,0,0,25,152,2,4,5,13,0,2024,Chuba Hubbard,CAR,32.5
4241416,2025_01_CAR_JAX,0,0,0,0,0,16,57,0,3,5,32,1,2025,Chuba Hubbard,CAR,17.9
4241416,2025_02_CAR_ARI,0,0,0,0,0,10,38,0,5,6,39,1,2025,Chuba Hubbard,CAR,18.7
4241416,2025_03_ATL_CAR,0,0,0,0,0,17,73,0,2,3,3,0,2025,Chuba Hubbard,CAR,9.6
4241416,2025_04_CAR_NE,0,0,0,0,0,10,49,0,3,3,20,0,2025,Chuba Hubbard,CAR,9.9
4241416,2025_07_CAR_NYJ,0,0,0,0,0,14,31,0,2,3,24,0,2025,Chuba Hubbard,CAR,7.5
4241416,2025_08_BUF_CAR,0,0,0,0,0,12,34,1,0,1,0,0,2025,Chuba Hubbard,CAR,9.4
4241416,2025_09_CAR_GB,0,0,0,0,0,5,17,0,0,1,0,0,2025,Chuba Hubbard,CAR,1.7
4241416,2025_10_NO_CAR,0,0,0,0,0,3,14,0,1,1,1,0,2025,Chuba Hubbard,CAR,2.5
4241416,2025_11_CAR_ATL,0,0,0,0,0,4,21,0,1,3,7,0,2025,Chuba Hubbard,CAR,3.8
4241416,2025_12_CAR_SF,0,0,0,0,0,3,16,0,4,4,27,0,2025,Chuba Hubbard,CAR,8.3
4241416,2025_13_LAR_CAR,0,0,0,0,0,17,83,0,2,2,41,1,2025,Chuba Hubbard,CAR,20.4
4241416,2025_15_CAR_NO,0,0,0,0,0,8,29,0,1,1,9,0,2025,Chuba Hubbard,CAR,4.8
4241416,2025_16_TB_CAR,0,0,0,0,0,6,27,0,1,1,7,0,2025,Chuba Hubbard,CAR,4.4
4241416,2025_17_SEA_CAR,0,0,0,0,0,4,12,0,3,3,6,0,2025,Chuba Hubbard,CAR,4.8
4241416,2025_18_CAR_TB,0,0,0,0,0,5,10,0,2,2,7,0,2025,Chuba Hubbard,CAR,3.7
4360175,2024_07_LAC_ARI,0,0,0,0,0,3,2,0,0,0,0,0,2024,Clayton Tune,ARI,0.2
4360175,2024_15_NE_ARI,2,2,8,0,0,1,-1,0,0,0,0,0,2024,Clayton Tune,ARI,0.22
4360175,2025_17_BAL_GB,1,4,8,0,1,1,0,0,0,0,0,0,2025,Clayton Tune,GB,-0.68
4360175,2025_18_GB_MIN,6,11,34,0,0,4,23,0,0,0,0,0,2025,Clayton Tune,GB,3.66
4242214,2024_17_LV_NO,0,0,0,0,0,5,20,0,2,4,10,0,2024,Clyde Edwards-Helaire,NO,5.0
4242214,2024_18_NO_TB,0,0,0,0,0,8,26,0,1,1,14,0,2024,Clyde Edwards-Helaire,NO,5.0
4242214,2025_12_IND_KC,0,0,0,0,0,5,8,0,2,2,9,0,2025,Clyde Edwards-Helaire,KC,3.7
3707061,2025_17_ARI_CIN,0,0,0,0,0,0,0,0,1,1,21,0,2025,Cody Ford,CIN,3.1
4391845,2024_18_SEA_LAR,0,0,0,0,0,1,3,0,1,1,6,0,2024,Cody Schrader,LAR,1.9
4241983,2024_09_LAR_SEA,0,0,0,0,0,0,0,0,2,3,44,0,2024,Cody White,SEA,6.4
4241983,2025_09_SEA_WSH,0,0,0,0,0,0,0,0,1,2,60,1,2025,Cody White,SEA,13.0
4241983,2025_13_MIN_SEA,0,0,0,0,0,0,0,0,1,1,21,0,2025,Cody White,SEA,3.1
4241983,2025_14_SEA_ATL,0,0,0,0,0,0,0,0,1,1,9,0,2025,Cody White,SEA,1.9
4242557,2024_01_LAR_DET,0,0,0,0,0,0,0,0,4,5,47,0,2024,Colby Parkinson,LAR,8.7
4242557,2024_02_LAR_ARI,0,0,0,0,0,0,0,0,1,2,12,0,2024,Colby Parkinson,LAR,2.2
4242557,2024_03_SF_LAR,0,0,0,0,0,0,0,0,3,5,21,0,2024,Colby Parkinson,LAR,5.1
4242557,2024_04_LAR_CHI,0,0,0,0,0,0,0,0,4,7,33,0,2024,Colby Parkinson,LAR,7.3
4242557,2024_05_GB_LAR,0,0,0,0,0,0,0,0,7,13,52,0,2024,Colby Parkinson,LAR,12.2
4242557,2024_07_LV_LAR,0,0,0,0,0,0,0,0,2,2,32,0,2024,Colby Parkinson,LAR,5.2
4242557,2024_08_MIN_LAR,0,0,0,0,0,0,0,0,2,2,17,0,2024,Colby Parkinson,LAR,3.7
4242557,2024_11_LAR_NE,0,0,0,0,0,0,0,0,1,1,19,1,2024,Colby Parkinson,LAR,8.9
4242557,2024_12_PHI_LAR,0,0,0,0,0,0,0,0,1,2,10,0,2024,Colby Parkinson,LAR,2.0
4242557,2024_13_LAR_NO,0,0,0,0,0,0,0,0,1,1,13,0,2024,Colby Parkinson,LAR,2.3
4242557,2024_14_BUF_LAR,0,0,0,0,0,0,0,0,1,1,11,0,2024,Colby Parkinson,LAR,2.1
4242557,2024_15_LAR_SF,0,0,0,0,0,0,0,0,2,5,21,0,2024,Colby Parkinson,LAR,4.1
4242557,2024_16_LAR_NYJ,0,0,0,0,0,0,0,0,0,1,0,0,2024,Colby Parkinson,LAR,0.0
4242557,2024_17_ARI_LAR,0,0,0,0,0,0,0,0,0,1,0,0,2024,Colby Parkinson,LAR,0.0
4242557,2024_18_SEA_LAR,0,0,0,0,0,0,0,0,1,1,6,0,2024,Colby Parkinson,LAR,1.6
4242557,2025_01_HOU_LAR,0,0,0,0,0,0,0,0,2,2,-6,0,2025,Colby Parkinson,LAR,1.4
4242557,2025_04_IND_LAR,0,0,0,0,0,0,0,0,2,2,17,0,2025,Colby Parkinson,LAR,3.7
4242557,2025_05_SF_LAR,0,0,0,0,0,0,0,0,0,1,0,0,2025,Colby Parkinson,LAR,0.0
4242557,2025_07_LAR_JAX,0,0,0,0,0,0,0,0,3,3,47,0,2025,Colby Parkinson,LAR,7.7
4242557,2025_09_NO_LAR,0,0,0,0,0,0,0,0,2,2,10,0,2025,Colby Parkinson,LAR,3.0
4242557,2025_10_LAR_SF,0,0,0,0,0,0,0,0,4,5,41,1,2025,Colby Parkinson,LAR,14.1
4242557,2025_11_SEA_LAR,0,0,0,0,0,0,0,0,2,2,14,1,2025,Colby Parkinson,LAR,9.4
4242557,2025_12_TB_LAR,0,0,0,0,0,0,0,0,4,4,41,1,2025,Colby Parkinson,LAR,14.1
4242557,2025_13_LAR_CAR,0,0,0,0,0,0,0,0,4,5,27,0,2025,Colby Parkinson,LAR,6.7
4242557,2025_14_LAR_ARI,0,0,0,0,0,0,0,0,3,5,32,1,2025,Colby Parkinson,LAR,12.2
4242557,2025_15_DET_LAR,0,0,0,0,0,0,0,0,5,7,75,2,2025,Colby Parkinson,LAR,24.5
4242557,2025_16_LAR_SEA,0,0,0,0,0,0,0,0,2,4,21,0,2025,Colby Parkinson,LAR,4.1
4242557,2025_17_LAR_ATL,0,0,0,0,0,0,0,0,6,7,53,0,2025,Colby Parkinson,LAR,11.3
4242557,2025_18_ARI_LAR,0,0,0,0,0,0,0,0,4,7,36,2,2025,Colby Parkinson,LAR,19.6
4258595,2024_01_TEN_CHI,0,0,0,0,0,0,0,0,1,1,4,0,2024,Cole Kmet,CHI,1.4
4258595,2024_02_CHI_HOU,0,0,0,0,0,0,0,0,4,5,27,0,2024,Cole Kmet,CHI,6.7
4258595,2024_03_CHI_IND,0,0,0,0,0,0,0,0,10,11,97,1,2024,Cole Kmet,CHI,25.7
4258595,2024_04_LAR_CHI,0,0,0,0,0,0,0,0,3,3,34,0,2024,Cole Kmet,CHI,6.4
4258595,2024_05_CAR_CHI,0,0,0,0,0,0,0,0,3,4,57,0,2024,Cole Kmet,CHI,8.7
4258595,2024_06_JAX_CHI,0,0,0,0,0,0,0,0,5,5,70,2,2024,Cole Kmet,CHI,24.0
4258595,2024_08_CHI_WSH,0,0,0,0,0,0,0,0,1,1,14,0,2024,Cole Kmet,CHI,2.4
4258595,2024_10_NE_CHI,0,0,0,0,0,0,0,0,2,4,13,0,2024,Cole Kmet,CHI,3.3
4258595,2024_11_GB_CHI,0,0,0,0,0,0,0,0,3,3,42,0,2024,Cole Kmet,CHI,7.2
4258595,2024_12_MIN_CHI,0,0,0,0,0,0,0,0,7,10,64,0,2024,Cole Kmet,CHI,13.4
4258595,2024_13_CHI_DET,0,0,0,0,0,0,0,0,3,3,26,0,2024,Cole Kmet,CHI,5.6
4258595,2024_15_CHI_MIN,0,0,0,0,0,0,0,0,1,1,14,0,2024,Cole Kmet,CHI,2.4
4258595,2024_16_DET_CHI,0,0,0,0,0,0,0,0,2,2,9,1,2024,Cole Kmet,CHI,8.9
4258595,2024_18_CHI_GB,0,0,0,0,0,0,0,0,2,2,3,0,2024,Cole Kmet,CHI,2.3
4258595,2025_01_MIN_CHI,0,0,0,0,0,0,0,0,1,4,31,0,2025,Cole Kmet,CHI,4.1
4258595,2025_02_CHI_DET,0,0,0,0,0,0,0,0,2,2,29,0,2025,Cole Kmet,CHI,4.9
4258595,2025_03_DAL_CHI,0,0,0,0,0,0,0,0,1,1,10,1,2025,Cole Kmet,CHI,8.0
4258595,2025_04_CHI_LV,0,0,0,0,0,0,0,0,3,9,46,0,2025,Cole Kmet,CHI,7.6
4258595,2025_06_CHI_WSH,0,0,0,0,0,0,0,0,1,2,0,0,2025,Cole Kmet,CHI,1.0
4258595,2025_07_NO_CHI,0,0,0,0,0,0,0,0,1,1,16,0,2025,Cole Kmet,CHI,2.6
4258595,2025_09_CHI_CIN,0,1,0,0,0,0,0,0,1,2,10,0,2025,Cole Kmet,CHI,2.0
4258595,2025_10_NYG_CHI,0,0,0,0,0,0,0,0,1,2,5,0,2025,Cole Kmet,CHI,1.5
4258595,2025_11_CHI_MIN,0,0,0,0,0,0,0,0,5,5,45,0,2025,Cole Kmet,CHI,9.5
4258595,2025_12_PIT_CHI,0,0,0,0,0,0,0,0,1,1,3,0,2025,Cole Kmet,CHI,1.3
4258595,2025_13_CHI_PHI,0,0,0,0,0,0,0,0,3,3,36,1,2025,Cole Kmet,CHI,12.6
4258595,2025_14_CHI_GB,0,0,0,0,0,0,0,0,2,3,42,0,2025,Cole Kmet,CHI,6.2
4258595,2025_15_CLE_CHI,0,0,0,0,0,0,0,0,2,4,28,0,2025,Cole Kmet,CHI,4.8
4258595,2025_16_GB_CHI,0,0,0,0,0,0,0,0,2,3,14,0,2025,Cole Kmet,CHI,3.4
4258595,2025_17_CHI_SF,0,0,0,0,0,0,0,0,2,3,16,0,2025,Cole Kmet,CHI,3.6
4258595,2025_18_DET_CHI,0,0,0,0,0,0,0,0,2,3,16,0,2025,Cole Kmet,CHI,3.6
4578436,2025_16_SF_IND,0,0,0,0,0,0,0,0,0,1,0,0,2025,Coleman Owen,IND,0.0
4039043,2024_14_CHI_SF,0,0,0,0,0,0,0,0,1,1,6,0,2024,Collin Johnson,CHI,1.6
4039043,2024_16_DET_CHI,0,0,0,0,0,0,0,0,0,1,0,0,2024,Collin Johnson,CHI,0.0
4361088,2025_11_WSH_MIA,0,0,0,0,0,0,0,0,1,1,4,0,2025,Colson Yankoff,WSH,1.4
4361088,2025_13_DEN_WSH,0,0,0,0,0,0,0,0,1,1,14,0,2025,Colson Yankoff,WSH,2.4
4361088,2025_14_WSH_MIN,0,0,0,0,0,0,0,0,0,1,0,0,2025,Colson Yankoff,WSH,0.0
4723086,2025_01_MIN_CHI,0,0,0,0,0,0,0,0,2,2,12,0,2025,Colston Loveland,CHI,3.2
4723086,2025_02_CHI_DET,0,0,0,0,0,0,0,0,0,1,0,0,2025,Colston Loveland,CHI,0.0
4723086,2025_03_DAL_CHI,0,0,0,0,0,0,0,0,1,3,31,0,2025,Colston Loveland,CHI,4.1
4723086,2025_06_CHI_WSH,0,0,0,0,0,0,0,0,2,3,11,0,2025,Colston Loveland,CHI,3.1
4723086,2025_07_NO_CHI,0,0,0,0,0,0,0,0,3,4,24,0,2025,Colston Loveland,CHI,5.4
4723086,2025_08_CHI_BAL,0,0,0,0,0,0,0,0,3,5,38,0,2025,Colston Loveland,CHI,6.8
4723086,2025_09_CHI_CIN,0,0,0,0,0,0,0,0,6,7,118,2,2025,Colston Loveland,CHI,29.8
4723086,2025_10_NYG_CHI,0,0,0,0,0,0,0,0,4,4,55,0,2025,Colston Loveland,CHI,9.5
4723086,2025_11_CHI_MIN,0,0,0,0,0,0,0,0,3,4,40,0,2025,Colston Loveland,CHI,7.0
4723086,2025_12_PIT_CHI,0,0,0,0,0,0,0,0,4,5,49,1,2025,Colston Loveland,CHI,14.9
4723086,2025_13_CHI_PHI,0,0,0,0,0,0,0,0,3,6,28,0,2025,Colston Loveland,CHI,5.8
4723086,2025_14_CHI_GB,0,0,0,0,0,0,0,0,4,5,29,1,2025,Colston Loveland,CHI,12.9
4723086,2025_15_CLE_CHI,0,0,0,0,0,1,-2,0,4,5,63,0,2025,Colston Loveland,CHI,10.1
4723086,2025_16_GB_CHI,0,0,0,0,0,0,0,0,3,5,30,0,2025,Colston Loveland,CHI,6.0
4723086,2025_17_CHI_SF,0,0,0,0,0,0,0,0,6,10,94,1,2025,Colston Loveland,CHI,21.4
4723086,2025_18_DET_CHI,0,0,0,0,0,0,0,0,10,13,91,1,2025,Colston Loveland,CHI,25.1
4431523,2025_07_ATL_SF,0,0,0,0,0,0,0,0,1,1,-1,0,2025,Connor Colby,SF,0.9
4241961,2024_03_LAC_PIT,0,0,0,0,0,0,0,0,1,1,2,0,2024,Connor Heyward,PIT,1.2
4241961,2024_05_DAL_PIT,0,0,0,0,0,0,0,0,2,4,23,1,2024,Connor Heyward,PIT,10.3
4241961,2024_06_PIT_LV,0,0,0,0,0,0,0,0,1,1,4,0,2024,Connor Heyward,PIT,1.4
4241961,2024_16_PIT_BAL,0,0,0,0,0,0,0,0,1,1,3,0,2024,Connor Heyward,PIT,1.3
4241961,2024_17_KC_PIT,0,0,0,0,0,0,0,0,1,1,8,0,2024,Connor Heyward,PIT,1.8
4241961,2025_02_SEA_PIT,0,0,0,0,0,0,0,0,1,1,6,0,2025,Connor Heyward,PIT,1.6
4241961,2025_06_CLE_PIT,0,0,0,0,0,0,0,0,1,1,12,1,2025,Connor Heyward,PIT,8.2
4241961,2025_07_PIT_CIN,0,0,0,0,0,0,0,0,0,1,0,0,2025,Connor Heyward,PIT,0.0
4241961,2025_15_MIA_PIT,0,0,0,0,0,4,4,1,0,0,0,0,2025,Connor Heyward,PIT,6.4
4241961,2025_18_BAL_PIT,0,0,0,0,0,3,2,1,1,1,3,0,2025,Connor Heyward,PIT,7.5
2977187,2024_01_LAR_DET,0,0,0,0,0,2,10,0,14,21,110,1,2024,Cooper Kupp,LAR,32.0
2977187,2024_02_LAR_ARI,0,0,0,0,0,0,0,0,4,6,37,0,2024,Cooper Kupp,LAR,7.7
2977187,2024_08_MIN_LAR,0,0,0,0,0,0,0,0,5,8,51,1,2024,Cooper Kupp,LAR,16.1
2977187,2024_09_LAR_SEA,0,0,0,0,0,0,0,0,11,14,104,0,2024,Cooper Kupp,LAR,21.4
2977187,2024_10_MIA_LAR,0,0,0,0,0,0,0,0,7,7,80,0,2024,Cooper Kupp,LAR,15.0
2977187,2024_11_LAR_NE,0,0,0,0,0,0,0,0,6,10,106,2,2024,Cooper Kupp,LAR,28.6
2977187,2024_12_PHI_LAR,0,0,0,0,0,0,0,0,8,11,60,1,2024,Cooper Kupp,LAR,20.0
2977187,2024_13_LAR_NO,0,0,0,0,0,0,0,0,3,6,17,0,2024,Cooper Kupp,LAR,4.7
2977187,2024_14_BUF_LAR,0,0,0,0,0,0,0,0,5,8,92,1,2024,Cooper Kupp,LAR,20.2
2977187,2024_15_LAR_SF,0,0,0,0,0,0,0,0,0,3,0,0,2024,Cooper Kupp,LAR,0.0
2977187,2024_16_LAR_NYJ,0,0,0,0,0,0,0,0,3,3,24,0,2024,Cooper Kupp,LAR,5.4
2977187,2024_17_ARI_LAR,0,0,0,0,0,0,0,0,1,3,29,0,2024,Cooper Kupp,LAR,3.9
2977187,2025_01_SF_SEA,0,0,0,0,0,0,0,0,2,3,15,0,2025,Cooper Kupp,SEA,3.5
2977187,2025_02_SEA_PIT,0,0,0,0,0,0,0,0,7,9,90,0,2025,Cooper Kupp,SEA,16.0
2977187,2025_03_NO_SEA,0,0,0,0,0,0,0,0,2,3,31,0,2025,Cooper Kupp,SEA,5.1
2977187,2025_04_SEA_ARI,0,0,0,0,0,0,0,0,4,5,26,0,2025,Cooper Kupp,SEA,6.6
2977187,2025_05_TB_SEA,0,0,0,0,0,0,0,0,6,9,59,0,2025,Cooper Kupp,SEA,11.9
2977187,2025_06_SEA_JAX,0,0,0,0,0,0,0,0,2,3,40,1,2025,Cooper Kupp,SEA,12.0
2977187,2025_07_HOU_SEA,0,1,0,0,1,0,0,0,1,1,32,0,2025,Cooper Kupp,SEA,3.2
2977187,2025_10_ARI_SEA,0,0,0,0,0,0,0,0,2,2,74,0,2025,Cooper Kupp,SEA,9.4
2977187,2025_11_SEA_LAR,0,0,0,0,0,0,0,0,3,7,23,0,2025,Cooper Kupp,SEA,5.3
2977187,2025_12_SEA_TEN,0,0,0,0,0,0,0,0,2,4,24,0,2025,Cooper Kupp,SEA,4.4
2977187,2025_13_MIN_SEA,0,0,0,0,0,0,0,0,3,4,24,0,2025,Cooper Kupp,SEA,5.4
2977187,2025_14_SEA_ATL,0,0,0,0,0,0,0,0,2,3,35,1,2025,Cooper Kupp,SEA,11.5
2977187,2025_15_IND_SEA,0,0,0,0,0,0,0,0,5,7,46,0,2025,Cooper Kupp,SEA,9.6
2977187,2025_16_LAR_SEA,0,0,0,0,0,0,0,0,3,4,39,0,2025,Cooper Kupp,SEA,6.9
2977187,2025_17_SEA_CAR,0,0,0,0,0,0,0,0,1,3,6,0,2025,Cooper Kupp,SEA,1.6
2977187,2025_18_SEA_SF,0,0,0,0,0,0,0,0,2,3,29,0,2025,Cooper Kupp,SEA,4.9
2972515,2024_06_DET_DAL,8,11,46,0,1,1,2,0,0,0,0,0,2024,Cooper Rush,DAL,1.04
2972515,2024_09_DAL_ATL,13,25,115,1,0,1,4,0,0,0,0,0,2024,Cooper Rush,DAL,9.0
2972515,2024_10_PHI_DAL,13,23,45,0,0,2,2,0,0,0,0,0,2024,Cooper Rush,DAL,2.0
2972515,2024_11_HOU_DAL,32,55,354,1,1,2,2,0,0,0,0,0,2024,Cooper Rush,DAL,17.36
2972515,2024_12_DAL_WSH,24,32,247,2,0,4,1,0,0,0,0,0,2024,Cooper Rush,DAL,17.98
2972515,2024_13_NYG_DAL,21,36,195,1,0,5,0,0,0,0,0,0,2024,Cooper Rush,DAL,11.8
2972515,2024_14_CIN_DAL,16,31,183,2,1,2,5,0,0,0,0,0,2024,Cooper Rush,DAL,14.82
2972515,2024_15_DAL_CAR,18,29,214,3,0,4,5,0,0,0,0,0,2024,Cooper Rush,DAL,21.06
2972515,2024_16_TB_DAL,26,35,292,1,0,3,-4,0,0,0,0,0,2024,Cooper Rush,DAL,15.28
2972515,2024_17_DAL_PHI,15,28,147,1,2,1,2,0,0,0,0,0,2024,Cooper Rush,DAL,8.08
2972515,2025_02_CLE_BAL,0,0,0,0,0,3,-4,0,0,0,0,0,2025,Cooper Rush,BAL,-0.4
2972515,2025_04_BAL_KC,9,13,52,0,0,0,0,0,0,0,0,0,2025,Cooper Rush,BAL,2.08
2972515,2025_05_HOU_BAL,14,20,179,0,3,0,0,0,0,0,0,0,2025,Cooper Rush,BAL,4.16
2972515,2025_06_LAR_BAL,11,19,72,0,1,1,0,0,0,0,0,0,2025,Cooper Rush,BAL,1.88
15807,2024_01_PIT_ATL,0,0,0,0,0,4,13,0,0,0,0,0,2024,Cordarrelle Patterson,PIT,1.3
15807,2024_03_LAC_PIT,0,0,0,0,0,4,33,0,3,5,15,0,2024,Cordarrelle Patterson,PIT,7.8
15807,2024_04_PIT_IND,0,0,0,0,0,6,43,0,2,2,19,0,2024,Cordarrelle Patterson,PIT,8.2
15807,2024_10_PIT_WSH,0,0,0,0,0,3,14,0,0,0,0,0,2024,Cordarrelle Patterson,PIT,1.4
15807,2024_11_BAL_PIT,0,0,0,0,0,1,0,0,1,1,0,0,2024,Cordarrelle Patterson,PIT,1.0
15807,2024_13_PIT_CIN,0,0,0,0,0,3,16,0,3,3,37,0,2024,Cordarrelle Patterson,PIT,8.3
15807,2024_14_CLE_PIT,0,0,0,0,0,4,3,0,1,1,-2,0,2024,Cordarrelle Patterson,PIT,1.1
15807,2024_15_PIT_PHI,0,0,0,0,0,2,9,0,1,1,-1,0,2024,Cordarrelle Patterson,PIT,1.8
15807,2024_16_PIT_BAL,0,0,0,0,0,0,0,0,1,1,12,1,2024,Cordarrelle Patterson,PIT,8.2
4431431,2025_16_ATL_ARI,0,0,0,0,0,6,32,0,0,0,0,0,2025,Corey Kiner,ARI,3.2
4431431,2025_18_ARI_LAR,0,0,0,0,0,3,13,0,2,3,15,0,2025,Corey Kiner,ARI,4.8
3128429,2024_01_DEN_SEA,0,0,0,0,0,0,0,0,4,12,38,0,2024,Courtland Sutton,DEN,7.8
3128429,2024_02_PIT_DEN,0,0,0,0,0,0,0,0,1,4,26,0,2024,Courtland Sutton,DEN,3.6
3128429,2024_03_DEN_TB,0,0,0,0,0,0,0,0,7,11,68,0,2024,Courtland Sutton,DEN,13.8
3128429,2024_04_DEN_NYJ,0,0,0,0,0,0,0,0,3,9,60,1,2024,Courtland Sutton,DEN,15.0
3128429,2024_05_LV_DEN,0,0,0,0,0,0,0,0,2,5,32,0,2024,Courtland Sutton,DEN,5.2
3128429,2024_06_LAC_DEN,0,0,0,0,0,0,0,0,4,6,53,1,2024,Courtland Sutton,DEN,15.3
3128429,2024_08_CAR_DEN,1,1,28,0,0,0,0,0,8,11,100,0,2024,Courtland Sutton,DEN,19.12
3128429,2024_09_DEN_BAL,1,1,2,1,0,0,0,0,7,10,122,0,2024,Courtland Sutton,DEN,23.28
3128429,2024_10_DEN_KC,0,0,0,0,0,0,0,0,6,9,70,1,2024,Courtland Sutton,DEN,19.0
3128429,2024_11_ATL_DEN,0,0,0,0,0,0,0,0,7,8,78,0,2024,Courtland Sutton,DEN,14.8
3128429,2024_12_DEN_LV,0,0,0,0,0,0,0,0,8,10,97,2,2024,Courtland Sutton,DEN,29.7
3128429,2024_13_CLE_DEN,0,0,0,0,0,0,0,0,6,9,102,0,2024,Courtland Sutton,DEN,16.2
3128429,2024_15_IND_DEN,0,0,0,0,0,0,0,0,3,9,32,1,2024,Courtland Sutton,DEN,12.2
3128429,2024_16_DEN_LAC,0,0,0,0,0,0,0,0,5,6,50,0,2024,Courtland Sutton,DEN,10.0
3128429,2024_17_DEN_CIN,0,0,0,0,0,0,0,0,5,9,55,1,2024,Courtland Sutton,DEN,16.5
3128429,2024_18_KC_DEN,0,0,0,0,0,0,0,0,5,7,98,1,2024,Courtland Sutton,DEN,20.8
3128429,2025_01_TEN_DEN,0,0,0,0,0,0,0,0,6,9,61,1,2025,Courtland Sutton,DEN,18.1
3128429,2025_02_DEN_IND,0,0,0,0,0,0,0,0,1,4,6,0,2025,Courtland Sutton,DEN,1.6
3128429,2025_03_DEN_LAC,0,0,0,0,0,0,0,0,6,8,118,1,2025,Courtland Sutton,DEN,23.8
3128429,2025_04_CIN_DEN,0,0,0,0,0,0,0,0,5,6,81,1,2025,Courtland Sutton,DEN,19.1
3128429,2025_05_DEN_PHI,0,0,0,0,0,0,0,0,8,10,99,0,2025,Courtland Sutton,DEN,17.9
3128429,2025_06_DEN_NYJ,0,0,0,0,0,0,0,0,1,3,17,0,2025,Courtland Sutton,DEN,2.7
3128429,2025_07_NYG_DEN,0,0,0,0,0,0,0,0,6,10,87,0,2025,Courtland Sutton,DEN,14.7
3128429,2025_08_DAL_DEN,0,0,0,0,0,0,0,0,4,6,67,0,2025,Courtland Sutton,DEN,10.7
3128429,2025_09_DEN_HOU,0,0,0,0,0,0,0,0,1,6,30,1,2025,Courtland Sutton,DEN,10.0
3128429,2025_10_LV_DEN,0,0,0,0,0,0,0,0,3,4,24,0,2025,Courtland Sutton,DEN,5.4
3128429,2025_11_KC_DEN,0,0,0,0,0,0,0,0,4,8,59,0,2025,Courtland Sutton,DEN,9.9
3128429,2025_13_DEN_WSH,0,0,0,0,0,0,0,0,5,6,62,1,2025,Courtland Sutton,DEN,17.2
3128429,2025_14_DEN_LV,0,0,0,0,0,0,0,0,6,10,62,0,2025,Courtland Sutton,DEN,12.2
3128429,2025_15_GB_DEN,0,0,0,0,0,0,0,0,7,10,113,1,2025,Courtland Sutton,DEN,24.3
3128429,2025_16_JAX_DEN,0,0,0,0,0,0,0,0,6,12,86,1,2025,Courtland Sutton,DEN,20.6
3128429,2025_17_DEN_KC,0,0,0,0,0,0,0,0,4,10,40,0,2025,Courtland Sutton,DEN,8.0
3128429,2025_18_LAC_DEN,0,0,0,0,0,0,0,0,1,2,5,0,2025,Courtland Sutton,DEN,1.5
4421446,2024_06_DET_DAL,0,0,0,0,0,6,21,0,0,0,0,0,2024,Craig Reynolds,DET,2.1
4421446,2024_08_TEN_DET,0,0,0,0,0,3,3,0,0,0,0,0,2024,Craig Reynolds,DET,0.3
4421446,2024_16_DET_CHI,0,0,0,0,0,4,18,0,1,1,5,0,2024,Craig Reynolds,DET,3.3
4421446,2024_17_DET_SF,0,0,0,0,0,7,31,0,2,2,35,0,2024,Craig Reynolds,DET,8.6
4421446,2024_18_MIN_DET,0,0,0,0,0,8,39,0,0,2,0,0,2024,Craig Reynolds,DET,3.9
4421446,2025_02_CHI_DET,0,0,0,0,0,3,4,0,0,0,0,0,2025,Craig Reynolds,DET,0.4
3121427,2024_01_ARI_BUF,0,0,0,0,0,0,0,0,2,2,15,0,2024,Curtis Samuel,BUF,3.5
3121427,2024_02_BUF_MIA,0,0,0,0,0,0,0,0,1,2,3,0,2024,Curtis Samuel,BUF,1.3
3121427,2024_03_JAX_BUF,0,0,0,0,0,1,0,0,3,3,22,0,2024,Curtis Samuel,BUF,5.2
3121427,2024_04_BUF_BAL,0,0,0,0,0,1,7,0,2,2,8,0,2024,Curtis Samuel,BUF,3.5
3121427,2024_05_BUF_HOU,0,0,0,0,0,1,-1,0,1,4,0,0,2024,Curtis Samuel,BUF,0.9
3121427,2024_06_BUF_NYJ,0,0,0,0,0,0,0,0,3,4,44,0,2024,Curtis Samuel,BUF,7.4
3121427,2024_07_TEN_BUF,0,0,0,0,0,0,0,0,0,1,0,0,2024,Curtis Samuel,BUF,0.0
3121427,2024_09_MIA_BUF,0,0,0,0,0,0,0,0,0,1,0,0,2024,Curtis Samuel,BUF,0.0
3121427,2024_10_BUF_IND,0,0,0,0,0,0,0,0,4,8,35,0,2024,Curtis Samuel,BUF,7.5
3121427,2024_11_KC_BUF,0,0,0,0,0,0,0,0,5,6,58,1,2024,Curtis Samuel,BUF,16.8
3121427,2024_14_BUF_LAR,0,0,0,0,0,1,1,0,2,3,15,0,2024,Curtis Samuel,BUF,3.6
3121427,2024_15_BUF_DET,0,0,0,0,0,0,0,0,1,2,1,0,2024,Curtis Samuel,BUF,1.1
3121427,2024_18_BUF_NE,0,0,0,0,0,0,0,0,7,8,52,0,2024,Curtis Samuel,BUF,12.2
3121427,2025_04_NO_BUF,0,0,0,0,0,0,0,0,1,2,9,0,2025,Curtis Samuel,BUF,1.9
3121427,2025_05_NE_BUF,0,0,0,0,0,0,0,0,2,2,26,1,2025,Curtis Samuel,BUF,10.6
3121427,2025_09_KC_BUF,0,0,0,0,0,0,0,0,1,1,6,0,2025,Curtis Samuel,BUF,1.6
3121427,2025_10_BUF_MIA,0,0,0,0,0,0,0,0,1,1,21,0,2025,Curtis Samuel,BUF,3.1
3121427,2025_11_TB_BUF,0,0,0,0,0,0,0,0,2,3,19,0,2025,Curtis Samuel,BUF,3.9
4259545,2024_01_TEN_CHI,0,0,0,0,0,10,30,0,0,1,0,0,2024,D'Andre Swift,CHI,3.0
4259545,2024_02_CHI_HOU,0,0,0,0,0,14,18,0,4,5,24,0,2024,D'Andre Swift,CHI,8.2
4259545,2024_03_CHI_IND,0,0,0,0,0,13,20,0,2,4,22,0,2024,D'Andre Swift,CHI,6.2
4259545,2024_04_LAR_CHI,0,0,0,0,0,16,93,1,7,7,72,0,2024,D'Andre Swift,CHI,29.5
4259545,2024_05_CAR_CHI,0,0,0,0,0,21,73,1,2,2,47,0,2024,D'Andre Swift,CHI,20.0
4259545,2024_06_JAX_CHI,0,0,0,0,0,17,91,1,4,4,28,0,2024,D'Andre Swift,CHI,21.9
4259545,2024_08_CHI_WSH,0,0,0,0,0,18,129,1,0,0,0,0,2024,D'Andre Swift,CHI,18.9
4259545,2024_09_CHI_ARI,0,0,0,0,0,16,51,0,6,6,31,0,2024,D'Andre Swift,CHI,14.2
4259545,2024_10_NE_CHI,0,0,0,0,0,16,59,0,1,1,6,0,2024,D'Andre Swift,CHI,7.5
4259545,2024_11_GB_CHI,0,0,0,0,0,14,71,1,2,2,13,0,2024,D'Andre Swift,CHI,16.4
4259545,2024_12_MIN_CHI,0,0,0,0,0,13,30,0,3,4,35,0,2024,D'Andre Swift,CHI,9.5
4259545,2024_13_CHI_DET,0,0,0,0,0,11,39,0,2,3,35,0,2024,D'Andre Swift,CHI,9.4
4259545,2024_14_CHI_SF,0,0,0,0,0,14,38,0,1,2,2,0,2024,D'Andre Swift,CHI,5.0
4259545,2024_15_CHI_MIN,0,0,0,0,0,19,79,0,1,1,10,0,2024,D'Andre Swift,CHI,9.9
4259545,2024_16_DET_CHI,0,0,0,0,0,9,20,0,3,3,33,0,2024,D'Andre Swift,CHI,8.3
4259545,2024_17_SEA_CHI,0,0,0,0,0,12,53,0,4,5,28,0,2024,D'Andre Swift,CHI,12.1
4259545,2024_18_CHI_GB,0,0,0,0,0,20,65,1,0,2,0,0,2024,D'Andre Swift,CHI,12.5
4259545,2025_01_MIN_CHI,0,0,0,0,0,17,53,0,3,5,12,0,2025,D'Andre Swift,CHI,9.5
4259545,2025_02_CHI_DET,0,0,0,0,0,12,63,1,3,3,6,0,2025,D'Andre Swift,CHI,15.9
4259545,2025_03_DAL_CHI,0,0,0,0,0,13,33,0,3,4,45,0,2025,D'Andre Swift,CHI,10.8
4259545,2025_04_CHI_LV,0,0,0,0,0,14,38,1,4,6,22,0,2025,D'Andre Swift,CHI,16.0
4259545,2025_06_CHI_WSH,0,0,0,0,0,14,108,0,2,3,67,1,2025,D'Andre Swift,CHI,25.5
4259545,2025_07_NO_CHI,0,0,0,0,0,19,124,1,1,1,14,0,2025,D'Andre Swift,CHI,20.8
4259545,2025_08_CHI_BAL,0,0,0,0,0,11,45,1,2,2,26,0,2025,D'Andre Swift,CHI,15.1
4259545,2025_10_NYG_CHI,0,0,0,0,0,13,80,0,5,8,18,0,2025,D'Andre Swift,CHI,14.8
4259545,2025_11_CHI_MIN,0,0,0,0,0,21,90,0,0,1,0,0,2025,D'Andre Swift,CHI,9.0
4259545,2025_12_PIT_CHI,0,0,0,0,0,8,15,0,1,1,14,0,2025,D'Andre Swift,CHI,3.9
4259545,2025_13_CHI_PHI,0,0,0,0,0,18,125,1,1,2,13,0,2025,D'Andre Swift,CHI,20.8
4259545,2025_14_CHI_GB,0,0,0,0,0,13,63,0,3,4,19,0,2025,D'Andre Swift,CHI,11.2
4259545,2025_15_CLE_CHI,0,0,0,0,0,18,98,2,1,1,-2,0,2025,D'Andre Swift,CHI,22.6
4259545,2025_16_GB_CHI,0,0,0,0,0,13,58,0,2,2,12,0,2025,D'Andre Swift,CHI,9.0
4259545,2025_17_CHI_SF,0,0,0,0,0,9,54,2,2,3,25,0,2025,D'Andre Swift,CHI,21.9
4259545,2025_18_DET_CHI,0,0,0,0,0,10,40,0,1,2,8,0,2025,D'Andre Swift,CHI,5.8
3139602,2024_02_CLE_JAX,0,0,0,0,0,5,26,0,0,0,0,0,2024,D'Ernest Johnson,JAX,2.6
3139602,2024_03_JAX_BUF,0,0,0,0,0,2,12,0,0,1,0,0,2024,D'Ernest Johnson,JAX,1.2
3139602,2024_05_IND_JAX,0,0,0,0,0,1,1,0,2,3,9,0,2024,D'Ernest Johnson,JAX,3.0
3139602,2024_06_JAX_CHI,0,0,0,0,0,6,28,0,2,2,16,0,2024,D'Ernest Johnson,JAX,6.4
3139602,2024_07_NE_JAX,0,0,0,0,0,9,38,0,3,4,32,0,2024,D'Ernest Johnson,JAX,10.0
3139602,2024_08_GB_JAX,0,0,0,0,0,1,3,0,1,2,20,0,2024,D'Ernest Johnson,JAX,3.3
3139602,2024_09_JAX_PHI,0,0,0,0,0,2,6,0,0,1,0,0,2024,D'Ernest Johnson,JAX,0.6
3139602,2024_16_JAX_LV,0,0,0,0,0,0,0,0,1,2,8,0,2024,D'Ernest Johnson,JAX,1.8
3139602,2024_17_TEN_JAX,0,0,0,0,0,0,0,0,2,2,11,0,2024,D'Ernest Johnson,JAX,3.1
3139602,2024_18_JAX_IND,0,0,0,0,0,2,26,0,1,2,0,0,2024,D'Ernest Johnson,JAX,3.6
3139602,2025_11_NYJ_NE,0,0,0,0,0,3,6,0,0,0,0,0,2025,D'Ernest Johnson,NE,0.6
3139602,2025_17_NE_NYJ,0,0,0,0,0,4,5,0,0,0,0,0,2025,D'Ernest Johnson,NE,0.5
3139602,2025_18_MIA_NE,0,0,0,0,0,5,13,0,0,0,0,0,2025,D'Ernest Johnson,NE,1.3
3125116,2024_02_CLE_JAX,0,0,0,0,0,14,42,0,1,1,9,0,2024,D'Onta Foreman,CLE,6.1
3125116,2024_04_CLE_LV,0,0,0,0,0,4,2,0,1,1,5,0,2024,D'Onta Foreman,CLE,1.7
3125116,2024_05_CLE_WSH,0,0,0,0,0,9,44,0,1,1,16,0,2024,D'Onta Foreman,CLE,7.0
3125116,2024_06_CLE_PHI,0,0,0,0,0,10,31,0,2,2,16,0,2024,D'Onta Foreman,CLE,6.7
3125116,2024_08_BAL_CLE,0,0,0,0,0,5,26,0,0,0,0,0,2024,D'Onta Foreman,CLE,2.6
3125116,2024_17_MIA_CLE,0,0,0,0,0,13,49,0,0,2,0,0,2024,D'Onta Foreman,CLE,4.9
3125116,2024_18_CLE_BAL,0,0,0,0,0,10,27,0,1,1,8,0,2024,D'Onta Foreman,CLE,4.5
3115394,2024_14_LAC_KC,0,0,0,0,0,0,0,0,1,1,9,0,2024,DJ Chark,LAC,1.9
3115394,2024_15_TB_LAC,0,0,0,0,0,0,0,0,2,2,16,0,2024,DJ Chark,LAC,3.6
3115394,2024_17_LAC_NE,0,0,0,0,0,0,0,0,0,4,0,0,2024,DJ Chark,LAC,0.0
3115394,2024_18_LAC_LV,0,0,0,0,0,0,0,0,1,3,6,1,2024,DJ Chark,LAC,7.6
4874509,2025_01_MIA_IND,0,0,0,0,0,12,41,0,0,0,0,0,2025,DJ Giddens,IND,4.1
4874509,2025_02_DEN_IND,0,0,0,0,0,0,0,0,0,1,0,0,2025,DJ Giddens,IND,0.0
4874509,2025_05_LV_IND,0,0,0,0,0,5,22,0,0,1,0,0,2025,DJ Giddens,IND,2.2
4874509,2025_18_IND_HOU,0,0,0,0,0,8,30,0,0,0,0,0,2025,DJ Giddens,IND,3.0
3915416,2024_01_TEN_CHI,0,0,0,0,0,1,14,0,5,8,36,0,2024,DJ Moore,CHI,10.0
3915416,2024_02_CHI_HOU,0,0,0,0,0,0,0,0,6,10,53,0,2024,DJ Moore,CHI,11.3
3915416,2024_03_CHI_IND,0,0,0,0,0,1,-6,0,8,10,78,0,2024,DJ Moore,CHI,15.2
3915416,2024_04_LAR_CHI,0,0,0,0,0,0,0,0,3,6,22,1,2024,DJ Moore,CHI,11.2
3915416,2024_05_CAR_CHI,0,0,0,0,0,0,0,0,5,8,105,2,2024,DJ Moore,CHI,27.5
3915416,2024_06_JAX_CHI,0,0,0,0,0,0,0,0,4,5,20,0,2024,DJ Moore,CHI,6.0
3915416,2024_08_CHI_WSH,0,0,0,0,0,2,7,0,2,4,27,0,2024,DJ Moore,CHI,5.4
3915416,2024_09_CHI_ARI,0,0,0,0,0,0,0,0,4,9,33,0,2024,DJ Moore,CHI,7.3
3915416,2024_10_NE_CHI,0,0,0,0,0,1,3,0,3,6,24,0,2024,DJ Moore,CHI,5.7
3915416,2024_11_GB_CHI,0,0,0,0,0,1,5,0,7,7,62,0,2024,DJ Moore,CHI,13.7
3915416,2024_12_MIN_CHI,0,1,0,0,0,1,13,0,7,7,106,1,2024,DJ Moore,CHI,24.9
3915416,2024_13_CHI_DET,0,0,0,0,0,0,0,0,8,16,97,1,2024,DJ Moore,CHI,23.7
3915416,2024_14_CHI_SF,0,0,0,0,0,0,0,0,6,8,49,0,2024,DJ Moore,CHI,10.9
3915416,2024_15_CHI_MIN,0,0,0,0,0,3,24,0,8,8,46,0,2024,DJ Moore,CHI,15.0
3915416,2024_16_DET_CHI,0,0,0,0,0,1,2,0,7,10,68,0,2024,DJ Moore,CHI,14.0
3915416,2024_17_SEA_CHI,0,0,0,0,0,2,8,0,6,8,54,0,2024,DJ Moore,CHI,12.2
3915416,2024_18_CHI_GB,0,0,0,0,0,1,5,0,9,10,86,1,2024,DJ Moore,CHI,24.1
3915416,2025_01_MIN_CHI,0,0,0,0,0,3,8,0,3,5,68,0,2025,DJ Moore,CHI,10.6
3915416,2025_02_CHI_DET,0,0,0,0,0,0,0,0,5,6,46,0,2025,DJ Moore,CHI,9.6
3915416,2025_03_DAL_CHI,0,0,0,0,0,3,7,0,4,5,21,1,2025,DJ Moore,CHI,12.8
3915416,2025_04_CHI_LV,0,0,0,0,0,0,0,0,4,5,38,0,2025,DJ Moore,CHI,7.8
3915416,2025_06_CHI_WSH,0,0,0,0,0,2,10,0,3,5,42,0,2025,DJ Moore,CHI,8.2
3915416,2025_07_NO_CHI,0,0,0,0,0,1,9,0,3,5,43,0,2025,DJ Moore,CHI,8.2
3915416,2025_08_CHI_BAL,0,0,0,0,0,2,3,0,4,7,73,0,2025,DJ Moore,CHI,11.6
3915416,2025_09_CHI_CIN,1,1,2,1,0,1,17,1,4,6,72,0,2025,DJ Moore,CHI,22.98
3915416,2025_10_NYG_CHI,0,0,0,0,0,0,0,0,0,4,0,0,2025,DJ Moore,CHI,0.0
3915416,2025_11_CHI_MIN,0,0,0,0,0,1,3,0,1,3,18,0,2025,DJ Moore,CHI,3.1
3915416,2025_12_PIT_CHI,0,0,0,0,0,0,0,0,5,7,64,2,2025,DJ Moore,CHI,23.4
3915416,2025_13_CHI_PHI,0,0,0,0,0,1,10,0,2,5,17,0,2025,DJ Moore,CHI,4.7
3915416,2025_14_CHI_GB,0,0,0,0,0,0,0,0,1,3,-4,0,2025,DJ Moore,CHI,0.6
3915416,2025_15_CLE_CHI,0,0,0,0,0,0,0,0,4,5,69,2,2025,DJ Moore,CHI,22.9
3915416,2025_16_GB_CHI,0,0,0,0,0,1,12,0,5,7,97,1,2025,DJ Moore,CHI,21.9
3915416,2025_17_CHI_SF,0,0,0,0,0,0,0,0,1,4,7,0,2025,DJ Moore,CHI,1.7
3915416,2025_18_DET_CHI,0,0,0,0,0,0,0,0,1,3,11,0,2025,DJ Moore,CHI,2.1
4036211,2024_01_LV_LAC,0,0,0,0,0,0,0,0,1,1,9,0,2024,DJ Turner,LV,1.9
4036211,2024_04_CLE_LV,0,0,0,0,0,1,18,1,0,1,0,0,2024,DJ Turner,LV,7.8
4036211,2024_05_LV_DEN,0,0,0,0,0,1,5,0,1,4,12,0,2024,DJ Turner,LV,2.7
4036211,2024_06_PIT_LV,0,0,0,0,0,0,0,0,2,4,37,0,2024,DJ Turner,LV,5.7
4036211,2024_07_LV_LAR,0,0,0,0,0,1,4,0,2,7,13,0,2024,DJ Turner,LV,3.7
4036211,2024_08_KC_LV,0,0,0,0,0,1,4,0,4,4,28,1,2024,DJ Turner,LV,13.2
4036211,2024_11_LV_MIA,0,0,0,0,0,0,0,0,3,3,29,0,2024,DJ Turner,LV,5.9
4036211,2024_12_DEN_LV,0,0,0,0,0,0,0,0,2,4,5,0,2024,DJ Turner,LV,2.5
4036211,2024_13_LV_KC,0,0,0,0,0,0,0,0,1,1,25,0,2024,DJ Turner,LV,3.5
4047650,2024_01_DEN_SEA,0,0,0,0,0,0,0,0,3,4,29,0,2024,DK Metcalf,SEA,5.9
4047650,2024_02_SEA_NE,0,0,0,0,0,0,0,0,10,14,129,1,2024,DK Metcalf,SEA,28.9
4047650,2024_03_MIA_SEA,0,0,0,0,0,0,0,0,4,6,104,1,2024,DK Metcalf,SEA,20.4
4047650,2024_04_SEA_DET,0,0,0,0,0,0,0,0,7,12,104,0,2024,DK Metcalf,SEA,17.4
4047650,2024_05_NYG_SEA,0,0,0,0,0,0,0,0,4,7,55,0,2024,DK Metcalf,SEA,9.5
4047650,2024_06_SF_SEA,0,0,0,0,0,0,0,0,3,11,48,0,2024,DK Metcalf,SEA,7.8
4047650,2024_07_SEA_ATL,0,0,0,0,0,0,0,0,4,7,99,1,2024,DK Metcalf,SEA,19.9
4047650,2024_11_SEA_SF,0,0,0,0,0,0,0,0,7,9,70,0,2024,DK Metcalf,SEA,14.0
4047650,2024_12_ARI_SEA,0,0,0,0,0,0,0,0,4,5,59,0,2024,DK Metcalf,SEA,9.9
4047650,2024_13_SEA_NYJ,0,0,0,0,0,0,0,0,4,9,66,0,2024,DK Metcalf,SEA,10.6
4047650,2024_14_SEA_ARI,0,0,0,0,0,0,0,0,4,6,49,0,2024,DK Metcalf,SEA,8.9
4047650,2024_15_GB_SEA,0,0,0,0,0,0,0,0,3,3,28,0,2024,DK Metcalf,SEA,5.8
4047650,2024_16_MIN_SEA,0,0,0,0,0,0,0,0,3,7,57,1,2024,DK Metcalf,SEA,14.7
4047650,2024_17_SEA_CHI,0,0,0,0,0,0,0,0,3,3,42,0,2024,DK Metcalf,SEA,7.2
4047650,2024_18_SEA_LAR,0,0,0,0,0,0,0,0,3,5,53,1,2024,DK Metcalf,SEA,14.3
4047650,2025_01_PIT_NYJ,0,0,0,0,0,0,0,0,4,7,83,0,2025,DK Metcalf,PIT,12.3
4047650,2025_02_SEA_PIT,0,0,0,0,0,0,0,0,3,6,20,1,2025,DK Metcalf,PIT,11.0
4047650,2025_03_PIT_NE,0,0,0,0,0,0,0,0,3,4,32,1,2025,DK Metcalf,PIT,12.2
4047650,2025_04_MIN_PIT,0,0,0,0,0,0,0,0,5,5,126,1,2025,DK Metcalf,PIT,23.6
4047650,2025_06_CLE_PIT,0,0,0,0,0,0,0,0,4,9,95,1,2025,DK Metcalf,PIT,19.5
4047650,2025_07_PIT_CIN,0,0,0,0,0,0,0,0,3,5,50,0,2025,DK Metcalf,PIT,8.0
4047650,2025_08_GB_PIT,0,0,0,0,0,0,0,0,5,7,55,1,2025,DK Metcalf,PIT,16.5
4047650,2025_09_IND_PIT,0,0,0,0,0,0,0,0,2,4,6,0,2025,DK Metcalf,PIT,2.6
4047650,2025_10_PIT_LAC,0,0,0,0,0,0,0,0,3,7,35,0,2025,DK Metcalf,PIT,6.5
4047650,2025_11_CIN_PIT,0,0,0,0,0,0,0,0,5,8,49,0,2025,DK Metcalf,PIT,9.9
4047650,2025_12_PIT_CHI,0,0,0,0,0,2,12,1,5,8,22,0,2025,DK Metcalf,PIT,14.4
4047650,2025_13_BUF_PIT,0,0,0,0,0,0,0,0,3,5,32,0,2025,DK Metcalf,PIT,6.2
4047650,2025_14_PIT_BAL,0,0,0,0,0,0,0,0,7,12,148,0,2025,DK Metcalf,PIT,21.8
4047650,2025_15_MIA_PIT,0,0,0,0,0,0,0,0,3,3,55,1,2025,DK Metcalf,PIT,14.5
4047650,2025_16_PIT_DET,0,0,0,0,0,0,0,0,4,9,42,0,2025,DK Metcalf,PIT,8.2
2577417,2024_01_DAL_CLE,19,32,179,1,0,1,3,0,0,0,0,0,2024,Dak Prescott,DAL,11.46
2577417,2024_02_NO_DAL,27,39,293,1,2,2,12,0,0,0,0,0,2024,Dak Prescott,DAL,14.92
2577417,2024_03_BAL_DAL,28,51,379,2,0,2,7,1,0,0,0,0,2024,Dak Prescott,DAL,29.86
2577417,2024_04_DAL_NYG,22,27,221,2,0,2,-1,0,0,0,0,0,2024,Dak Prescott,DAL,16.74
2577417,2024_05_DAL_PIT,29,42,352,2,2,1,3,0,0,0,0,0,2024,Dak Prescott,DAL,20.38
2577417,2024_06_DET_DAL,17,33,178,0,2,1,1,0,0,0,0,0,2024,Dak Prescott,DAL,5.22
2577417,2024_08_DAL_SF,25,38,243,2,2,1,-1,0,0,0,0,0,2024,Dak Prescott,DAL,15.62
2577417,2024_09_DAL_ATL,18,24,133,1,0,3,30,0,0,0,0,0,2024,Dak Prescott,DAL,12.32
2577417,2025_01_DAL_PHI,21,34,188,0,0,1,3,0,0,0,0,0,2025,Dak Prescott,DAL,7.82
2577417,2025_02_NYG_DAL,38,52,361,2,1,3,17,0,0,0,0,0,2025,Dak Prescott,DAL,23.14
2577417,2025_03_DAL_CHI,31,40,251,1,2,0,0,0,0,0,0,0,2025,Dak Prescott,DAL,12.04
2577417,2025_04_GB_DAL,31,40,319,3,0,1,2,1,0,0,0,0,2025,Dak Prescott,DAL,30.96
2577417,2025_05_DAL_NYJ,18,29,237,4,0,7,28,0,0,0,0,0,2025,Dak Prescott,DAL,28.28
2577417,2025_06_DAL_CAR,25,34,261,3,0,2,-1,0,0,0,0,0,2025,Dak Prescott,DAL,22.34
2577417,2025_07_WSH_DAL,21,30,264,3,0,5,7,0,0,0,0,0,2025,Dak Prescott,DAL,23.26
2577417,2025_08_DAL_DEN,19,31,188,0,2,6,31,0,0,0,0,0,2025,Dak Prescott,DAL,8.62
2577417,2025_09_ARI_DAL,24,39,250,1,1,4,34,0,0,0,0,0,2025,Dak Prescott,DAL,16.4
2577417,2025_11_DAL_LV,25,33,268,4,0,4,-4,0,0,0,0,0,2025,Dak Prescott,DAL,26.32
2577417,2025_12_PHI_DAL,23,36,354,2,1,5,9,1,0,0,0,0,2025,Dak Prescott,DAL,28.06
2577417,2025_13_KC_DAL,27,39,320,2,1,3,-2,0,0,0,0,0,2025,Dak Prescott,DAL,19.6
2577417,2025_14_DAL_DET,31,47,376,1,2,3,14,0,0,0,0,0,2025,Dak Prescott,DAL,18.44
2577417,2025_15_MIN_DAL,23,38,294,0,0,1,2,0,0,0,0,0,2025,Dak Prescott,DAL,11.96
2577417,2025_16_LAC_DAL,21,30,244,2,0,2,14,0,0,0,0,0,2025,Dak Prescott,DAL,19.16
2577417,2025_17_DAL_WSH,19,37,307,2,0,4,24,0,0,0,0,0,2025,Dak Prescott,DAL,22.68
2577417,2025_18_DAL_NYG,7,11,70,0,0,2,-1,0,0,0,0,0,2025,Dak Prescott,DAL,2.7
3121023,2024_01_GB_PHI,0,0,0,0,0,0,0,0,4,5,31,0,2024,Dallas Goedert,PHI,7.1
3121023,2024_02_ATL_PHI,0,0,0,0,0,0,0,0,3,4,38,0,2024,Dallas Goedert,PHI,6.8
3121023,2024_03_PHI_NO,0,0,0,0,0,0,0,0,10,11,170,0,2024,Dallas Goedert,PHI,27.0
3121023,2024_04_PHI_TB,0,0,0,0,0,0,0,0,7,8,62,0,2024,Dallas Goedert,PHI,13.2
3121023,2024_06_CLE_PHI,0,0,0,0,0,0,0,0,0,1,0,0,2024,Dallas Goedert,PHI,0.0
3121023,2024_10_PHI_DAL,0,0,0,0,0,0,0,0,2,3,25,1,2024,Dallas Goedert,PHI,10.5
3121023,2024_11_WSH_PHI,0,0,0,0,0,0,0,0,5,5,61,0,2024,Dallas Goedert,PHI,11.1
3121023,2024_12_PHI_LAR,0,0,0,0,0,0,0,0,4,5,19,0,2024,Dallas Goedert,PHI,5.9
3121023,2024_13_PHI_BAL,0,0,0,0,0,0,0,0,3,4,35,1,2024,Dallas Goedert,PHI,12.5
3121023,2024_18_NYG_PHI,0,0,0,0,0,0,0,0,4,6,55,0,2024,Dallas Goedert,PHI,9.5
3121023,2025_01_DAL_PHI,0,0,0,0,0,0,0,0,7,7,44,0,2025,Dallas Goedert,PHI,11.4
3121023,2025_03_LAR_PHI,0,0,0,0,0,0,0,0,1,2,33,1,2025,Dallas Goedert,PHI,10.3
3121023,2025_04_PHI_TB,0,0,0,0,0,0,0,0,4,4,37,2,2025,Dallas Goedert,PHI,19.7
3121023,2025_05_DEN_PHI,0,0,0,0,0,0,0,0,3,9,19,1,2025,Dallas Goedert,PHI,10.9
3121023,2025_06_PHI_NYG,0,0,0,0,0,0,0,0,9,11,110,1,2025,Dallas Goedert,PHI,26.0
3121023,2025_07_PHI_MIN,0,0,0,0,0,0,0,0,3,3,18,0,2025,Dallas Goedert,PHI,4.8
3121023,2025_08_NYG_PHI,0,0,0,0,0,0,0,0,3,3,28,2,2025,Dallas Goedert,PHI,17.8
3121023,2025_10_PHI_GB,0,0,0,0,0,0,0,0,4,6,43,0,2025,Dallas Goedert,PHI,8.3
3121023,2025_11_DET_PHI,0,0,0,0,0,0,0,0,2,5,24,0,2025,Dallas Goedert,PHI,4.4
3121023,2025_12_PHI_DAL,0,0,0,0,0,0,0,0,2,2,20,0,2025,Dallas Goedert,PHI,4.0
3121023,2025_13_CHI_PHI,0,0,0,0,0,0,0,0,2,4,27,0,2025,Dallas Goedert,PHI,4.7
3121023,2025_14_PHI_LAC,0,0,0,0,0,0,0,0,8,10,78,0,2025,Dallas Goedert,PHI,15.8
3121023,2025_15_LV_PHI,0,0,0,0,0,0,0,0,6,7,70,2,2025,Dallas Goedert,PHI,25.0
3121023,2025_16_PHI_WSH,0,0,0,0,0,0,0,0,3,3,32,1,2025,Dallas Goedert,PHI,12.2
3121023,2025_17_PHI_BUF,0,0,0,0,0,0,0,0,3,6,8,1,2025,Dallas Goedert,PHI,9.8
4373634,2024_14_NO_NYG,0,0,0,0,0,0,0,0,1,1,10,0,2024,Dallin Holker,NO,2.0
4373634,2024_18_NO_TB,0,0,0,0,0,0,0,0,2,3,11,0,2024,Dallin Holker,NO,3.1
4385690,2024_01_ARI_BUF,0,0,0,0,0,0,0,0,1,2,11,0,2024,Dalton Kincaid,BUF,2.1
4385690,2024_02_BUF_MIA,0,0,0,0,0,0,0,0,4,4,33,0,2024,Dalton Kincaid,BUF,7.3
4385690,2024_03_JAX_BUF,0,0,0,0,0,0,0,0,3,5,41,1,2024,Dalton Kincaid,BUF,13.1
4385690,2024_04_BUF_BAL,0,0,0,0,0,0,0,0,5,7,47,0,2024,Dalton Kincaid,BUF,9.7
4385690,2024_05_BUF_HOU,0,0,0,0,0,0,0,0,2,6,34,0,2024,Dalton Kincaid,BUF,5.4
4385690,2024_06_BUF_NYJ,0,0,0,0,0,0,0,0,6,7,51,0,2024,Dalton Kincaid,BUF,11.1
4385690,2024_07_TEN_BUF,0,0,0,0,0,0,0,0,3,6,52,0,2024,Dalton Kincaid,BUF,8.2
4385690,2024_08_BUF_SEA,0,0,0,0,0,0,0,0,4,7,31,1,2024,Dalton Kincaid,BUF,13.1
4385690,2024_09_MIA_BUF,0,0,0,0,0,0,0,0,4,10,32,0,2024,Dalton Kincaid,BUF,7.2
4385690,2024_10_BUF_IND,0,0,0,0,0,0,0,0,2,5,24,0,2024,Dalton Kincaid,BUF,4.4
4385690,2024_15_BUF_DET,0,0,0,0,0,0,0,0,4,7,53,0,2024,Dalton Kincaid,BUF,9.3
4385690,2024_16_NE_BUF,0,0,0,0,0,0,0,0,4,7,15,0,2024,Dalton Kincaid,BUF,5.5
4385690,2024_17_NYJ_BUF,0,0,0,0,0,0,0,0,2,2,24,0,2024,Dalton Kincaid,BUF,4.4
4385690,2025_01_BAL_BUF,0,0,0,0,0,0,0,0,4,4,48,1,2025,Dalton Kincaid,BUF,14.8
4385690,2025_02_BUF_NYJ,0,0,0,0,0,0,0,0,4,6,37,0,2025,Dalton Kincaid,BUF,7.7
4385690,2025_03_MIA_BUF,0,0,0,0,0,0,0,0,5,6,66,1,2025,Dalton Kincaid,BUF,17.6
4385690,2025_04_NO_BUF,0,0,0,0,0,0,0,0,1,2,28,1,2025,Dalton Kincaid,BUF,9.8
4385690,2025_05_NE_BUF,0,0,0,0,0,0,0,0,6,6,108,0,2025,Dalton Kincaid,BUF,16.8
4385690,2025_08_BUF_CAR,0,0,0,0,0,0,0,0,1,3,23,0,2025,Dalton Kincaid,BUF,3.3
4385690,2025_09_KC_BUF,0,0,0,0,0,0,0,0,6,6,101,1,2025,Dalton Kincaid,BUF,22.1
4385690,2025_10_BUF_MIA,0,0,0,0,0,0,0,0,2,3,37,0,2025,Dalton Kincaid,BUF,5.7
4385690,2025_14_CIN_BUF,0,0,0,0,0,0,0,0,4,5,41,1,2025,Dalton Kincaid,BUF,14.1
4385690,2025_15_BUF_NE,0,0,0,0,0,0,0,0,3,4,34,0,2025,Dalton Kincaid,BUF,6.4
4385690,2025_16_BUF_CLE,0,0,0,0,0,0,0,0,0,1,0,0,2025,Dalton Kincaid,BUF,0.0
4385690,2025_18_NYJ_BUF,0,0,0,0,0,0,0,0,3,3,48,0,2025,Dalton Kincaid,BUF,7.8
3117256,2024_01_HOU_IND,0,0,0,0,0,0,0,0,3,3,16,0,2024,Dalton Schultz,HOU,4.6
3117256,2024_02_CHI_HOU,0,0,0,0,0,0,0,0,2,3,21,0,2024,Dalton Schultz,HOU,4.1
3117256,2024_03_HOU_MIN,0,0,0,0,0,0,0,0,2,5,11,0,2024,Dalton Schultz,HOU,3.1
3117256,2024_04_JAX_HOU,0,0,0,0,0,0,0,0,3,5,34,0,2024,Dalton Schultz,HOU,6.4
3117256,2024_05_BUF_HOU,0,0,0,0,0,0,0,0,4,6,34,0,2024,Dalton Schultz,HOU,7.4
3117256,2024_06_HOU_NE,0,0,0,0,0,0,0,0,4,8,27,0,2024,Dalton Schultz,HOU,6.7
3117256,2024_07_HOU_GB,0,0,0,0,0,0,0,0,1,2,28,0,2024,Dalton Schultz,HOU,3.8
3117256,2024_08_IND_HOU,0,0,0,0,0,0,0,0,4,6,52,0,2024,Dalton Schultz,HOU,9.2
3117256,2024_09_HOU_NYJ,0,0,0,0,0,0,0,0,3,6,21,0,2024,Dalton Schultz,HOU,5.1
3117256,2024_10_DET_HOU,0,0,0,0,0,0,0,0,3,4,66,0,2024,Dalton Schultz,HOU,9.6
3117256,2024_11_HOU_DAL,0,0,0,0,0,0,0,0,5,7,33,0,2024,Dalton Schultz,HOU,8.3
3117256,2024_12_TEN_HOU,0,0,0,0,0,0,0,0,2,2,20,0,2024,Dalton Schultz,HOU,4.0
3117256,2024_13_HOU_JAX,0,0,0,0,0,0,0,0,5,7,61,1,2024,Dalton Schultz,HOU,17.1
3117256,2024_15_MIA_HOU,0,0,0,0,0,0,0,0,2,4,13,0,2024,Dalton Schultz,HOU,3.3
3117256,2024_16_HOU_KC,0,0,0,0,0,0,0,0,5,8,45,1,2024,Dalton Schultz,HOU,15.5
3117256,2024_17_BAL_HOU,0,0,0,0,0,0,0,0,2,6,21,0,2024,Dalton Schultz,HOU,4.1
3117256,2024_18_HOU_TEN,0,0,0,0,0,0,0,0,3,3,29,0,2024,Dalton Schultz,HOU,5.9
3117256,2025_01_HOU_LAR,0,0,0,0,0,0,0,0,3,5,28,0,2025,Dalton Schultz,HOU,5.8
3117256,2025_02_TB_HOU,0,0,0,0,0,0,0,0,3,4,29,0,2025,Dalton Schultz,HOU,5.9
3117256,2025_03_HOU_JAX,0,0,0,0,0,0,0,0,5,6,39,0,2025,Dalton Schultz,HOU,8.9
3117256,2025_04_TEN_HOU,0,0,0,0,0,0,0,0,5,6,30,0,2025,Dalton Schultz,HOU,8.0
3117256,2025_05_HOU_BAL,0,0,0,0,0,0,0,0,5,6,60,0,2025,Dalton Schultz,HOU,11.0
3117256,2025_07_HOU_SEA,0,0,0,0,0,0,0,0,9,10,98,0,2025,Dalton Schultz,HOU,18.8
3117256,2025_08_SF_HOU,0,0,0,0,0,0,0,0,2,3,24,0,2025,Dalton Schultz,HOU,4.4
3117256,2025_09_DEN_HOU,0,0,0,0,0,0,0,0,6,8,77,0,2025,Dalton Schultz,HOU,13.7
3117256,2025_10_JAX_HOU,0,0,0,0,0,0,0,0,7,11,53,1,2025,Dalton Schultz,HOU,18.3
3117256,2025_11_HOU_TEN,0,0,0,0,0,0,0,0,6,9,51,0,2025,Dalton Schultz,HOU,11.1
3117256,2025_12_BUF_HOU,0,0,0,0,0,0,0,0,1,4,8,0,2025,Dalton Schultz,HOU,1.8
3117256,2025_13_HOU_IND,0,0,0,0,0,0,0,0,7,8,55,0,2025,Dalton Schultz,HOU,12.5
3117256,2025_14_HOU_KC,0,0,0,0,0,0,0,0,3,4,22,0,2025,Dalton Schultz,HOU,5.2
3117256,2025_15_ARI_HOU,0,0,0,0,0,0,0,0,8,9,76,1,2025,Dalton Schultz,HOU,21.6
3117256,2025_16_LV_HOU,0,0,0,0,0,0,0,0,5,5,35,1,2025,Dalton Schultz,HOU,14.5
3117256,2025_17_HOU_LAC,0,0,0,0,0,0,0,0,3,4,19,0,2025,Dalton Schultz,HOU,4.9
3117256,2025_18_IND_HOU,0,0,0,0,0,0,0,0,4,4,73,0,2025,Dalton Schultz,HOU,11.3
3116593,2024_08_DAL_SF,0,0,0,0,0,6,12,0,1,1,10,0,2024,Dalvin Cook,DAL,3.2
4360238,2024_01_HOU_IND,0,0,0,0,0,3,16,0,0,0,0,0,2024,Dameon Pierce,HOU,1.6
4360238,2024_06_HOU_NE,0,0,0,0,0,8,76,1,1,1,1,0,2024,Dameon Pierce,HOU,14.7
4360238,2024_13_HOU_JAX,0,0,0,0,0,0,0,0,1,1,1,0,2024,Dameon Pierce,HOU,1.1
4360238,2024_17_BAL_HOU,0,0,0,0,0,5,13,0,0,0,0,0,2024,Dameon Pierce,HOU,1.3
4360238,2024_18_HOU_TEN,0,0,0,0,0,19,176,1,0,2,0,0,2024,Dameon Pierce,HOU,23.6
4360238,2025_01_HOU_LAR,0,0,0,0,0,3,5,0,0,1,0,0,2025,Dameon Pierce,HOU,0.5
4360238,2025_05_HOU_BAL,0,0,0,0,0,7,21,0,0,0,0,0,2025,Dameon Pierce,HOU,2.1
4360238,2025_18_KC_LV,0,0,0,0,0,4,10,0,0,0,0,0,2025,Dameon Pierce,KC,1.0
3929637,2024_13_TB_CAR,0,0,0,0,0,0,0,0,1,1,6,0,2024,Dan Chisena,CAR,1.6
3929637,2024_16_ARI_CAR,0,0,0,0,0,0,0,0,1,2,23,0,2024,Dan Chisena,CAR,3.3
3929637,2024_17_CAR_TB,0,0,0,0,0,0,0,0,1,1,8,0,2024,Dan Chisena,CAR,1.8
3046435,2024_15_BUF_DET,0,0,0,0,0,0,0,0,1,1,9,1,2024,Dan Skipper,DET,7.9
4361516,2024_01_MIN_NYG,0,0,0,0,0,0,0,0,1,1,3,0,2024,Daniel Bellinger,NYG,1.3
4361516,2024_03_NYG_CLE,0,0,0,0,0,0,0,0,1,1,17,0,2024,Daniel Bellinger,NYG,2.7
4361516,2024_07_PHI_NYG,0,0,0,0,0,0,0,0,1,1,11,0,2024,Daniel Bellinger,NYG,2.1
4361516,2024_14_NO_NYG,0,0,0,0,0,0,0,0,5,7,45,0,2024,Daniel Bellinger,NYG,9.5
4361516,2024_15_BAL_NYG,0,0,0,0,0,0,0,0,3,3,35,0,2024,Daniel Bellinger,NYG,6.5
4361516,2024_16_NYG_ATL,0,0,0,0,0,0,0,0,1,2,5,0,2024,Daniel Bellinger,NYG,1.5
4361516,2024_18_NYG_PHI,0,0,0,0,0,0,0,0,2,2,9,0,2024,Daniel Bellinger,NYG,2.9
4361516,2025_01_NYG_WSH,0,0,0,0,0,0,0,0,1,1,14,0,2025,Daniel Bellinger,NYG,2.4
4361516,2025_03_KC_NYG,0,0,0,0,0,0,0,0,1,1,6,0,2025,Daniel Bellinger,NYG,1.6
4361516,2025_04_LAC_NYG,0,0,0,0,0,0,0,0,1,1,13,0,2025,Daniel Bellinger,NYG,2.3
4361516,2025_05_NYG_NO,0,0,0,0,0,0,0,0,4,4,52,0,2025,Daniel Bellinger,NYG,9.2
4361516,2025_07_NYG_DEN,0,0,0,0,0,0,0,0,3,4,88,1,2025,Daniel Bellinger,NYG,17.8
4361516,2025_08_NYG_PHI,0,0,0,0,0,0,0,0,1,1,21,0,2025,Daniel Bellinger,NYG,3.1
4361516,2025_10_NYG_CHI,0,0,0,0,0,0,0,0,1,2,8,0,2025,Daniel Bellinger,NYG,1.8
4361516,2025_11_GB_NYG,0,0,0,0,0,0,0,0,0,1,0,0,2025,Daniel Bellinger,NYG,0.0
4361516,2025_12_NYG_DET,0,0,0,0,0,0,0,0,0,2,0,0,2025,Daniel Bellinger,NYG,0.0
4361516,2025_15_WSH_NYG,0,0,0,0,0,0,0,0,3,4,35,0,2025,Daniel Bellinger,NYG,6.5
4361516,2025_17_NYG_LV,0,0,0,0,0,0,0,0,2,3,11,0,2025,Daniel Bellinger,NYG,3.1
4361516,2025_18_DAL_NYG,0,0,0,0,0,0,0,0,2,2,38,1,2025,Daniel Bellinger,NYG,11.8
3917792,2024_01_MIN_NYG,22,42,186,0,2,6,15,0,0,0,0,0,2024,Daniel Jones,NYG,6.94
3917792,2024_02_NYG_WSH,16,28,178,2,0,5,32,0,0,0,0,0,2024,Daniel Jones,NYG,18.32
3917792,2024_03_NYG_CLE,24,34,236,2,0,8,20,0,0,0,0,0,2024,Daniel Jones,NYG,19.44
3917792,2024_04_DAL_NYG,29,40,281,0,1,4,3,0,0,0,0,0,2024,Daniel Jones,NYG,10.54
3917792,2024_05_NYG_SEA,23,34,257,2,0,11,38,0,0,0,0,0,2024,Daniel Jones,NYG,22.08
3917792,2024_06_CIN_NYG,22,41,205,0,1,11,56,0,0,0,0,0,2024,Daniel Jones,NYG,12.8
3917792,2024_07_PHI_NYG,14,21,99,0,0,5,20,0,0,0,0,0,2024,Daniel Jones,NYG,5.96
3917792,2024_08_NYG_PIT,24,38,264,0,1,3,1,0,0,0,0,0,2024,Daniel Jones,NYG,9.66
3917792,2024_09_WSH_NYG,20,26,174,2,0,7,54,1,0,0,0,0,2024,Daniel Jones,NYG,26.36
3917792,2024_10_NYG_CAR,22,37,190,0,2,7,26,1,0,0,0,0,2024,Daniel Jones,NYG,14.2
3917792,2025_01_MIA_IND,22,29,272,1,0,7,26,2,0,0,0,0,2025,Daniel Jones,IND,29.48
3917792,2025_02_DEN_IND,23,34,316,1,0,6,2,1,0,0,0,0,2025,Daniel Jones,IND,22.84
3917792,2025_03_IND_TEN,18,25,228,1,0,4,27,0,0,0,0,0,2025,Daniel Jones,IND,15.82
3917792,2025_04_IND_LAR,24,33,262,1,2,1,-1,0,0,0,0,0,2025,Daniel Jones,IND,12.38
3917792,2025_05_LV_IND,20,29,212,2,0,1,2,0,0,0,0,0,2025,Daniel Jones,IND,16.68
3917792,2025_06_ARI_IND,22,30,212,2,1,5,20,1,0,0,0,0,2025,Daniel Jones,IND,23.48
3917792,2025_07_IND_LAC,23,34,288,2,0,5,7,0,0,0,0,0,2025,Daniel Jones,IND,20.22
3917792,2025_08_TEN_IND,21,29,272,3,0,1,3,0,0,0,0,0,2025,Daniel Jones,IND,23.18
3917792,2025_09_IND_PIT,31,50,342,1,3,3,4,1,0,0,0,0,2025,Daniel Jones,IND,21.08
3917792,2025_10_ATL_IND,19,26,255,1,1,7,53,0,0,0,0,0,2025,Daniel Jones,IND,18.5
3917792,2025_12_IND_KC,19,31,181,2,0,3,16,0,0,0,0,0,2025,Daniel Jones,IND,16.84
3917792,2025_13_HOU_IND,14,27,201,2,0,1,1,0,0,0,0,0,2025,Daniel Jones,IND,16.14
3917792,2025_14_IND_JAX,5,7,60,0,1,1,4,0,0,0,0,0,2025,Daniel Jones,IND,1.8
3127306,2024_10_ATL_NO,0,0,0,0,0,0,0,0,1,1,8,0,2024,Dante Pettis,NO,1.8
3127306,2024_11_CLE_NO,0,0,0,0,0,0,0,0,1,1,9,0,2024,Dante Pettis,NO,1.9
3127306,2024_13_LAR_NO,0,0,0,0,0,0,0,0,1,2,5,0,2024,Dante Pettis,NO,1.5
3127306,2024_14_NO_NYG,0,0,0,0,0,0,0,0,0,2,0,0,2024,Dante Pettis,NO,0.0
3127306,2024_15_WSH_NO,0,0,0,0,0,0,0,0,2,5,24,0,2024,Dante Pettis,NO,4.4
3127306,2024_16_NO_GB,0,0,0,0,0,0,0,0,2,7,31,0,2024,Dante Pettis,NO,5.1
3127306,2024_17_LV_NO,0,0,0,0,0,0,0,0,3,4,27,0,2024,Dante Pettis,NO,5.7
3127306,2024_18_NO_TB,0,0,0,0,0,0,0,0,2,6,16,1,2024,Dante Pettis,NO,9.6
3127306,2025_12_ATL_NO,0,0,0,0,0,0,0,0,1,1,14,0,2025,Dante Pettis,NO,2.4
3127306,2025_16_NYJ_NO,0,0,0,0,0,0,0,0,0,1,0,0,2025,Dante Pettis,NO,0.0
3127306,2025_17_NO_TEN,0,0,0,0,0,0,0,0,3,4,53,0,2025,Dante Pettis,NO,8.3
3127306,2025_18_NO_ATL,0,0,0,0,0,0,0,0,5,5,60,0,2025,Dante Pettis,NO,11.0
2983509,2024_01_HOU_IND,0,0,0,0,0,0,0,0,1,1,3,0,2024,Dare Ogunbowale,HOU,1.3
2983509,2024_02_CHI_HOU,0,0,0,0,0,2,3,0,2,2,20,0,2024,Dare Ogunbowale,HOU,4.3
2983509,2024_03_HOU_MIN,0,0,0,0,0,0,0,0,2,2,28,0,2024,Dare Ogunbowale,HOU,4.8
2983509,2024_04_JAX_HOU,0,0,0,0,0,2,7,0,4,4,47,1,2024,Dare Ogunbowale,HOU,15.4
2983509,2024_05_BUF_HOU,0,0,0,0,0,15,30,0,6,7,57,0,2024,Dare Ogunbowale,HOU,14.7
2983509,2024_07_HOU_GB,0,0,0,0,0,1,6,0,0,1,0,0,2024,Dare Ogunbowale,HOU,0.6
2983509,2024_08_IND_HOU,0,0,0,0,0,1,4,0,0,1,0,0,2024,Dare Ogunbowale,HOU,0.4
2983509,2024_09_HOU_NYJ,0,0,0,0,0,1,-1,0,0,3,0,0,2024,Dare Ogunbowale,HOU,-0.1
2983509,2024_11_HOU_DAL,0,0,0,0,0,0,0,0,1,1,11,0,2024,Dare Ogunbowale,HOU,2.1
2983509,2024_16_HOU_KC,0,0,0,0,0,0,0,0,0,2,0,0,2024,Dare Ogunbowale,HOU,0.0
2983509,2024_17_BAL_HOU,0,0,0,0,0,2,12,0,1,1,6,0,2024,Dare Ogunbowale,HOU,2.8
2983509,2024_18_HOU_TEN,0,0,0,0,0,2,-3,0,2,3,26,0,2024,Dare Ogunbowale,HOU,4.3
2983509,2025_01_HOU_LAR,0,0,0,0,0,2,9,0,2,2,17,0,2025,Dare Ogunbowale,HOU,4.6
2983509,2025_07_HOU_SEA,0,0,0,0,0,0,0,0,0,1,0,0,2025,Dare Ogunbowale,HOU,0.0
2983509,2025_08_SF_HOU,0,0,0,0,0,1,9,0,1,1,8,0,2025,Dare Ogunbowale,HOU,2.7
2983509,2025_09_DEN_HOU,0,0,0,0,0,0,0,0,1,1,2,0,2025,Dare Ogunbowale,HOU,1.2
2983509,2025_11_HOU_TEN,0,0,0,0,0,0,0,0,1,1,9,0,2025,Dare Ogunbowale,HOU,1.9
2983509,2025_15_ARI_HOU,0,0,0,0,0,5,2,0,3,4,32,0,2025,Dare Ogunbowale,HOU,6.4
2983509,2025_16_LV_HOU,0,0,0,0,0,1,-3,0,1,1,2,0,2025,Dare Ogunbowale,HOU,0.9
2983509,2025_18_IND_HOU,0,0,0,0,0,1,3,0,1,2,6,0,2025,Dare Ogunbowale,HOU,1.9
4401805,2024_01_DEN_SEA,0,0,0,0,0,0,0,0,0,1,0,0,2024,Dareke Young,SEA,0.0
4401805,2025_03_NO_SEA,0,0,0,0,0,0,0,0,1,1,12,0,2025,Dareke Young,SEA,2.2
4401805,2025_05_TB_SEA,0,0,0,0,0,0,0,0,1,1,36,0,2025,Dareke Young,SEA,4.6
4401805,2025_17_SEA_CAR,0,0,0,0,0,0,0,0,0,1,0,0,2025,Dareke Young,SEA,0.0
4715355,2025_12_PHI_DAL,0,0,0,0,0,0,0,0,2,2,7,0,2025,Darius Cooper,PHI,2.7
4715355,2025_14_PHI_LAC,0,0,0,0,0,0,0,0,1,1,19,0,2025,Darius Cooper,PHI,2.9
4715355,2025_15_LV_PHI,0,0,0,0,0,0,0,0,2,2,29,0,2025,Darius Cooper,PHI,4.9
4715355,2025_17_PHI_BUF,0,0,0,0,0,0,0,0,1,1,4,0,2025,Darius Cooper,PHI,1.4
4715355,2025_18_WSH_PHI,0,0,0,0,0,0,0,0,3,5,33,0,2025,Darius Cooper,PHI,6.3
3916945,2024_01_MIN_NYG,0,0,0,0,0,0,0,0,3,4,26,0,2024,Darius Slayton,NYG,5.6
3916945,2024_02_NYG_WSH,0,0,0,0,0,0,0,0,3,4,33,0,2024,Darius Slayton,NYG,6.3
3916945,2024_03_NYG_CLE,0,0,0,0,0,0,0,0,1,2,7,0,2024,Darius Slayton,NYG,1.7
3916945,2024_04_DAL_NYG,0,0,0,0,0,0,0,0,3,5,56,0,2024,Darius Slayton,NYG,8.6
3916945,2024_05_NYG_SEA,0,0,0,0,0,0,0,0,8,11,122,1,2024,Darius Slayton,NYG,26.2
3916945,2024_06_CIN_NYG,0,0,0,0,0,0,0,0,6,11,57,0,2024,Darius Slayton,NYG,11.7
3916945,2024_07_PHI_NYG,0,0,0,0,0,0,0,0,1,3,11,0,2024,Darius Slayton,NYG,2.1
3916945,2024_08_NYG_PIT,0,0,0,0,0,0,0,0,4,7,108,0,2024,Darius Slayton,NYG,14.8
3916945,2024_09_WSH_NYG,0,0,0,0,0,1,11,0,3,3,49,0,2024,Darius Slayton,NYG,9.0
3916945,2024_12_TB_NYG,0,0,0,0,0,0,0,0,0,2,0,0,2024,Darius Slayton,NYG,0.0
3916945,2024_13_NYG_DAL,0,0,0,0,0,0,0,0,2,6,8,0,2024,Darius Slayton,NYG,2.8
3916945,2024_14_NO_NYG,0,0,0,0,0,0,0,0,2,6,27,0,2024,Darius Slayton,NYG,4.7
3916945,2024_15_BAL_NYG,0,0,0,0,0,0,0,0,1,1,16,0,2024,Darius Slayton,NYG,2.6
3916945,2024_16_NYG_ATL,0,0,0,0,0,1,6,0,1,2,21,0,2024,Darius Slayton,NYG,3.7
3916945,2024_17_IND_NYG,0,0,0,0,0,0,0,0,1,3,32,1,2024,Darius Slayton,NYG,10.2
3916945,2024_18_NYG_PHI,0,0,0,0,0,0,0,0,0,1,0,0,2024,Darius Slayton,NYG,0.0
3916945,2025_01_NYG_WSH,0,0,0,0,0,0,0,0,0,1,0,0,2025,Darius Slayton,NYG,0.0
3916945,2025_02_NYG_DAL,0,0,0,0,0,0,0,0,2,3,61,0,2025,Darius Slayton,NYG,8.1
3916945,2025_03_KC_NYG,0,0,0,0,0,0,0,0,4,4,30,0,2025,Darius Slayton,NYG,7.0
3916945,2025_04_LAC_NYG,0,0,0,0,0,0,0,0,3,4,44,0,2025,Darius Slayton,NYG,7.4
3916945,2025_05_NYG_NO,0,0,0,0,0,0,0,0,3,6,31,0,2025,Darius Slayton,NYG,6.1
3916945,2025_08_NYG_PHI,0,0,0,0,0,0,0,0,2,5,26,0,2025,Darius Slayton,NYG,4.6
3916945,2025_09_SF_NYG,0,0,0,0,0,0,0,0,5,7,62,0,2025,Darius Slayton,NYG,11.2
3916945,2025_10_NYG_CHI,0,0,0,0,0,0,0,0,4,4,89,0,2025,Darius Slayton,NYG,12.9
3916945,2025_12_NYG_DET,0,0,0,0,0,0,0,0,1,2,23,0,2025,Darius Slayton,NYG,3.3
3916945,2025_13_NYG_NE,0,0,0,0,0,0,0,0,2,3,41,1,2025,Darius Slayton,NYG,12.1
3916945,2025_15_WSH_NYG,0,0,0,0,0,0,0,0,4,10,53,0,2025,Darius Slayton,NYG,9.3
3916945,2025_16_MIN_NYG,0,0,0,0,0,0,0,0,1,2,8,0,2025,Darius Slayton,NYG,1.8
3916945,2025_17_NYG_LV,0,0,0,0,0,0,0,0,2,3,36,0,2025,Darius Slayton,NYG,5.6
3916945,2025_18_DAL_NYG,0,0,0,0,0,0,0,0,4,9,34,0,2025,Darius Slayton,NYG,7.4
4040655,2024_01_PIT_ATL,0,0,0,0,0,0,0,0,1,3,15,0,2024,Darnell Mooney,ATL,2.5
4040655,2024_02_ATL_PHI,0,0,0,0,0,0,0,0,3,7,88,1,2024,Darnell Mooney,ATL,17.8
4040655,2024_03_KC_ATL,0,0,0,0,0,0,0,0,8,8,66,0,2024,Darnell Mooney,ATL,14.6
4040655,2024_04_NO_ATL,0,0,0,0,0,0,0,0,3,6,56,0,2024,Darnell Mooney,ATL,8.6
4040655,2024_05_TB_ATL,0,1,0,0,0,0,0,0,9,16,105,2,2024,Darnell Mooney,ATL,31.5
4040655,2024_06_ATL_CAR,0,0,0,0,0,0,0,0,3,5,38,0,2024,Darnell Mooney,ATL,6.8
4040655,2024_07_SEA_ATL,0,0,0,0,0,0,0,0,5,8,46,0,2024,Darnell Mooney,ATL,9.6
4040655,2024_08_ATL_TB,0,0,0,0,0,0,0,0,4,6,86,1,2024,Darnell Mooney,ATL,18.6
4040655,2024_09_DAL_ATL,0,0,0,0,0,0,0,0,5,9,88,1,2024,Darnell Mooney,ATL,19.8
4040655,2024_10_ATL_NO,0,0,0,0,0,0,0,0,5,9,96,0,2024,Darnell Mooney,ATL,14.6
4040655,2024_11_ATL_DEN,0,0,0,0,0,0,0,0,2,4,27,0,2024,Darnell Mooney,ATL,4.7
4040655,2024_13_LAC_ATL,0,0,0,0,0,0,0,0,3,6,20,0,2024,Darnell Mooney,ATL,5.0
4040655,2024_14_ATL_MIN,0,0,0,0,0,0,0,0,6,7,142,0,2024,Darnell Mooney,ATL,20.2
4040655,2024_15_ATL_LV,0,0,0,0,0,0,0,0,0,1,0,0,2024,Darnell Mooney,ATL,0.0
4040655,2024_16_NYG_ATL,0,0,0,0,0,0,0,0,5,6,82,0,2024,Darnell Mooney,ATL,13.2
4040655,2024_17_ATL_WSH,0,0,0,0,0,0,0,0,2,5,37,0,2024,Darnell Mooney,ATL,5.7
4040655,2025_02_ATL_MIN,0,0,0,0,0,0,0,0,2,4,20,0,2025,Darnell Mooney,ATL,4.0
4040655,2025_03_ATL_CAR,0,0,0,0,0,0,0,0,4,11,44,0,2025,Darnell Mooney,ATL,8.4
4040655,2025_04_WSH_ATL,0,0,0,0,0,0,0,0,1,1,15,0,2025,Darnell Mooney,ATL,2.5
4040655,2025_07_ATL_SF,0,0,0,0,0,0,0,0,3,5,68,0,2025,Darnell Mooney,ATL,9.8
4040655,2025_08_MIA_ATL,0,0,0,0,0,0,0,0,1,4,11,0,2025,Darnell Mooney,ATL,2.1
4040655,2025_09_ATL_NE,0,0,0,0,0,0,0,0,1,2,15,0,2025,Darnell Mooney,ATL,2.5
4040655,2025_10_ATL_IND,0,0,0,0,0,0,0,0,1,8,17,0,2025,Darnell Mooney,ATL,2.7
4040655,2025_11_CAR_ATL,0,0,0,0,0,0,0,0,3,7,34,0,2025,Darnell Mooney,ATL,6.4
4040655,2025_12_ATL_NO,0,0,0,0,0,0,0,0,3,3,74,1,2025,Darnell Mooney,ATL,16.4
4040655,2025_13_ATL_NYJ,0,0,0,0,0,0,0,0,2,5,25,0,2025,Darnell Mooney,ATL,4.5
4040655,2025_14_SEA_ATL,0,0,0,0,0,0,0,0,1,4,6,0,2025,Darnell Mooney,ATL,1.6
4040655,2025_15_ATL_TB,0,0,0,0,0,0,0,0,3,6,35,0,2025,Darnell Mooney,ATL,6.5
4040655,2025_16_ATL_ARI,0,0,0,0,0,0,0,0,2,2,24,0,2025,Darnell Mooney,ATL,4.4
4040655,2025_17_LAR_ATL,0,0,0,0,0,0,0,0,2,3,35,0,2025,Darnell Mooney,ATL,5.5
4040655,2025_18_NO_ATL,0,0,0,0,0,0,0,0,3,7,20,0,2025,Darnell Mooney,ATL,5.0
4430802,2024_01_PIT_ATL,0,0,0,0,0,0,0,0,1,1,5,0,2024,Darnell Washington,PIT,1.5
4430802,2024_02_PIT_DEN,0,0,0,0,0,0,0,0,1,1,5,1,2024,Darnell Washington,PIT,7.5
4430802,2024_04_PIT_IND,0,0,0,0,0,0,0,0,2,2,31,0,2024,Darnell Washington,PIT,5.1
4430802,2024_05_DAL_PIT,0,0,0,0,0,0,0,0,1,2,5,0,2024,Darnell Washington,PIT,1.5
4430802,2024_06_PIT_LV,0,0,0,0,0,0,0,0,1,1,9,0,2024,Darnell Washington,PIT,1.9
4430802,2024_07_NYJ_PIT,0,0,0,0,0,0,0,0,4,4,36,0,2024,Darnell Washington,PIT,7.6
4430802,2024_08_NYG_PIT,0,0,0,0,0,0,0,0,1,1,29,0,2024,Darnell Washington,PIT,3.9
4430802,2024_10_PIT_WSH,0,0,0,0,0,0,0,0,1,3,6,0,2024,Darnell Washington,PIT,1.6
4430802,2024_11_BAL_PIT,0,0,0,0,0,0,0,0,2,4,42,0,2024,Darnell Washington,PIT,6.2
4430802,2024_12_PIT_CLE,0,0,0,0,0,0,0,0,3,3,14,0,2024,Darnell Washington,PIT,4.4
4430802,2024_13_PIT_CIN,0,0,0,0,0,0,0,0,1,1,10,0,2024,Darnell Washington,PIT,2.0
4430802,2024_14_CLE_PIT,0,0,0,0,0,0,0,0,0,1,0,0,2024,Darnell Washington,PIT,0.0
4430802,2024_17_KC_PIT,0,0,0,0,0,0,0,0,1,1,8,0,2024,Darnell Washington,PIT,1.8
4430802,2025_02_SEA_PIT,0,0,0,0,0,0,0,0,0,1,0,0,2025,Darnell Washington,PIT,0.0
4430802,2025_04_MIN_PIT,0,0,0,0,0,0,0,0,3,3,20,0,2025,Darnell Washington,PIT,5.0
4430802,2025_06_CLE_PIT,0,0,0,0,0,0,0,0,3,5,62,0,2025,Darnell Washington,PIT,9.2
4430802,2025_07_PIT_CIN,0,0,0,0,0,0,0,0,3,5,2,1,2025,Darnell Washington,PIT,9.2
4430802,2025_09_IND_PIT,0,0,0,0,0,0,0,0,4,6,43,0,2025,Darnell Washington,PIT,8.3
4430802,2025_10_PIT_LAC,0,0,0,0,0,0,0,0,1,1,15,0,2025,Darnell Washington,PIT,2.5
4430802,2025_11_CIN_PIT,0,0,0,0,0,0,0,0,4,5,67,0,2025,Darnell Washington,PIT,10.7
4430802,2025_12_PIT_CHI,0,0,0,0,0,0,0,0,2,2,22,0,2025,Darnell Washington,PIT,4.2
4430802,2025_13_BUF_PIT,0,0,0,0,0,0,0,0,2,4,45,0,2025,Darnell Washington,PIT,6.5
4430802,2025_14_PIT_BAL,0,0,0,0,0,0,0,0,1,1,12,0,2025,Darnell Washington,PIT,2.2
4430802,2025_15_MIA_PIT,0,0,0,0,0,0,0,0,3,4,25,0,2025,Darnell Washington,PIT,5.5
4430802,2025_16_PIT_DET,0,0,0,0,0,0,0,0,3,4,36,0,2025,Darnell Washington,PIT,6.6
4430802,2025_17_PIT_CLE,0,0,0,0,0,0,0,0,2,2,15,0,2025,Darnell Washington,PIT,3.5
2576925,2025_04_NYJ_MIA,0,0,0,0,0,0,0,0,3,4,27,2,2025,Darren Waller,MIA,17.7
2576925,2025_05_MIA_CAR,0,0,0,0,0,0,0,0,5,5,78,1,2025,Darren Waller,MIA,18.8
2576925,2025_06_LAC_MIA,0,0,0,0,0,0,0,0,2,3,12,1,2025,Darren Waller,MIA,9.2
2576925,2025_13_NO_MIA,0,0,0,0,0,0,0,0,2,3,47,0,2025,Darren Waller,MIA,6.7
2576925,2025_14_MIA_NYJ,0,0,0,0,0,1,4,0,1,3,13,0,2025,Darren Waller,MIA,2.7
2576925,2025_15_MIA_PIT,0,0,0,0,0,0,0,0,7,8,66,2,2025,Darren Waller,MIA,25.6
2576925,2025_16_CIN_MIA,0,0,0,0,0,0,0,0,3,5,40,0,2025,Darren Waller,MIA,7.0
2576925,2025_17_TB_MIA,0,0,0,0,0,0,0,0,1,3,0,0,2025,Darren Waller,MIA,1.0
4036431,2024_14_CHI_SF,0,0,0,0,0,3,3,0,0,0,0,0,2024,Darrynton Evans,CHI,0.3
16800,2024_01_LV_LAC,0,0,0,0,0,0,0,0,5,6,59,0,2024,Davante Adams,LV,10.9
16800,2024_02_LV_BAL,0,0,0,0,0,0,0,0,9,12,110,1,2024,Davante Adams,LV,26.0
16800,2024_03_CAR_LV,0,0,0,0,0,0,0,0,4,9,40,0,2024,Davante Adams,LV,8.0
16800,2024_07_NYJ_PIT,0,0,0,0,0,0,0,0,3,9,30,0,2024,Davante Adams,NYJ,6.0
16800,2024_08_NYJ_NE,0,0,0,0,0,0,0,0,4,6,54,0,2024,Davante Adams,NYJ,9.4
16800,2024_09_HOU_NYJ,0,0,0,0,0,0,0,0,7,11,91,1,2024,Davante Adams,NYJ,22.1
16800,2024_10_NYJ_ARI,0,0,0,0,0,0,0,0,6,13,31,0,2024,Davante Adams,NYJ,9.1
16800,2024_11_IND_NYJ,0,0,0,0,0,0,0,0,6,7,72,0,2024,Davante Adams,NYJ,13.2
16800,2024_13_SEA_NYJ,0,0,0,0,0,0,0,0,5,12,66,1,2024,Davante Adams,NYJ,17.6
16800,2024_14_NYJ_MIA,0,0,0,0,0,0,0,0,9,11,109,1,2024,Davante Adams,NYJ,25.9
16800,2024_15_NYJ_JAX,0,0,0,0,0,0,0,0,9,12,198,2,2024,Davante Adams,NYJ,40.8
16800,2024_16_LAR_NYJ,0,0,0,0,0,0,0,0,7,13,68,1,2024,Davante Adams,NYJ,19.8
16800,2024_17_NYJ_BUF,0,0,0,0,0,0,0,0,5,8,47,0,2024,Davante Adams,NYJ,9.7
16800,2024_18_MIA_NYJ,0,0,0,0,0,0,0,0,6,12,88,1,2024,Davante Adams,NYJ,20.8
16800,2025_01_HOU_LAR,0,0,0,0,0,0,0,0,4,8,51,0,2025,Davante Adams,LAR,9.1
16800,2025_02_LAR_TEN,0,0,0,0,0,0,0,0,6,13,106,1,2025,Davante Adams,LAR,22.6
16800,2025_03_LAR_PHI,0,0,0,0,0,0,0,0,3,8,56,1,2025,Davante Adams,LAR,14.6
16800,2025_04_IND_LAR,0,0,0,0,0,0,0,0,4,6,56,1,2025,Davante Adams,LAR,15.6
16800,2025_05_SF_LAR,0,0,0,0,0,0,0,0,5,11,88,0,2025,Davante Adams,LAR,13.8
16800,2025_06_LAR_BAL,0,0,0,0,0,0,0,0,4,9,39,0,2025,Davante Adams,LAR,7.9
16800,2025_07_LAR_JAX,0,0,0,0,0,0,0,0,5,8,35,3,2025,Davante Adams,LAR,26.5
16800,2025_09_NO_LAR,0,0,0,0,0,0,0,0,5,7,60,2,2025,Davante Adams,LAR,23.0
16800,2025_10_LAR_SF,0,0,0,0,0,0,0,0,6,8,77,1,2025,Davante Adams,LAR,19.7
16800,2025_11_SEA_LAR,0,0,0,0,0,0,0,0,1,8,1,1,2025,Davante Adams,LAR,7.1
16800,2025_12_TB_LAR,0,0,0,0,0,0,0,0,5,8,62,2,2025,Davante Adams,LAR,23.2
16800,2025_13_LAR_CAR,0,0,0,0,0,0,0,0,4,5,58,2,2025,Davante Adams,LAR,21.8
16800,2025_14_LAR_ARI,0,0,0,0,0,0,0,0,4,6,29,0,2025,Davante Adams,LAR,6.9
16800,2025_15_DET_LAR,0,0,0,0,0,0,0,0,4,9,71,0,2025,Davante Adams,LAR,11.1
4570409,2024_02_CLE_JAX,0,0,0,0,0,0,0,0,3,3,27,0,2024,David Bell,CLE,5.7
4360978,2024_14_JAX_TEN,0,0,0,0,0,0,0,0,0,1,0,0,2024,David Martin-Robinson,TEN,0.0
4360978,2024_16_TEN_IND,0,0,0,0,0,0,0,0,1,1,6,0,2024,David Martin-Robinson,TEN,1.6
4360978,2025_06_TEN_LV,0,0,0,0,0,0,0,0,1,1,1,1,2025,David Martin-Robinson,TEN,7.1
4360978,2025_14_TEN_CLE,0,0,0,0,0,0,0,0,1,1,6,0,2025,David Martin-Robinson,TEN,1.6
4360978,2025_17_NO_TEN,0,0,0,0,0,0,0,0,1,1,9,0,2025,David Martin-Robinson,TEN,1.9
4360978,2025_18_TEN_JAX,0,0,0,0,0,0,0,0,1,3,14,0,2025,David Martin-Robinson,TEN,2.4
4035538,2024_01_LAR_DET,0,0,0,0,0,17,91,1,1,1,2,0,2024,David Montgomery,DET,16.3
4035538,2024_02_TB_DET,0,0,0,0,0,11,35,1,4,4,35,0,2024,David Montgomery,DET,17.0
4035538,2024_03_DET_ARI,0,0,0,0,0,23,105,1,3,3,17,0,2024,David Montgomery,DET,21.2
4035538,2024_04_SEA_DET,0,0,0,0,0,12,40,1,1,1,40,0,2024,David Montgomery,DET,15.0
4035538,2024_06_DET_DAL,0,0,0,0,0,12,80,2,1,1,0,0,2024,David Montgomery,DET,21.0
4035538,2024_07_DET_MIN,0,0,0,0,0,9,31,0,3,4,39,0,2024,David Montgomery,DET,10.0
4035538,2024_08_TEN_DET,1,1,3,1,0,9,33,1,1,1,5,0,2024,David Montgomery,DET,14.92
4035538,2024_09_DET_GB,0,0,0,0,0,17,73,0,3,3,23,0,2024,David Montgomery,DET,12.6
4035538,2024_10_DET_HOU,0,0,0,0,0,12,32,1,1,2,24,0,2024,David Montgomery,DET,12.6
4035538,2024_11_JAX_DET,0,0,0,0,0,15,75,2,3,3,20,0,2024,David Montgomery,DET,24.5
4035538,2024_12_DET_IND,0,0,0,0,0,8,37,1,3,3,36,0,2024,David Montgomery,DET,16.3
4035538,2024_13_CHI_DET,0,0,0,0,0,21,88,0,3,3,36,0,2024,David Montgomery,DET,15.4
4035538,2024_14_GB_DET,0,0,0,0,0,14,51,1,5,5,33,0,2024,David Montgomery,DET,19.4
4035538,2024_15_BUF_DET,0,0,0,0,0,5,4,0,4,4,31,0,2024,David Montgomery,DET,7.5
4035538,2025_01_DET_GB,0,0,0,0,0,11,25,0,4,4,18,0,2025,David Montgomery,DET,8.3
4035538,2025_02_CHI_DET,0,0,0,0,0,11,57,1,1,1,4,0,2025,David Montgomery,DET,13.1
4035538,2025_03_DET_BAL,0,0,0,0,0,12,151,2,1,1,13,0,2025,David Montgomery,DET,29.4
4035538,2025_04_CLE_DET,0,0,0,0,0,9,12,0,0,1,0,0,2025,David Montgomery,DET,1.2
4035538,2025_05_DET_CIN,1,1,3,1,0,18,65,1,1,1,6,0,2025,David Montgomery,DET,18.22
4035538,2025_06_DET_KC,0,0,0,0,0,4,24,0,2,2,37,0,2025,David Montgomery,DET,8.1
4035538,2025_07_TB_DET,0,0,0,0,0,13,21,0,2,3,18,0,2025,David Montgomery,DET,5.9
4035538,2025_09_MIN_DET,0,0,0,0,0,11,40,1,2,4,10,0,2025,David Montgomery,DET,13.0
4035538,2025_10_DET_WSH,0,0,0,0,0,15,71,0,1,1,0,0,2025,David Montgomery,DET,8.1
4035538,2025_11_DET_PHI,0,0,0,0,0,6,27,0,1,1,10,0,2025,David Montgomery,DET,4.7
4035538,2025_12_NYG_DET,0,0,0,0,0,5,18,0,3,3,19,0,2025,David Montgomery,DET,6.7
4035538,2025_13_GB_DET,0,1,0,0,0,8,32,1,2,2,16,0,2025,David Montgomery,DET,12.8
4035538,2025_14_DAL_DET,0,0,0,0,0,6,60,1,1,1,13,0,2025,David Montgomery,DET,14.3
4035538,2025_15_DET_LAR,0,0,0,0,0,7,32,1,0,1,0,0,2025,David Montgomery,DET,9.2
4035538,2025_16_PIT_DET,0,0,0,0,0,4,14,0,0,0,0,0,2025,David Montgomery,DET,1.4
4035538,2025_17_DET_MIN,0,0,0,0,0,10,25,0,2,2,15,0,2025,David Montgomery,DET,6.0
4035538,2025_18_DET_CHI,0,0,0,0,0,8,42,0,1,1,13,0,2025,David Montgomery,DET,6.5
4212909,2024_01_CAR_NO,0,0,0,0,0,0,0,0,1,3,14,0,2024,David Moore,CAR,2.4
4212909,2024_02_LAC_CAR,0,0,0,0,0,0,0,0,0,1,0,0,2024,David Moore,CAR,0.0
4212909,2024_05_CAR_CHI,0,0,0,0,0,0,0,0,2,3,13,0,2024,David Moore,CAR,3.3
4212909,2024_06_ATL_CAR,0,0,0,0,0,0,0,0,2,2,17,0,2024,David Moore,CAR,3.7
4212909,2024_08_CAR_DEN,0,0,0,0,0,0,0,0,4,5,39,0,2024,David Moore,CAR,7.9
4212909,2024_09_NO_CAR,0,0,0,0,0,0,0,0,2,4,20,0,2024,David Moore,CAR,4.0
4212909,2024_10_NYG_CAR,0,0,0,0,0,0,0,0,2,4,18,0,2024,David Moore,CAR,3.8
4212909,2024_12_KC_CAR,0,0,0,0,0,0,0,0,6,10,81,1,2024,David Moore,CAR,20.1
4212909,2024_13_TB_CAR,0,0,0,0,0,0,0,0,5,9,40,0,2024,David Moore,CAR,9.0
4212909,2024_14_CAR_PHI,0,0,0,0,0,0,0,0,2,5,25,0,2024,David Moore,CAR,4.5
4212909,2024_15_DAL_CAR,0,0,0,0,0,0,0,0,2,4,19,0,2024,David Moore,CAR,3.9
4212909,2024_16_ARI_CAR,0,0,0,0,0,1,0,0,2,3,39,1,2024,David Moore,CAR,11.9
4212909,2024_17_CAR_TB,0,0,0,0,0,0,0,0,1,1,17,0,2024,David Moore,CAR,2.7
4212909,2024_18_CAR_ATL,0,0,0,0,0,0,0,0,1,3,9,1,2024,David Moore,CAR,7.9
4212909,2025_03_ATL_CAR,0,0,0,0,0,0,0,0,1,1,5,0,2025,David Moore,CAR,1.5
3123076,2024_01_DAL_CLE,0,0,0,0,0,0,0,0,4,5,44,0,2024,David Njoku,CLE,8.4
3123076,2024_05_CLE_WSH,0,0,0,0,0,0,0,0,1,3,14,0,2024,David Njoku,CLE,2.4
3123076,2024_06_CLE_PHI,0,0,0,0,0,0,0,0,5,7,31,0,2024,David Njoku,CLE,8.1
3123076,2024_07_CIN_CLE,0,0,0,0,0,0,0,0,10,14,76,1,2024,David Njoku,CLE,23.6
3123076,2024_08_BAL_CLE,0,0,0,0,0,0,0,0,5,7,61,1,2024,David Njoku,CLE,17.1
3123076,2024_09_LAC_CLE,0,0,0,0,0,0,0,0,5,7,29,0,2024,David Njoku,CLE,7.9
3123076,2024_11_CLE_NO,0,0,0,0,0,0,0,0,9,9,81,0,2024,David Njoku,CLE,17.1
3123076,2024_12_PIT_CLE,0,0,0,0,0,0,0,0,1,5,9,0,2024,David Njoku,CLE,1.9
3123076,2024_13_CLE_DEN,0,0,0,0,0,0,0,0,9,17,52,2,2024,David Njoku,CLE,26.2
3123076,2024_14_CLE_PIT,0,0,0,0,0,0,0,0,7,13,42,1,2024,David Njoku,CLE,17.2
3123076,2024_16_CLE_CIN,0,0,0,0,0,0,0,0,8,10,66,0,2024,David Njoku,CLE,14.6
3123076,2025_01_CIN_CLE,0,0,0,0,0,0,0,0,3,6,37,0,2025,David Njoku,CLE,6.7
3123076,2025_02_CLE_BAL,0,0,0,0,0,0,0,0,4,5,40,0,2025,David Njoku,CLE,8.0
3123076,2025_03_GB_CLE,0,0,0,0,0,0,0,0,5,7,40,0,2025,David Njoku,CLE,9.0
3123076,2025_04_CLE_DET,0,0,0,0,0,0,0,0,2,3,11,0,2025,David Njoku,CLE,3.1
3123076,2025_05_MIN_CLE,0,0,0,0,0,0,0,0,6,9,67,1,2025,David Njoku,CLE,18.7
3123076,2025_06_CLE_PIT,0,0,0,0,0,0,0,0,3,6,28,0,2025,David Njoku,CLE,5.8
3123076,2025_08_CLE_NE,0,0,0,0,0,0,0,0,4,5,37,1,2025,David Njoku,CLE,13.7
3123076,2025_10_CLE_NYJ,0,0,0,0,0,0,0,0,2,2,21,1,2025,David Njoku,CLE,10.1
3123076,2025_11_BAL_CLE,0,0,0,0,0,0,0,0,1,2,7,0,2025,David Njoku,CLE,1.7
3123076,2025_13_SF_CLE,0,0,0,0,0,0,0,0,2,2,4,0,2025,David Njoku,CLE,2.4
3123076,2025_14_TEN_CLE,0,0,0,0,0,0,0,0,1,1,1,1,2025,David Njoku,CLE,7.1
3871102,2025_03_ATL_CAR,0,0,0,0,0,0,0,0,1,2,9,0,2025,David Sills V,ATL,1.9
3871102,2025_08_MIA_ATL,0,0,0,0,0,0,0,0,2,3,14,0,2025,David Sills V,ATL,3.4
3871102,2025_09_ATL_NE,0,0,0,0,0,0,0,0,0,1,0,0,2025,David Sills V,ATL,0.0
3871102,2025_10_ATL_IND,0,0,0,0,0,0,0,0,0,1,0,0,2025,David Sills V,ATL,0.0
3871102,2025_11_CAR_ATL,0,0,0,0,0,0,0,0,1,2,11,0,2025,David Sills V,ATL,2.1
3871102,2025_12_ATL_NO,0,0,0,0,0,0,0,0,2,3,16,1,2025,David Sills V,ATL,9.6
3871102,2025_13_ATL_NYJ,0,0,0,0,0,0,0,0,2,4,15,1,2025,David Sills V,ATL,9.5
3871102,2025_14_SEA_ATL,0,0,0,0,0,0,0,0,0,4,0,0,2025,David Sills V,ATL,0.0
3871102,2025_15_ATL_TB,0,0,0,0,0,0,0,0,6,10,78,0,2025,David Sills V,ATL,13.8
3871102,2025_16_ATL_ARI,0,0,0,0,0,0,0,0,0,1,0,0,2025,David Sills V,ATL,0.0
3871102,2025_17_LAR_ATL,0,0,0,0,0,0,0,0,3,4,37,0,2025,David Sills V,ATL,6.7
3871102,2025_18_NO_ATL,0,0,0,0,0,0,0,0,1,1,11,0,2025,David Sills V,ATL,2.1
4426553,2024_01_LAR_DET,0,0,0,0,0,0,0,0,0,1,0,0,2024,Davis Allen,LAR,0.0
4426553,2024_05_GB_LAR,0,0,0,0,0,0,0,0,0,1,0,0,2024,Davis Allen,LAR,0.0
4426553,2024_09_LAR_SEA,0,0,0,0,0,0,0,0,1,3,5,0,2024,Davis Allen,LAR,1.5
4426553,2024_10_MIA_LAR,0,0,0,0,0,0,0,0,5,6,34,0,2024,Davis Allen,LAR,8.4
4426553,2024_12_PHI_LAR,0,0,0,0,0,0,0,0,0,1,0,0,2024,Davis Allen,LAR,0.0
4426553,2024_17_ARI_LAR,0,0,0,0,0,0,0,0,0,1,0,0,2024,Davis Allen,LAR,0.0
4426553,2025_01_HOU_LAR,0,0,0,0,0,0,0,0,1,2,13,1,2025,Davis Allen,LAR,8.3
4426553,2025_02_LAR_TEN,0,0,0,0,0,0,0,0,1,1,8,1,2025,Davis Allen,LAR,7.8
4426553,2025_03_LAR_PHI,0,0,0,0,0,0,0,0,1,1,3,0,2025,Davis Allen,LAR,1.3
4426553,2025_04_IND_LAR,0,0,0,0,0,0,0,0,1,1,0,0,2025,Davis Allen,LAR,1.0
4426553,2025_05_SF_LAR,0,0,0,0,0,0,0,0,2,2,24,0,2025,Davis Allen,LAR,4.4
4426553,2025_06_LAR_BAL,0,0,0,0,0,0,0,0,1,2,7,0,2025,Davis Allen,LAR,1.7
4426553,2025_07_LAR_JAX,0,0,0,0,0,0,0,0,1,1,4,0,2025,Davis Allen,LAR,1.4
4426553,2025_09_NO_LAR,0,0,0,0,0,0,0,0,3,4,37,0,2025,Davis Allen,LAR,6.7
4426553,2025_10_LAR_SF,0,0,0,0,0,0,0,0,2,2,8,1,2025,Davis Allen,LAR,8.8
4426553,2025_12_TB_LAR,0,0,0,0,0,0,0,0,3,4,29,0,2025,Davis Allen,LAR,5.9
4426553,2025_13_LAR_CAR,0,0,0,0,0,0,0,0,1,1,4,0,2025,Davis Allen,LAR,1.4
4426553,2025_14_LAR_ARI,0,0,0,0,0,0,0,0,2,2,21,0,2025,Davis Allen,LAR,4.1
4426553,2025_15_DET_LAR,0,0,0,0,0,0,0,0,3,4,16,0,2025,Davis Allen,LAR,4.6
4426553,2025_16_LAR_SEA,0,0,0,0,0,0,0,0,2,5,34,0,2025,Davis Allen,LAR,5.4
4426553,2025_18_ARI_LAR,0,0,0,0,0,0,0,0,0,1,0,0,2025,Davis Allen,LAR,0.0
4242546,2024_03_HOU_MIN,7,12,79,0,0,0,0,0,0,0,0,0,2024,Davis Mills,HOU,3.16
4242546,2024_18_HOU_TEN,12,22,128,0,0,3,11,0,0,0,0,0,2024,Davis Mills,HOU,6.22
4242546,2025_05_HOU_BAL,2,4,23,0,0,3,3,0,0,0,0,0,2025,Davis Mills,HOU,1.22
4242546,2025_09_DEN_HOU,17,30,137,0,0,2,7,0,0,0,0,0,2025,Davis Mills,HOU,6.18
4242546,2025_10_JAX_HOU,27,45,292,2,1,3,20,1,0,0,0,0,2025,Davis Mills,HOU,26.68
4242546,2025_11_HOU_TEN,26,41,274,1,0,2,14,0,0,0,0,0,2025,Davis Mills,HOU,16.36
4242546,2025_12_BUF_HOU,16,30,153,2,0,2,4,0,0,0,0,0,2025,Davis Mills,HOU,14.52
4242546,2025_18_IND_HOU,3,9,36,0,0,1,12,0,0,0,0,0,2025,Davis Mills,HOU,2.64
3930086,2024_01_ARI_BUF,0,0,0,0,0,0,0,0,1,2,23,0,2024,Dawson Knox,BUF,3.3
3930086,2024_03_JAX_BUF,0,0,0,0,0,0,0,0,1,2,7,0,2024,Dawson Knox,BUF,1.7
3930086,2024_04_BUF_BAL,0,0,0,0,0,0,0,0,1,1,0,0,2024,Dawson Knox,BUF,1.0
3930086,2024_06_BUF_NYJ,0,0,0,0,0,0,0,0,1,1,12,1,2024,Dawson Knox,BUF,8.2
3930086,2024_07_TEN_BUF,0,0,0,0,0,0,0,0,1,3,5,0,2024,Dawson Knox,BUF,1.5
3930086,2024_08_BUF_SEA,0,0,0,0,0,0,0,0,2,2,50,0,2024,Dawson Knox,BUF,7.0
3930086,2024_09_MIA_BUF,0,0,0,0,0,0,0,0,1,2,5,0,2024,Dawson Knox,BUF,1.5
3930086,2024_10_BUF_IND,0,0,0,0,0,0,0,0,2,3,40,0,2024,Dawson Knox,BUF,6.0
3930086,2024_11_KC_BUF,0,0,0,0,0,0,0,0,4,6,40,0,2024,Dawson Knox,BUF,8.0
3930086,2024_13_SF_BUF,0,0,0,0,0,0,0,0,2,2,56,0,2024,Dawson Knox,BUF,7.6
3930086,2024_14_BUF_LAR,0,0,0,0,0,0,0,0,1,1,5,0,2024,Dawson Knox,BUF,1.5
3930086,2024_15_BUF_DET,0,0,0,0,0,0,0,0,2,3,42,0,2024,Dawson Knox,BUF,6.2
3930086,2024_16_NE_BUF,0,0,0,0,0,0,0,0,2,2,22,0,2024,Dawson Knox,BUF,4.2
3930086,2024_17_NYJ_BUF,0,0,0,0,0,0,0,0,1,3,4,0,2024,Dawson Knox,BUF,1.4
3930086,2025_01_BAL_BUF,0,0,0,0,0,0,0,0,2,2,20,0,2025,Dawson Knox,BUF,4.0
3930086,2025_02_BUF_NYJ,0,0,0,0,0,0,0,0,2,5,19,0,2025,Dawson Knox,BUF,3.9
3930086,2025_04_NO_BUF,0,0,0,0,0,0,0,0,0,1,0,0,2025,Dawson Knox,BUF,0.0
3930086,2025_05_NE_BUF,0,0,0,0,0,0,0,0,2,2,15,0,2025,Dawson Knox,BUF,3.5
3930086,2025_06_BUF_ATL,0,0,0,0,0,0,0,0,1,2,19,1,2025,Dawson Knox,BUF,8.9
3930086,2025_08_BUF_CAR,0,0,0,0,0,0,0,0,1,1,15,0,2025,Dawson Knox,BUF,2.5
3930086,2025_09_KC_BUF,0,0,0,0,0,0,0,0,1,1,30,0,2025,Dawson Knox,BUF,4.0
3930086,2025_10_BUF_MIA,0,0,0,0,0,0,0,0,3,4,37,0,2025,Dawson Knox,BUF,6.7
3930086,2025_11_TB_BUF,0,0,0,0,0,0,0,0,1,3,23,0,2025,Dawson Knox,BUF,3.3
3930086,2025_12_BUF_HOU,0,0,0,0,0,0,0,0,3,4,17,0,2025,Dawson Knox,BUF,4.7
3930086,2025_13_BUF_PIT,0,0,0,0,0,0,0,0,3,4,28,0,2025,Dawson Knox,BUF,5.8
3930086,2025_14_CIN_BUF,0,0,0,0,0,0,0,0,6,7,93,0,2025,Dawson Knox,BUF,15.3
3930086,2025_15_BUF_NE,0,0,0,0,0,0,0,0,3,4,37,2,2025,Dawson Knox,BUF,18.7
3930086,2025_16_BUF_CLE,0,0,0,0,0,0,0,0,1,2,10,0,2025,Dawson Knox,BUF,2.0
3930086,2025_17_PHI_BUF,0,0,0,0,0,0,0,0,5,5,30,0,2025,Dawson Knox,BUF,8.0
3930086,2025_18_NYJ_BUF,0,0,0,0,0,0,0,0,2,2,24,1,2025,Dawson Knox,BUF,10.4
4429160,2024_01_JAX_MIA,0,0,0,0,0,10,24,1,7,7,76,0,2024,De'Von Achane,MIA,23.0
4429160,2024_02_BUF_MIA,0,0,0,0,0,22,96,0,7,7,69,1,2024,De'Von Achane,MIA,29.5
4429160,2024_03_MIA_SEA,0,0,0,0,0,11,30,0,3,5,28,0,2024,De'Von Achane,MIA,8.8
4429160,2024_04_TEN_MIA,0,0,0,0,0,10,15,0,3,3,14,0,2024,De'Von Achane,MIA,5.9
4429160,2024_05_MIA_NE,0,0,0,0,0,3,18,0,1,1,-1,0,2024,De'Von Achane,MIA,2.7
4429160,2024_07_MIA_IND,0,0,0,0,0,15,77,0,2,3,8,0,2024,De'Von Achane,MIA,10.5
4429160,2024_08_ARI_MIA,0,0,0,0,0,10,97,0,6,8,50,1,2024,De'Von Achane,MIA,26.7
4429160,2024_09_MIA_BUF,0,0,0,0,0,12,63,1,8,8,58,1,2024,De'Von Achane,MIA,32.1
4429160,2024_10_MIA_LAR,0,0,0,0,0,12,37,0,5,5,15,0,2024,De'Von Achane,MIA,10.2
4429160,2024_11_LV_MIA,0,0,0,0,0,17,73,1,4,4,32,0,2024,De'Von Achane,MIA,20.5
4429160,2024_12_NE_MIA,0,0,0,0,0,10,32,0,3,4,24,2,2024,De'Von Achane,MIA,20.6
4429160,2024_13_MIA_GB,0,0,0,0,0,7,14,0,8,9,56,1,2024,De'Von Achane,MIA,21.0
4429160,2024_14_NYJ_MIA,0,0,0,0,0,14,24,1,6,7,45,0,2024,De'Von Achane,MIA,18.9
4429160,2024_15_MIA_HOU,0,0,0,0,0,12,41,0,7,7,35,0,2024,De'Von Achane,MIA,14.6
4429160,2024_16_SF_MIA,0,0,0,0,0,17,120,1,6,7,70,0,2024,De'Von Achane,MIA,31.0
4429160,2024_17_MIA_CLE,0,0,0,0,0,10,25,0,2,2,13,0,2024,De'Von Achane,MIA,5.8
4429160,2024_18_MIA_NYJ,0,0,0,0,0,11,121,1,0,0,0,0,2024,De'Von Achane,MIA,18.1
4429160,2025_01_MIA_IND,0,0,0,0,0,7,55,0,3,4,20,1,2025,De'Von Achane,MIA,16.5
4429160,2025_02_NE_MIA,0,0,0,0,0,11,30,0,8,10,92,1,2025,De'Von Achane,MIA,26.2
4429160,2025_03_MIA_BUF,0,0,0,0,0,12,62,0,7,9,29,0,2025,De'Von Achane,MIA,16.1
4429160,2025_04_NYJ_MIA,0,0,0,0,0,20,99,1,1,2,2,0,2025,De'Von Achane,MIA,17.1
4429160,2025_05_MIA_CAR,0,0,0,0,0,10,16,0,6,7,30,1,2025,De'Von Achane,MIA,16.6
4429160,2025_06_LAC_MIA,0,0,0,0,0,16,128,2,4,6,22,0,2025,De'Von Achane,MIA,31.0
4429160,2025_07_MIA_CLE,0,0,0,0,0,13,82,0,3,5,16,0,2025,De'Von Achane,MIA,12.8
4429160,2025_08_MIA_ATL,0,0,0,0,0,18,67,0,5,7,24,1,2025,De'Von Achane,MIA,20.1
4429160,2025_09_BAL_MIA,0,0,0,0,0,14,67,0,6,10,39,0,2025,De'Von Achane,MIA,16.6
4429160,2025_10_BUF_MIA,0,0,0,0,0,22,174,2,6,6,51,0,2025,De'Von Achane,MIA,40.5
4429160,2025_11_WSH_MIA,0,0,0,0,0,21,120,0,5,5,45,0,2025,De'Von Achane,MIA,21.5
4429160,2025_13_NO_MIA,0,0,0,0,0,22,134,1,0,1,0,0,2025,De'Von Achane,MIA,19.4
4429160,2025_14_MIA_NYJ,0,0,0,0,0,7,92,1,1,1,13,0,2025,De'Von Achane,MIA,17.5
4429160,2025_15_MIA_PIT,0,0,0,0,0,12,60,0,6,6,67,0,2025,De'Von Achane,MIA,18.7
4429160,2025_16_CIN_MIA,0,0,0,0,0,15,81,1,3,3,9,0,2025,De'Von Achane,MIA,18.0
4429160,2025_17_TB_MIA,0,0,0,0,0,18,83,0,3,3,29,0,2025,De'Von Achane,MIA,14.2
2580216,2024_01_TEN_CHI,0,0,0,0,0,0,0,0,1,2,6,0,2024,DeAndre Carter,CHI,1.6
2580216,2024_02_CHI_HOU,0,0,0,0,0,0,0,0,3,4,32,0,2024,DeAndre Carter,CHI,6.2
2580216,2024_03_CHI_IND,0,0,0,0,0,0,0,0,3,6,22,0,2024,DeAndre Carter,CHI,5.2
2580216,2024_08_CHI_WSH,0,0,0,0,0,0,0,0,1,1,7,0,2024,DeAndre Carter,CHI,1.7
2580216,2024_10_NE_CHI,0,0,0,0,0,0,0,0,1,1,5,0,2024,DeAndre Carter,CHI,1.5
15795,2024_01_TEN_CHI,0,0,0,0,0,0,0,0,1,1,8,0,2024,DeAndre Hopkins,TEN,1.8
15795,2024_02_NYJ_TEN,0,0,0,0,0,0,0,0,1,2,9,0,2024,DeAndre Hopkins,TEN,1.9
15795,2024_03_GB_TEN,0,0,0,0,0,0,0,0,6,7,73,1,2024,DeAndre Hopkins,TEN,19.3
15795,2024_04_TEN_MIA,0,0,0,0,0,0,0,0,2,4,31,0,2024,DeAndre Hopkins,TEN,5.1
15795,2024_06_IND_TEN,0,0,0,0,0,0,0,0,4,6,54,0,2024,DeAndre Hopkins,TEN,9.4
15795,2024_07_TEN_BUF,0,0,0,0,0,0,0,0,1,1,-2,0,2024,DeAndre Hopkins,TEN,0.8
15795,2024_08_KC_LV,0,0,0,0,0,0,0,0,2,3,29,0,2024,DeAndre Hopkins,KC,4.9
15795,2024_09_TB_KC,0,0,0,0,0,0,0,0,8,9,86,2,2024,DeAndre Hopkins,KC,28.6
15795,2024_10_DEN_KC,0,0,0,0,0,0,0,0,4,5,56,0,2024,DeAndre Hopkins,KC,9.6
15795,2024_11_KC_BUF,0,0,0,0,0,0,0,0,3,4,29,0,2024,DeAndre Hopkins,KC,5.9
15795,2024_12_KC_CAR,0,0,0,0,0,0,0,0,5,6,35,1,2024,DeAndre Hopkins,KC,14.5
15795,2024_13_LV_KC,0,0,0,0,0,0,0,0,4,9,90,0,2024,DeAndre Hopkins,KC,13.0
15795,2024_14_LAC_KC,0,0,0,0,0,0,0,0,4,9,32,1,2024,DeAndre Hopkins,KC,13.2
15795,2024_15_KC_CLE,0,0,0,0,0,0,0,0,5,6,36,0,2024,DeAndre Hopkins,KC,8.6
15795,2024_16_HOU_KC,0,0,0,0,0,0,0,0,4,4,37,0,2024,DeAndre Hopkins,KC,7.7
15795,2024_17_KC_PIT,0,0,0,0,0,0,0,0,2,4,7,0,2024,DeAndre Hopkins,KC,2.7
15795,2025_01_BAL_BUF,0,0,0,0,0,0,0,0,2,2,35,1,2025,DeAndre Hopkins,BAL,11.5
15795,2025_02_CLE_BAL,0,0,0,0,0,0,0,0,2,2,64,1,2025,DeAndre Hopkins,BAL,14.4
15795,2025_03_DET_BAL,0,0,0,0,0,0,0,0,1,2,13,0,2025,DeAndre Hopkins,BAL,2.3
15795,2025_04_BAL_KC,0,0,0,0,0,0,0,0,0,1,0,0,2025,DeAndre Hopkins,BAL,0.0
15795,2025_05_HOU_BAL,0,0,0,0,0,0,0,0,2,2,46,0,2025,DeAndre Hopkins,BAL,6.6
15795,2025_06_LAR_BAL,0,0,0,0,0,0,0,0,2,4,20,0,2025,DeAndre Hopkins,BAL,4.0
15795,2025_08_CHI_BAL,0,0,0,0,0,0,0,0,1,1,14,0,2025,DeAndre Hopkins,BAL,2.4
15795,2025_09_BAL_MIA,0,0,0,0,0,0,0,0,0,1,0,0,2025,DeAndre Hopkins,BAL,0.0
15795,2025_10_BAL_MIN,0,0,0,0,0,0,0,0,2,4,16,0,2025,DeAndre Hopkins,BAL,3.6
15795,2025_11_BAL_CLE,0,0,0,0,0,0,0,0,1,4,11,0,2025,DeAndre Hopkins,BAL,2.1
15795,2025_12_NYJ_BAL,0,0,0,0,0,0,0,0,2,3,13,0,2025,DeAndre Hopkins,BAL,3.3
15795,2025_13_CIN_BAL,0,0,0,0,0,0,0,0,2,3,25,0,2025,DeAndre Hopkins,BAL,4.5
15795,2025_14_PIT_BAL,0,0,0,0,0,0,0,0,0,1,0,0,2025,DeAndre Hopkins,BAL,0.0
15795,2025_15_BAL_CIN,0,0,0,0,0,0,0,0,1,1,32,0,2025,DeAndre Hopkins,BAL,4.2
15795,2025_16_NE_BAL,0,0,0,0,0,0,0,0,4,5,41,0,2025,DeAndre Hopkins,BAL,8.1
15795,2025_17_BAL_GB,0,0,0,0,0,0,0,0,0,1,0,0,2025,DeAndre Hopkins,BAL,0.0
15795,2025_18_BAL_PIT,0,0,0,0,0,0,0,0,0,2,0,0,2025,DeAndre Hopkins,BAL,0.0
4427095,2024_01_NE_CIN,0,0,0,0,0,0,0,0,2,3,12,0,2024,DeMario Douglas,NE,3.2
4427095,2024_03_NE_NYJ,0,0,0,0,0,1,9,0,7,9,69,0,2024,DeMario Douglas,NE,14.8
4427095,2024_04_NE_SF,0,0,0,0,0,0,0,0,3,3,13,0,2024,DeMario Douglas,NE,4.3
4427095,2024_05_MIA_NE,0,0,0,0,0,0,0,0,6,9,59,0,2024,DeMario Douglas,NE,11.9
4427095,2024_06_HOU_NE,0,0,0,0,0,0,0,0,6,9,92,1,2024,DeMario Douglas,NE,21.2
4427095,2024_07_NE_JAX,0,0,0,0,0,0,0,0,2,3,14,0,2024,DeMario Douglas,NE,3.4
4427095,2024_08_NYJ_NE,0,0,0,0,0,0,0,0,2,3,12,0,2024,DeMario Douglas,NE,3.2
4427095,2024_09_NE_TEN,0,0,0,0,0,0,0,0,7,9,35,0,2024,DeMario Douglas,NE,10.5
4427095,2024_10_NE_CHI,0,0,0,0,0,0,0,0,4,5,50,0,2024,DeMario Douglas,NE,9.0
4427095,2024_11_LAR_NE,0,0,0,0,0,0,0,0,4,6,59,0,2024,DeMario Douglas,NE,9.9
4427095,2024_12_NE_MIA,0,0,0,0,0,1,1,0,5,7,62,0,2024,DeMario Douglas,NE,11.3
4427095,2024_13_IND_NE,0,0,0,0,0,0,0,0,4,4,20,0,2024,DeMario Douglas,NE,6.0
4427095,2024_15_NE_ARI,0,0,0,0,0,0,0,0,3,3,11,1,2024,DeMario Douglas,NE,10.1
4427095,2024_16_NE_BUF,0,0,0,0,0,1,6,0,4,5,33,0,2024,DeMario Douglas,NE,7.9
4427095,2024_17_LAC_NE,0,0,0,0,0,0,0,0,4,5,46,1,2024,DeMario Douglas,NE,14.6
4427095,2024_18_BUF_NE,0,0,0,0,0,0,0,0,3,4,34,0,2024,DeMario Douglas,NE,6.4
4427095,2025_01_LV_NE,0,0,0,0,0,1,4,0,2,7,-2,1,2025,DeMario Douglas,NE,8.2
4427095,2025_02_NE_MIA,0,0,0,0,0,0,0,0,1,1,8,0,2025,DeMario Douglas,NE,1.8
4427095,2025_03_PIT_NE,0,0,0,0,0,0,0,0,2,5,7,0,2025,DeMario Douglas,NE,2.7
4427095,2025_05_NE_BUF,0,0,0,0,0,0,0,0,2,3,17,0,2025,DeMario Douglas,NE,3.7
4427095,2025_06_NE_NO,0,0,0,0,0,0,0,0,3,4,71,1,2025,DeMario Douglas,NE,16.1
4427095,2025_07_NE_TEN,0,0,0,0,0,0,0,0,3,3,17,0,2025,DeMario Douglas,NE,4.7
4427095,2025_08_CLE_NE,0,0,0,0,0,2,3,0,1,1,44,0,2025,DeMario Douglas,NE,5.7
4427095,2025_09_ATL_NE,0,0,0,0,0,0,0,0,4,6,100,1,2025,DeMario Douglas,NE,20.0
4427095,2025_10_NE_TB,0,0,0,0,0,1,0,0,2,2,34,0,2025,DeMario Douglas,NE,5.4
4427095,2025_11_NYJ_NE,0,0,0,0,0,1,-5,0,3,3,36,0,2025,DeMario Douglas,NE,6.1
4427095,2025_12_NE_CIN,0,0,0,0,0,1,14,0,1,1,37,0,2025,DeMario Douglas,NE,6.1
4427095,2025_13_NYG_NE,0,0,0,0,0,0,0,0,3,3,33,0,2025,DeMario Douglas,NE,6.3
4427095,2025_16_NE_BAL,0,0,0,0,0,0,0,0,1,2,6,0,2025,DeMario Douglas,NE,1.6
4427095,2025_17_NE_NYJ,0,0,0,0,0,0,0,0,1,2,10,0,2025,DeMario Douglas,NE,2.0
4427095,2025_18_MIA_NE,0,0,0,0,0,0,0,0,2,3,29,0,2025,DeMario Douglas,NE,4.9
4241478,2024_01_GB_PHI,0,0,0,0,0,0,0,0,7,8,84,0,2024,DeVonta Smith,PHI,15.4
4241478,2024_02_ATL_PHI,0,0,0,0,0,0,0,0,7,10,76,1,2024,DeVonta Smith,PHI,20.6
4241478,2024_03_PHI_NO,0,0,0,0,0,0,0,0,7,10,79,0,2024,DeVonta Smith,PHI,14.9
4241478,2024_06_CLE_PHI,0,0,0,0,0,0,0,0,3,4,64,1,2024,DeVonta Smith,PHI,15.4
4241478,2024_07_PHI_NYG,0,0,0,0,0,0,0,0,1,2,-2,0,2024,DeVonta Smith,PHI,0.8
4241478,2024_08_PHI_CIN,0,0,0,0,0,0,0,0,6,7,85,1,2024,DeVonta Smith,PHI,20.5
4241478,2024_09_JAX_PHI,0,0,0,0,0,0,0,0,4,6,87,1,2024,DeVonta Smith,PHI,18.7
4241478,2024_10_PHI_DAL,0,0,0,0,0,0,0,0,2,3,14,0,2024,DeVonta Smith,PHI,3.4
4241478,2024_11_WSH_PHI,0,0,0,0,0,0,0,0,4,6,29,0,2024,DeVonta Smith,PHI,6.9
4241478,2024_14_CAR_PHI,0,0,0,0,0,0,0,0,4,6,37,1,2024,DeVonta Smith,PHI,13.7
4241478,2024_15_PIT_PHI,0,0,0,0,0,1,1,0,11,12,109,1,2024,DeVonta Smith,PHI,28.0
4241478,2024_16_PHI_WSH,0,0,0,0,0,0,0,0,6,8,51,0,2024,DeVonta Smith,PHI,11.1
4241478,2024_17_DAL_PHI,0,0,0,0,0,0,0,0,6,7,120,2,2024,DeVonta Smith,PHI,30.0
4241478,2025_01_DAL_PHI,0,0,0,0,0,0,0,0,3,3,16,0,2025,DeVonta Smith,PHI,4.6
4241478,2025_02_PHI_KC,0,0,0,0,0,0,0,0,4,6,53,0,2025,DeVonta Smith,PHI,9.3
4241478,2025_03_LAR_PHI,0,0,0,0,0,0,0,0,8,9,60,1,2025,DeVonta Smith,PHI,20.0
4241478,2025_04_PHI_TB,0,0,0,0,0,0,0,0,2,2,29,0,2025,DeVonta Smith,PHI,4.9
4241478,2025_05_DEN_PHI,0,0,0,0,0,0,0,0,8,10,114,0,2025,DeVonta Smith,PHI,19.4
4241478,2025_06_PHI_NYG,0,0,0,0,0,0,0,0,4,5,49,0,2025,DeVonta Smith,PHI,8.9
4241478,2025_07_PHI_MIN,0,0,0,0,0,0,0,0,9,11,183,1,2025,DeVonta Smith,PHI,33.3
4241478,2025_08_NYG_PHI,0,0,0,0,0,0,0,0,6,9,84,0,2025,DeVonta Smith,PHI,14.4
4241478,2025_10_PHI_GB,0,0,0,0,0,0,0,0,4,7,69,1,2025,DeVonta Smith,PHI,16.9
4241478,2025_11_DET_PHI,0,0,0,0,0,0,0,0,1,5,8,0,2025,DeVonta Smith,PHI,1.8
4241478,2025_12_PHI_DAL,0,0,0,0,0,0,0,0,6,11,89,0,2025,DeVonta Smith,PHI,14.9
4241478,2025_13_CHI_PHI,0,0,0,0,0,0,0,0,5,8,48,0,2025,DeVonta Smith,PHI,9.8
4241478,2025_14_PHI_LAC,0,0,0,0,0,0,0,0,4,8,37,0,2025,DeVonta Smith,PHI,7.7
4241478,2025_15_LV_PHI,0,0,0,0,0,0,0,0,2,2,50,0,2025,DeVonta Smith,PHI,7.0
4241478,2025_16_PHI_WSH,0,0,0,0,0,0,0,0,6,8,42,1,2025,DeVonta Smith,PHI,16.2
4241478,2025_17_PHI_BUF,0,0,0,0,0,0,0,0,2,5,25,0,2025,DeVonta Smith,PHI,4.5
4241478,2025_18_WSH_PHI,0,0,0,0,0,0,0,0,3,4,52,0,2025,DeVonta Smith,PHI,8.2
4043016,2024_03_MIA_SEA,0,0,0,0,0,0,0,0,1,1,30,0,2024,Dee Eskridge,MIA,4.0
4043016,2024_08_ARI_MIA,0,0,0,0,0,0,0,0,1,1,6,0,2024,Dee Eskridge,MIA,1.6
4043016,2024_17_MIA_CLE,0,0,0,0,0,0,0,0,1,1,8,0,2024,Dee Eskridge,MIA,1.8
4043016,2025_01_MIA_IND,0,0,0,0,0,0,0,0,1,2,9,0,2025,Dee Eskridge,MIA,1.9
4043016,2025_02_NE_MIA,0,0,0,0,0,0,0,0,1,1,8,0,2025,Dee Eskridge,MIA,1.8
4043016,2025_06_LAC_MIA,0,0,0,0,0,0,0,0,0,1,0,0,2025,Dee Eskridge,MIA,0.0
4043016,2025_07_MIA_CLE,0,0,0,0,0,0,0,0,2,2,45,0,2025,Dee Eskridge,MIA,6.5
4043016,2025_09_BAL_MIA,0,0,0,0,0,0,0,0,0,1,0,0,2025,Dee Eskridge,MIA,0.0
4240631,2024_10_NYJ_ARI,0,0,0,0,0,3,10,0,0,0,0,0,2024,DeeJay Dallas,ARI,1.0
4240631,2024_15_NE_ARI,0,0,0,0,0,4,15,0,0,0,0,0,2024,DeeJay Dallas,ARI,1.5
4240631,2024_16_ARI_CAR,0,0,0,0,0,0,0,0,1,1,1,1,2024,DeeJay Dallas,ARI,7.1
4240631,2024_17_ARI_LAR,0,0,0,0,0,0,0,0,1,1,5,0,2024,DeeJay Dallas,ARI,1.5
4240631,2024_18_SF_ARI,0,0,0,0,0,1,22,0,1,1,5,0,2024,DeeJay Dallas,ARI,3.7
4240631,2025_17_JAX_IND,0,0,0,0,0,2,21,0,0,1,0,0,2025,DeeJay Dallas,JAX,2.1
3126486,2024_01_NYJ_SF,0,0,0,0,0,8,23,1,5,9,54,0,2024,Deebo Samuel Sr.,SF,18.7
3126486,2024_02_SF_MIN,0,0,0,0,0,2,-10,0,8,10,110,0,2024,Deebo Samuel Sr.,SF,18.0
3126486,2024_04_NE_SF,0,0,0,0,0,2,14,0,3,5,58,0,2024,Deebo Samuel Sr.,SF,10.2
3126486,2024_05_ARI_SF,0,0,0,0,0,3,9,0,1,3,11,0,2024,Deebo Samuel Sr.,SF,3.0
3126486,2024_06_SF_SEA,0,0,0,0,0,4,15,0,3,5,102,1,2024,Deebo Samuel Sr.,SF,20.7
3126486,2024_08_DAL_SF,0,0,0,0,0,4,15,0,4,7,71,0,2024,Deebo Samuel Sr.,SF,12.6
3126486,2024_10_SF_TB,0,0,0,0,0,3,14,0,5,6,62,0,2024,Deebo Samuel Sr.,SF,12.6
3126486,2024_11_SEA_SF,0,0,0,0,0,1,-1,0,4,7,22,0,2024,Deebo Samuel Sr.,SF,6.1
3126486,2024_12_SF_GB,0,0,0,0,0,0,0,0,1,4,21,0,2024,Deebo Samuel Sr.,SF,3.1
3126486,2024_13_SF_BUF,0,0,0,0,0,0,0,0,4,5,20,0,2024,Deebo Samuel Sr.,SF,6.0
3126486,2024_14_CHI_SF,0,0,0,0,0,5,13,0,2,3,22,0,2024,Deebo Samuel Sr.,SF,5.5
3126486,2024_15_LAR_SF,0,0,0,0,0,2,3,0,3,7,16,0,2024,Deebo Samuel Sr.,SF,4.9
3126486,2024_16_SF_MIA,0,0,0,0,0,5,25,0,7,9,96,1,2024,Deebo Samuel Sr.,SF,25.1
3126486,2024_17_DET_SF,0,0,0,0,0,3,16,0,1,1,5,1,2024,Deebo Samuel Sr.,SF,9.1
3126486,2025_01_NYG_WSH,0,0,0,0,0,1,19,1,7,10,77,0,2025,Deebo Samuel Sr.,WSH,22.6
3126486,2025_02_WSH_GB,0,0,0,0,0,0,0,0,7,8,44,1,2025,Deebo Samuel Sr.,WSH,17.4
3126486,2025_03_LV_WSH,0,0,0,0,0,3,18,0,2,3,11,0,2025,Deebo Samuel Sr.,WSH,4.9
3126486,2025_04_WSH_ATL,0,0,0,0,0,3,9,0,6,6,72,1,2025,Deebo Samuel Sr.,WSH,20.1
3126486,2025_05_WSH_LAC,0,0,0,0,0,0,0,0,8,11,96,1,2025,Deebo Samuel Sr.,WSH,23.6
3126486,2025_06_CHI_WSH,0,0,0,0,0,1,-1,0,4,5,15,0,2025,Deebo Samuel Sr.,WSH,5.4
3126486,2025_08_WSH_KC,0,0,0,0,0,1,1,0,3,6,11,0,2025,Deebo Samuel Sr.,WSH,4.2
3126486,2025_09_SEA_WSH,0,0,0,0,0,1,3,0,5,6,41,0,2025,Deebo Samuel Sr.,WSH,9.4
3126486,2025_10_DET_WSH,0,0,0,0,0,0,0,0,4,5,29,1,2025,Deebo Samuel Sr.,WSH,12.9
3126486,2025_11_WSH_MIA,0,0,0,0,0,1,3,0,7,8,74,1,2025,Deebo Samuel Sr.,WSH,20.7
3126486,2025_13_DEN_WSH,0,0,0,0,0,2,-3,0,5,7,64,0,2025,Deebo Samuel Sr.,WSH,11.1
3126486,2025_14_WSH_MIN,0,0,0,0,0,0,0,0,4,6,27,0,2025,Deebo Samuel Sr.,WSH,6.7
3126486,2025_15_WSH_NYG,0,0,0,0,0,0,0,0,3,5,43,0,2025,Deebo Samuel Sr.,WSH,7.3
3126486,2025_16_PHI_WSH,0,0,0,0,0,0,0,0,3,4,35,0,2025,Deebo Samuel Sr.,WSH,6.5
3126486,2025_17_DAL_WSH,0,0,0,0,0,2,25,0,2,4,68,0,2025,Deebo Samuel Sr.,WSH,11.3
3126486,2025_18_WSH_PHI,0,0,0,0,0,2,1,0,2,5,20,0,2025,Deebo Samuel Sr.,WSH,4.1
3043116,2024_01_LAR_DET,0,0,0,0,0,0,0,0,4,7,42,0,2024,Demarcus Robinson,LAR,8.2
3043116,2024_02_LAR_ARI,0,0,0,0,0,0,0,0,2,4,50,0,2024,Demarcus Robinson,LAR,7.0
3043116,2024_03_SF_LAR,0,0,0,0,0,0,0,0,1,4,32,0,2024,Demarcus Robinson,LAR,4.2
3043116,2024_04_LAR_CHI,0,0,0,0,0,0,0,0,2,3,37,0,2024,Demarcus Robinson,LAR,5.7
3043116,2024_05_GB_LAR,0,0,0,0,0,0,0,0,3,5,28,1,2024,Demarcus Robinson,LAR,11.8
3043116,2024_07_LV_LAR,0,0,0,0,0,0,0,0,1,3,9,0,2024,Demarcus Robinson,LAR,1.9
3043116,2024_08_MIN_LAR,0,0,0,0,0,0,0,0,2,3,35,2,2024,Demarcus Robinson,LAR,17.5
3043116,2024_09_LAR_SEA,0,0,0,0,0,0,0,0,6,9,94,2,2024,Demarcus Robinson,LAR,27.4
3043116,2024_10_MIA_LAR,0,0,0,0,0,0,0,0,1,5,23,0,2024,Demarcus Robinson,LAR,3.3
3043116,2024_11_LAR_NE,0,0,0,0,0,0,0,0,2,4,19,0,2024,Demarcus Robinson,LAR,3.9
3043116,2024_12_PHI_LAR,0,0,0,0,0,0,0,0,2,3,15,1,2024,Demarcus Robinson,LAR,9.5
3043116,2024_13_LAR_NO,0,0,0,0,0,0,0,0,2,3,49,1,2024,Demarcus Robinson,LAR,12.9
3043116,2024_14_BUF_LAR,0,0,0,0,0,0,0,0,0,1,0,0,2024,Demarcus Robinson,LAR,0.0
3043116,2024_15_LAR_SF,0,0,0,0,0,0,0,0,0,1,0,0,2024,Demarcus Robinson,LAR,0.0
3043116,2024_16_LAR_NYJ,0,0,0,0,0,0,0,0,0,1,0,0,2024,Demarcus Robinson,LAR,0.0
3043116,2024_17_ARI_LAR,0,0,0,0,0,0,0,0,0,2,0,0,2024,Demarcus Robinson,LAR,0.0
3043116,2024_18_SEA_LAR,0,0,0,0,0,0,0,0,3,6,72,0,2024,Demarcus Robinson,LAR,10.2
3043116,2025_04_JAX_SF,0,0,0,0,0,0,0,0,1,2,20,0,2025,Demarcus Robinson,SF,3.0
3043116,2025_05_SF_LAR,0,0,0,0,0,0,0,0,3,7,39,0,2025,Demarcus Robinson,SF,6.9
3043116,2025_06_SF_TB,0,0,0,0,0,0,0,0,2,3,44,0,2025,Demarcus Robinson,SF,6.4
3043116,2025_07_ATL_SF,0,0,0,0,0,0,0,0,0,1,0,0,2025,Demarcus Robinson,SF,0.0
3043116,2025_08_SF_HOU,0,0,0,0,0,0,0,0,2,3,5,0,2025,Demarcus Robinson,SF,2.5
3043116,2025_09_SF_NYG,0,0,0,0,0,0,0,0,0,1,0,0,2025,Demarcus Robinson,SF,0.0
3043116,2025_10_LAR_SF,0,0,0,0,0,0,0,0,3,4,34,0,2025,Demarcus Robinson,SF,6.4
3043116,2025_11_SF_ARI,0,0,0,0,0,0,0,0,1,2,13,0,2025,Demarcus Robinson,SF,2.3
3043116,2025_12_CAR_SF,0,0,0,0,0,0,0,0,1,1,8,0,2025,Demarcus Robinson,SF,1.8
3043116,2025_13_SF_CLE,0,0,0,0,0,1,6,0,0,1,0,0,2025,Demarcus Robinson,SF,0.6
3043116,2025_15_TEN_SF,0,0,0,0,0,0,0,0,2,2,36,0,2025,Demarcus Robinson,SF,5.6
3043116,2025_16_SF_IND,0,0,0,0,0,0,0,0,2,2,23,1,2025,Demarcus Robinson,SF,10.3
3043116,2025_17_CHI_SF,0,0,0,0,0,0,0,0,2,2,30,0,2025,Demarcus Robinson,SF,5.0
3043116,2025_18_SEA_SF,0,0,0,0,0,0,0,0,3,4,24,0,2025,Demarcus Robinson,SF,5.4
16757,2024_01_CAR_NO,19,23,200,3,0,2,13,0,0,0,0,0,2024,Derek Carr,NO,21.3
16757,2024_02_NO_DAL,11,16,243,2,1,1,1,1,0,0,0,0,2024,Derek Carr,NO,22.82
16757,2024_03_PHI_NO,14,25,142,1,1,2,3,0,0,0,0,0,2024,Derek Carr,NO,8.98
16757,2024_04_NO_ATL,28,36,239,0,1,3,5,0,0,0,0,0,2024,Derek Carr,NO,9.06
16757,2024_05_NO_KC,18,28,165,2,1,0,0,0,0,0,0,0,2024,Derek Carr,NO,13.6
16757,2024_09_NO_CAR,18,31,236,1,0,0,0,0,0,0,0,0,2024,Derek Carr,NO,13.44
16757,2024_10_ATL_NO,16,25,269,2,0,4,17,0,0,0,0,0,2024,Derek Carr,NO,20.46
16757,2024_11_CLE_NO,21,27,248,2,0,1,8,0,0,0,0,0,2024,Derek Carr,NO,18.72
16757,2024_13_LAR_NO,24,37,184,1,0,2,12,0,0,0,0,0,2024,Derek Carr,NO,12.56
16757,2024_14_NO_NYG,20,31,219,1,1,2,12,0,0,0,0,0,2024,Derek Carr,NO,12.96
4362477,2024_06_LAC_DEN,0,0,0,0,0,2,14,0,1,2,8,0,2024,Derius Davis,LAC,3.2
4362477,2024_10_TEN_LAC,0,0,0,0,0,1,6,0,1,1,17,0,2024,Derius Davis,LAC,3.3
4362477,2024_11_CIN_LAC,0,0,0,0,0,1,6,0,1,2,14,0,2024,Derius Davis,LAC,3.0
4362477,2024_12_BAL_LAC,0,0,0,0,0,0,0,0,2,2,4,0,2024,Derius Davis,LAC,2.4
4362477,2024_13_LAC_ATL,0,0,0,0,0,1,3,0,1,1,3,0,2024,Derius Davis,LAC,1.6
4362477,2024_14_LAC_KC,0,0,0,0,0,1,0,0,2,4,1,0,2024,Derius Davis,LAC,2.1
4362477,2024_16_DEN_LAC,0,0,0,0,0,1,-3,0,2,2,31,1,2024,Derius Davis,LAC,10.8
4362477,2024_17_LAC_NE,0,0,0,0,0,1,-3,0,2,2,29,1,2024,Derius Davis,LAC,10.6
4362477,2024_18_LAC_LV,0,0,0,0,0,1,-1,0,1,1,5,0,2024,Derius Davis,LAC,1.4
4362477,2025_10_PIT_LAC,0,0,0,0,0,0,0,0,1,1,3,0,2025,Derius Davis,LAC,1.3
4362477,2025_11_LAC_JAX,0,0,0,0,0,0,0,0,0,1,0,0,2025,Derius Davis,LAC,0.0
4362477,2025_18_LAC_DEN,0,0,0,0,0,0,0,0,1,1,7,0,2025,Derius Davis,LAC,1.7
3043078,2024_01_BAL_KC,0,0,0,0,0,13,46,1,0,2,0,0,2024,Derrick Henry,BAL,10.6
3043078,2024_02_LV_BAL,0,0,0,0,0,18,84,1,1,1,12,0,2024,Derrick Henry,BAL,16.6
3043078,2024_03_BAL_DAL,0,0,0,0,0,25,151,2,1,1,23,0,2024,Derrick Henry,BAL,30.4
3043078,2024_04_BUF_BAL,0,0,0,0,0,24,199,1,3,3,10,1,2024,Derrick Henry,BAL,35.9
3043078,2024_05_BAL_CIN,0,0,0,0,0,15,92,1,1,1,4,0,2024,Derrick Henry,BAL,16.6
3043078,2024_06_WSH_BAL,0,0,0,0,0,24,132,2,0,0,0,0,2024,Derrick Henry,BAL,25.2
3043078,2024_07_BAL_TB,0,0,0,0,0,15,169,0,1,1,13,1,2024,Derrick Henry,BAL,25.2
3043078,2024_08_BAL_CLE,0,0,0,0,0,11,73,1,1,1,4,0,2024,Derrick Henry,BAL,14.7
3043078,2024_09_DEN_BAL,0,0,0,0,0,23,106,2,1,1,27,0,2024,Derrick Henry,BAL,26.3
3043078,2024_10_CIN_BAL,0,0,0,0,0,16,68,1,1,1,3,0,2024,Derrick Henry,BAL,14.1
3043078,2024_11_BAL_PIT,0,0,0,0,0,13,65,1,0,0,0,0,2024,Derrick Henry,BAL,12.5
3043078,2024_12_BAL_LAC,0,0,0,0,0,24,140,0,0,0,0,0,2024,Derrick Henry,BAL,14.0
3043078,2024_13_PHI_BAL,0,0,0,0,0,19,82,0,3,3,29,0,2024,Derrick Henry,BAL,14.1
3043078,2024_15_BAL_NYG,0,0,0,0,0,14,67,0,0,0,0,0,2024,Derrick Henry,BAL,6.7
3043078,2024_16_PIT_BAL,0,0,0,0,0,24,162,0,2,2,27,0,2024,Derrick Henry,BAL,20.9
3043078,2024_17_BAL_HOU,0,0,0,0,0,27,147,1,2,2,18,0,2024,Derrick Henry,BAL,24.5
3043078,2024_18_CLE_BAL,0,0,0,0,0,20,138,2,2,3,23,0,2024,Derrick Henry,BAL,30.1
3043078,2025_01_BAL_BUF,0,0,0,0,0,18,169,2,1,1,13,0,2025,Derrick Henry,BAL,31.2
3043078,2025_02_CLE_BAL,0,0,0,0,0,11,23,0,0,0,0,0,2025,Derrick Henry,BAL,2.3
3043078,2025_03_DET_BAL,0,1,0,0,0,12,50,1,1,1,7,0,2025,Derrick Henry,BAL,12.7
3043078,2025_04_BAL_KC,0,0,0,0,0,8,42,0,2,3,16,0,2025,Derrick Henry,BAL,7.8
3043078,2025_05_HOU_BAL,0,0,0,0,0,15,33,1,0,1,0,0,2025,Derrick Henry,BAL,9.3
3043078,2025_06_LAR_BAL,0,0,0,0,0,24,122,0,1,2,8,0,2025,Derrick Henry,BAL,14.0
3043078,2025_08_CHI_BAL,0,0,0,0,0,21,71,2,0,1,0,0,2025,Derrick Henry,BAL,19.1
3043078,2025_09_BAL_MIA,0,0,0,0,0,19,119,0,1,1,2,0,2025,Derrick Henry,BAL,13.1
3043078,2025_10_BAL_MIN,0,0,0,0,0,20,75,0,3,3,9,0,2025,Derrick Henry,BAL,11.4
3043078,2025_11_BAL_CLE,0,0,0,0,0,18,103,1,2,2,19,0,2025,Derrick Henry,BAL,20.2
3043078,2025_12_NYJ_BAL,0,0,0,0,0,21,64,2,2,2,24,0,2025,Derrick Henry,BAL,22.8
3043078,2025_13_CIN_BAL,0,0,0,0,0,10,60,1,1,1,44,0,2025,Derrick Henry,BAL,17.4
3043078,2025_14_PIT_BAL,0,0,0,0,0,25,94,0,1,2,8,0,2025,Derrick Henry,BAL,11.2
3043078,2025_15_BAL_CIN,0,0,0,0,0,11,100,0,0,0,0,0,2025,Derrick Henry,BAL,10.0
3043078,2025_16_NE_BAL,0,0,0,0,0,18,128,2,0,0,0,0,2025,Derrick Henry,BAL,24.8
3043078,2025_17_BAL_GB,0,0,0,0,0,36,216,4,0,0,0,0,2025,Derrick Henry,BAL,45.6
3043078,2025_18_BAL_PIT,0,0,0,0,0,20,126,0,0,1,0,0,2025,Derrick Henry,BAL,12.6
3122840,2024_01_DAL_CLE,24,45,169,1,2,5,39,0,0,0,0,0,2024,Deshaun Watson,CLE,12.66
3122840,2024_02_CLE_JAX,22,34,186,0,0,5,20,1,0,0,0,0,2024,Deshaun Watson,CLE,15.44
3122840,2024_03_NYG_CLE,21,37,196,2,0,4,26,0,0,0,0,0,2024,Deshaun Watson,CLE,18.44
3122840,2024_04_CLE_LV,24,32,176,1,1,8,32,0,0,0,0,0,2024,Deshaun Watson,CLE,13.24
3122840,2024_05_CLE_WSH,15,28,125,1,0,3,14,0,0,0,0,0,2024,Deshaun Watson,CLE,10.4
3122840,2024_06_CLE_PHI,16,23,168,0,0,4,17,0,0,0,0,0,2024,Deshaun Watson,CLE,8.42
3122840,2024_07_CIN_CLE,15,17,128,0,0,2,0,0,0,0,0,0,2024,Deshaun Watson,CLE,5.12
4239086,2024_09_LV_CIN,11,16,74,1,0,1,2,0,0,0,0,0,2024,Desmond Ridder,LV,7.16
4239086,2024_12_DEN_LV,5,10,64,0,0,1,3,0,0,0,0,0,2024,Desmond Ridder,LV,2.86
4239086,2024_14_LV_TB,12,18,101,0,0,2,3,0,0,0,0,0,2024,Desmond Ridder,LV,4.34
4239086,2024_15_ATL_LV,23,39,208,1,2,5,28,0,0,0,0,0,2024,Desmond Ridder,LV,13.12
4431453,2024_02_NO_DAL,0,0,0,0,0,4,11,0,1,1,6,0,2024,Deuce Vaughn,DAL,2.7
4431453,2024_03_BAL_DAL,0,0,0,0,0,2,5,0,1,2,8,0,2024,Deuce Vaughn,DAL,2.3
4431453,2024_11_HOU_DAL,0,0,0,0,0,4,13,0,1,2,4,0,2024,Deuce Vaughn,DAL,2.7
4431453,2024_18_WSH_DAL,0,0,0,0,0,6,37,0,0,0,0,0,2024,Deuce Vaughn,DAL,3.7
4569559,2024_01_DEN_SEA,0,0,0,0,0,0,0,0,8,8,39,0,2024,Devaughn Vele,DEN,11.9
4569559,2024_06_LAC_DEN,0,0,0,0,0,0,0,0,4,6,78,0,2024,Devaughn Vele,DEN,11.8
4569559,2024_07_DEN_NO,0,0,0,0,0,0,0,0,1,3,20,0,2024,Devaughn Vele,DEN,3.0
4569559,2024_08_CAR_DEN,0,0,0,0,0,0,0,0,3,3,28,0,2024,Devaughn Vele,DEN,5.8
4569559,2024_09_DEN_BAL,0,0,0,0,0,0,0,0,2,3,11,0,2024,Devaughn Vele,DEN,3.1
4569559,2024_10_DEN_KC,0,0,0,0,0,0,0,0,4,4,39,1,2024,Devaughn Vele,DEN,13.9
4569559,2024_11_ATL_DEN,0,0,0,0,0,0,0,0,4,5,66,0,2024,Devaughn Vele,DEN,10.6
4569559,2024_12_DEN_LV,0,0,0,0,0,0,0,0,6,9,80,0,2024,Devaughn Vele,DEN,14.0
4569559,2024_13_CLE_DEN,0,0,0,0,0,0,0,0,1,4,16,0,2024,Devaughn Vele,DEN,2.6
4569559,2024_15_IND_DEN,0,0,0,0,0,0,0,0,0,1,0,0,2024,Devaughn Vele,DEN,0.0
4569559,2024_16_DEN_LAC,0,0,0,0,0,0,0,0,2,3,21,1,2024,Devaughn Vele,DEN,10.1
4569559,2024_17_DEN_CIN,0,0,0,0,0,0,0,0,2,2,27,0,2024,Devaughn Vele,DEN,4.7
4569559,2024_18_KC_DEN,0,0,0,0,0,0,0,0,4,4,50,1,2024,Devaughn Vele,DEN,15.0
4569559,2025_01_ARI_NO,0,0,0,0,0,0,0,0,1,2,13,0,2025,Devaughn Vele,NO,2.3
4569559,2025_02_SF_NO,0,0,0,0,0,0,0,0,1,1,3,1,2025,Devaughn Vele,NO,7.3
4569559,2025_05_NYG_NO,0,0,0,0,0,0,0,0,2,2,13,0,2025,Devaughn Vele,NO,3.3
4569559,2025_08_TB_NO,0,0,0,0,0,0,0,0,1,5,10,0,2025,Devaughn Vele,NO,2.0
4569559,2025_10_NO_CAR,0,0,0,0,0,0,0,0,1,3,15,0,2025,Devaughn Vele,NO,2.5
4569559,2025_12_ATL_NO,0,0,0,0,0,0,0,0,3,7,37,0,2025,Devaughn Vele,NO,6.7
4569559,2025_13_NO_MIA,0,0,0,0,0,0,0,0,8,8,93,1,2025,Devaughn Vele,NO,23.3
4569559,2025_14_NO_TB,0,0,0,0,0,0,0,0,3,5,40,0,2025,Devaughn Vele,NO,7.0
4569559,2025_15_CAR_NO,0,0,0,0,0,0,0,0,5,6,69,0,2025,Devaughn Vele,NO,11.9
4374187,2024_12_KC_CAR,0,0,0,0,0,0,0,0,3,3,13,0,2024,Deven Thompkins,CAR,4.3
4374187,2024_14_CAR_PHI,0,0,0,0,0,0,0,0,1,1,7,0,2024,Deven Thompkins,CAR,1.7
4374187,2025_13_ATL_NYJ,0,0,0,0,0,1,5,0,2,2,23,0,2025,Deven Thompkins,ATL,4.8
4374187,2025_14_SEA_ATL,0,0,0,0,0,0,0,0,1,1,4,0,2025,Deven Thompkins,ATL,1.4
4361112,2024_17_CAR_TB,0,0,0,0,0,0,0,0,3,4,52,0,2024,Devin Culp,TB,8.2
4361112,2024_18_NO_TB,0,0,0,0,0,0,0,0,2,2,36,0,2024,Devin Culp,TB,5.6
4361112,2025_15_ATL_TB,0,0,0,0,0,0,0,0,1,1,6,1,2025,Devin Culp,TB,7.6
4039050,2024_03_JAX_BUF,0,0,0,0,0,0,0,0,1,1,-1,0,2024,Devin Duvernay,JAX,0.9
4039050,2024_11_JAX_DET,0,0,0,0,0,0,0,0,0,2,0,0,2024,Devin Duvernay,JAX,0.0
4039050,2024_13_HOU_JAX,0,0,0,0,0,0,0,0,2,4,23,0,2024,Devin Duvernay,JAX,4.3
4039050,2024_14_JAX_TEN,0,0,0,0,0,1,-7,0,3,3,8,0,2024,Devin Duvernay,JAX,3.1
4039050,2024_15_NYJ_JAX,0,0,0,0,0,0,0,0,3,4,42,0,2024,Devin Duvernay,JAX,7.2
4039050,2024_16_JAX_LV,0,0,0,0,0,0,0,0,1,1,3,0,2024,Devin Duvernay,JAX,1.3
4039050,2024_17_TEN_JAX,0,0,0,0,0,0,0,0,1,1,4,0,2024,Devin Duvernay,JAX,1.4
4039050,2025_08_CHI_BAL,0,0,0,0,0,0,0,0,1,3,2,0,2025,Devin Duvernay,CHI,1.2
4039050,2025_14_CHI_GB,0,0,0,0,0,0,0,0,1,1,24,0,2025,Devin Duvernay,CHI,3.4
4039050,2025_17_CHI_SF,0,0,0,0,0,0,0,0,0,1,0,0,2025,Devin Duvernay,CHI,0.0
4682652,2025_08_TB_NO,0,0,0,0,0,0,0,0,3,3,11,0,2025,Devin Neal,NO,4.1
4682652,2025_09_NO_LAR,0,0,0,0,0,3,11,0,1,1,1,0,2025,Devin Neal,NO,2.2
4682652,2025_10_NO_CAR,0,0,0,0,0,4,22,0,3,3,9,0,2025,Devin Neal,NO,6.1
4682652,2025_12_ATL_NO,0,0,0,0,0,7,18,0,5,7,43,0,2025,Devin Neal,NO,11.1
4682652,2025_13_NO_MIA,0,0,0,0,0,14,47,0,3,3,22,0,2025,Devin Neal,NO,9.9
4682652,2025_14_NO_TB,0,0,0,0,0,19,70,1,1,1,14,0,2025,Devin Neal,NO,15.4
4682652,2025_15_CAR_NO,0,0,0,0,0,7,28,1,1,1,4,0,2025,Devin Neal,NO,10.2
4040761,2024_01_MIN_NYG,0,0,0,0,0,10,37,0,4,5,15,0,2024,Devin Singletary,NYG,9.2
4040761,2024_02_NYG_WSH,0,0,0,0,0,16,95,1,1,1,0,0,2024,Devin Singletary,NYG,16.5
4040761,2024_03_NYG_CLE,0,0,0,0,0,16,65,1,4,4,43,0,2024,Devin Singletary,NYG,20.8
4040761,2024_04_DAL_NYG,0,0,0,0,0,14,24,0,1,1,14,0,2024,Devin Singletary,NYG,4.8
4040761,2024_07_PHI_NYG,0,0,0,0,0,5,18,0,1,1,3,0,2024,Devin Singletary,NYG,3.1
4040761,2024_08_NYG_PIT,0,0,0,0,0,2,11,0,2,3,12,0,2024,Devin Singletary,NYG,4.3
4040761,2024_09_WSH_NYG,0,0,0,0,0,7,33,0,0,0,0,0,2024,Devin Singletary,NYG,3.3
4040761,2024_10_NYG_CAR,0,0,0,0,0,8,40,0,1,1,5,0,2024,Devin Singletary,NYG,5.5
4040761,2024_12_TB_NYG,0,0,0,0,0,2,3,1,2,2,7,0,2024,Devin Singletary,NYG,9.0
4040761,2024_13_NYG_DAL,0,0,0,0,0,7,23,0,0,1,0,0,2024,Devin Singletary,NYG,2.3
4040761,2024_15_BAL_NYG,0,0,0,0,0,8,25,1,3,3,16,0,2024,Devin Singletary,NYG,13.1
4040761,2024_16_NYG_ATL,0,0,0,0,0,4,12,0,0,0,0,0,2024,Devin Singletary,NYG,1.2
4040761,2024_17_IND_NYG,0,0,0,0,0,5,21,0,1,1,9,0,2024,Devin Singletary,NYG,4.0
4040761,2024_18_NYG_PHI,0,0,0,0,0,7,22,0,1,1,-5,0,2024,Devin Singletary,NYG,2.7
4040761,2025_01_NYG_WSH,0,0,0,0,0,3,9,0,0,0,0,0,2025,Devin Singletary,NYG,0.9
4040761,2025_02_NYG_DAL,0,0,0,0,0,1,4,0,1,1,-4,0,2025,Devin Singletary,NYG,1.0
4040761,2025_03_KC_NYG,0,0,0,0,0,4,11,0,0,0,0,0,2025,Devin Singletary,NYG,1.1
4040761,2025_04_LAC_NYG,0,0,0,0,0,7,28,0,0,0,0,0,2025,Devin Singletary,NYG,2.8
4040761,2025_05_NYG_NO,0,0,0,0,0,6,20,0,1,2,4,0,2025,Devin Singletary,NYG,3.4
4040761,2025_06_PHI_NYG,0,0,0,0,0,3,10,0,0,0,0,0,2025,Devin Singletary,NYG,1.0
4040761,2025_08_NYG_PHI,0,0,0,0,0,2,0,0,1,1,28,0,2025,Devin Singletary,NYG,3.8
4040761,2025_09_SF_NYG,0,0,0,0,0,8,43,0,2,2,8,0,2025,Devin Singletary,NYG,7.1
4040761,2025_10_NYG_CHI,0,0,0,0,0,8,20,0,3,3,53,0,2025,Devin Singletary,NYG,10.3
4040761,2025_11_GB_NYG,0,0,0,0,0,16,44,2,1,1,3,0,2025,Devin Singletary,NYG,17.7
4040761,2025_12_NYG_DET,0,0,0,0,0,14,47,0,0,0,0,0,2025,Devin Singletary,NYG,4.7
4040761,2025_13_NYG_NE,0,0,0,0,0,12,68,1,3,3,34,0,2025,Devin Singletary,NYG,19.2
4040761,2025_15_WSH_NYG,0,0,0,0,0,5,13,0,1,1,1,0,2025,Devin Singletary,NYG,2.4
4040761,2025_16_MIN_NYG,0,0,0,0,0,11,47,0,1,1,-1,0,2025,Devin Singletary,NYG,5.6
4040761,2025_17_NYG_LV,0,0,0,0,0,8,45,1,4,4,25,0,2025,Devin Singletary,NYG,17.0
4040761,2025_18_DAL_NYG,0,0,0,0,0,9,26,1,0,0,0,0,2025,Devin Singletary,NYG,8.6
4696882,2024_15_BAL_NYG,0,0,0,0,0,0,0,0,1,1,21,1,2024,Devontez Walker,BAL,9.1
4696882,2024_17_BAL_HOU,0,0,0,0,0,0,0,0,0,2,0,0,2024,Devontez Walker,BAL,0.0
4696882,2025_02_CLE_BAL,0,0,0,0,0,0,0,0,2,2,26,2,2025,Devontez Walker,BAL,16.6
4696882,2025_03_DET_BAL,0,0,0,0,0,0,0,0,1,1,34,0,2025,Devontez Walker,BAL,4.4
4696882,2025_12_NYJ_BAL,0,0,0,0,0,0,0,0,1,1,30,0,2025,Devontez Walker,BAL,4.0
4696882,2025_13_CIN_BAL,0,0,0,0,0,0,0,0,0,2,0,0,2025,Devontez Walker,BAL,0.0
4696882,2025_18_BAL_PIT,0,0,0,0,0,0,0,0,2,2,46,1,2025,Devontez Walker,BAL,12.6
4427238,2025_05_MIN_CLE,19,33,190,2,0,2,5,0,0,0,0,0,2025,Dillon Gabriel,CLE,16.1
4427238,2025_06_CLE_PIT,29,52,221,0,0,0,0,0,0,0,0,0,2025,Dillon Gabriel,CLE,8.84
4427238,2025_07_MIA_CLE,13,18,116,0,0,4,12,0,0,0,0,0,2025,Dillon Gabriel,CLE,5.84
4427238,2025_08_CLE_NE,21,35,156,2,2,1,13,0,0,0,0,0,2025,Dillon Gabriel,CLE,13.54
4427238,2025_10_CLE_NYJ,17,32,167,2,0,5,54,0,0,0,0,0,2025,Dillon Gabriel,CLE,20.08
4427238,2025_11_BAL_CLE,7,10,68,0,0,2,2,0,0,0,0,0,2025,Dillon Gabriel,CLE,2.92
3932905,2024_01_CAR_NO,0,0,0,0,0,0,0,0,2,6,19,0,2024,Diontae Johnson,CAR,3.9
3932905,2024_02_LAC_CAR,0,0,0,0,0,0,0,0,3,6,15,0,2024,Diontae Johnson,CAR,4.5
3932905,2024_03_CAR_LV,0,0,0,0,0,0,0,0,8,14,122,1,2024,Diontae Johnson,CAR,26.2
3932905,2024_04_CIN_CAR,0,0,0,0,0,0,0,0,7,13,83,1,2024,Diontae Johnson,CAR,21.3
3932905,2024_05_CAR_CHI,0,0,0,0,0,2,6,0,3,6,23,0,2024,Diontae Johnson,CAR,5.9
3932905,2024_06_ATL_CAR,0,0,0,0,0,0,0,0,6,10,78,1,2024,Diontae Johnson,CAR,19.8
3932905,2024_07_CAR_WSH,0,0,0,0,0,0,0,0,1,3,17,0,2024,Diontae Johnson,CAR,2.7
3932905,2024_10_CIN_BAL,0,0,0,0,0,0,0,0,1,2,6,0,2024,Diontae Johnson,BAL,1.6
3932905,2024_11_BAL_PIT,0,0,0,0,0,0,0,0,0,2,0,0,2024,Diontae Johnson,BAL,0.0
3932905,2024_12_BAL_LAC,0,0,0,0,0,0,0,0,0,1,0,0,2024,Diontae Johnson,BAL,0.0
3932905,2024_18_HOU_TEN,0,0,0,0,0,0,0,0,2,4,12,0,2024,Diontae Johnson,HOU,3.2
4037626,2024_12_DEN_LV,0,0,0,0,0,0,0,0,1,1,34,0,2024,Divine Deablo,LV,4.4
4432775,2025_01_LV_NE,0,0,0,0,0,0,0,0,2,4,45,0,2025,Dont'e Thornton Jr.,LV,6.5
4432775,2025_02_LAC_LV,0,0,0,0,0,0,0,0,1,4,20,0,2025,Dont'e Thornton Jr.,LV,3.0
4432775,2025_03_LV_WSH,0,0,0,0,0,0,0,0,2,4,29,0,2025,Dont'e Thornton Jr.,LV,4.9
4432775,2025_04_CHI_LV,0,0,0,0,0,0,0,0,0,2,0,0,2025,Dont'e Thornton Jr.,LV,0.0
4432775,2025_05_LV_IND,0,0,0,0,0,0,0,0,0,2,0,0,2025,Dont'e Thornton Jr.,LV,0.0
4432775,2025_07_LV_KC,0,0,0,0,0,0,0,0,0,3,0,0,2025,Dont'e Thornton Jr.,LV,0.0
4432775,2025_10_LV_DEN,0,0,0,0,0,0,0,0,1,2,4,0,2025,Dont'e Thornton Jr.,LV,1.4
4432775,2025_12_CLE_LV,0,0,0,0,0,0,0,0,1,2,14,0,2025,Dont'e Thornton Jr.,LV,2.4
4432775,2025_13_LV_LAC,0,0,0,0,0,0,0,0,1,2,11,0,2025,Dont'e Thornton Jr.,LV,2.1
4432775,2025_17_NYG_LV,0,0,0,0,0,0,0,0,2,4,12,0,2025,Dont'e Thornton Jr.,LV,3.2
4432775,2025_18_KC_LV,0,0,0,0,0,0,0,0,0,1,0,0,2025,Dont'e Thornton Jr.,LV,0.0
4428850,2024_01_GB_PHI,0,0,0,0,0,0,0,0,0,3,0,0,2024,Dontayvion Wicks,GB,0.0
4428850,2024_02_IND_GB,0,0,0,0,0,0,0,0,3,4,26,1,2024,Dontayvion Wicks,GB,11.6
4428850,2024_03_GB_TEN,0,0,0,0,0,0,0,0,0,2,0,0,2024,Dontayvion Wicks,GB,0.0
4428850,2024_04_MIN_GB,0,0,0,0,0,0,0,0,5,13,78,2,2024,Dontayvion Wicks,GB,24.8
4428850,2024_05_GB_LAR,0,0,0,0,0,0,0,0,2,7,20,0,2024,Dontayvion Wicks,GB,4.0
4428850,2024_06_ARI_GB,0,0,0,0,0,0,0,0,1,3,9,0,2024,Dontayvion Wicks,GB,1.9
4428850,2024_07_HOU_GB,0,0,0,0,0,0,0,0,3,6,48,1,2024,Dontayvion Wicks,GB,13.8
4428850,2024_08_GB_JAX,0,0,0,0,0,0,0,0,2,2,11,0,2024,Dontayvion Wicks,GB,3.1
4428850,2024_09_DET_GB,0,0,0,0,0,0,0,0,0,3,0,0,2024,Dontayvion Wicks,GB,0.0
4428850,2024_11_GB_CHI,0,0,0,0,0,0,0,0,0,1,0,0,2024,Dontayvion Wicks,GB,0.0
4428850,2024_12_SF_GB,0,0,0,0,0,0,0,0,1,2,25,0,2024,Dontayvion Wicks,GB,3.5
4428850,2024_13_MIA_GB,0,0,0,0,0,0,0,0,4,5,30,0,2024,Dontayvion Wicks,GB,7.0
4428850,2024_14_GB_DET,0,0,0,0,0,0,0,0,4,5,49,0,2024,Dontayvion Wicks,GB,8.9
4428850,2024_15_GB_SEA,0,0,0,0,0,0,0,0,2,2,14,0,2024,Dontayvion Wicks,GB,3.4
4428850,2024_16_NO_GB,0,0,0,0,0,0,0,0,3,7,13,1,2024,Dontayvion Wicks,GB,10.3
4428850,2024_17_GB_MIN,0,0,0,0,0,0,0,0,4,5,43,0,2024,Dontayvion Wicks,GB,8.3
4428850,2024_18_CHI_GB,0,0,0,0,0,0,0,0,5,6,49,0,2024,Dontayvion Wicks,GB,9.9
4428850,2025_01_DET_GB,0,0,0,0,0,0,0,0,2,2,30,0,2025,Dontayvion Wicks,GB,5.0
4428850,2025_02_WSH_GB,0,0,0,0,0,0,0,0,4,6,44,0,2025,Dontayvion Wicks,GB,8.4
4428850,2025_03_GB_CLE,0,0,0,0,0,0,0,0,2,4,21,0,2025,Dontayvion Wicks,GB,4.1
4428850,2025_04_GB_DAL,0,0,0,0,0,0,0,0,2,4,19,0,2025,Dontayvion Wicks,GB,3.9
4428850,2025_06_CIN_GB,0,0,0,0,0,0,0,0,2,2,15,0,2025,Dontayvion Wicks,GB,3.5
4428850,2025_07_GB_ARI,0,0,0,0,0,0,0,0,1,2,5,0,2025,Dontayvion Wicks,GB,1.5
4428850,2025_10_PHI_GB,0,0,0,0,0,0,0,0,4,8,38,0,2025,Dontayvion Wicks,GB,7.8
4428850,2025_11_GB_NYG,0,0,0,0,0,0,0,0,1,2,9,0,2025,Dontayvion Wicks,GB,1.9
4428850,2025_12_MIN_GB,0,0,0,0,0,0,0,0,2,4,32,0,2025,Dontayvion Wicks,GB,5.2
4428850,2025_13_GB_DET,0,0,0,0,0,1,6,0,6,7,94,2,2025,Dontayvion Wicks,GB,28.0
4428850,2025_15_GB_DEN,0,0,0,0,0,0,0,0,1,2,6,0,2025,Dontayvion Wicks,GB,1.6
4428850,2025_16_GB_CHI,0,0,0,0,0,0,0,0,2,2,12,0,2025,Dontayvion Wicks,GB,3.2
4428850,2025_17_BAL_GB,0,0,0,0,0,0,0,0,1,1,7,0,2025,Dontayvion Wicks,GB,1.7
4367178,2024_07_CIN_CLE,11,24,82,0,2,3,44,0,0,0,0,0,2024,Dorian Thompson-Robinson,CLE,5.68
4367178,2024_15_KC_CLE,4,9,18,0,1,3,16,0,0,0,0,0,2024,Dorian Thompson-Robinson,CLE,1.32
4367178,2024_16_CLE_CIN,20,34,157,0,2,9,49,0,0,0,0,0,2024,Dorian Thompson-Robinson,CLE,9.18
4367178,2024_17_MIA_CLE,24,47,170,0,1,4,10,0,0,0,0,0,2024,Dorian Thompson-Robinson,CLE,6.8
4367178,2024_18_CLE_BAL,2,3,13,0,0,2,3,0,0,0,0,0,2024,Dorian Thompson-Robinson,CLE,0.82
4429466,2025_18_GB_MIN,0,0,0,0,0,0,0,0,1,2,3,0,2025,Drake Dabney,GB,1.3
4426502,2024_01_PIT_ATL,0,0,0,0,0,0,0,0,2,3,15,0,2024,Drake London,ATL,3.5
4426502,2024_02_ATL_PHI,0,0,0,0,0,0,0,0,6,7,54,1,2024,Drake London,ATL,17.4
4426502,2024_03_KC_ATL,0,0,0,0,0,0,0,0,6,9,67,1,2024,Drake London,ATL,18.7
4426502,2024_04_NO_ATL,0,0,0,0,0,0,0,0,6,12,64,0,2024,Drake London,ATL,12.4
4426502,2024_05_TB_ATL,0,0,0,0,0,0,0,0,12,13,154,1,2024,Drake London,ATL,33.4
4426502,2024_06_ATL_CAR,0,0,0,0,0,0,0,0,6,10,74,1,2024,Drake London,ATL,19.4
4426502,2024_07_SEA_ATL,0,0,0,0,0,0,0,0,6,8,63,1,2024,Drake London,ATL,18.3
4426502,2024_08_ATL_TB,0,0,0,0,0,0,0,0,4,6,34,0,2024,Drake London,ATL,7.4
4426502,2024_09_DAL_ATL,0,0,0,0,0,0,0,0,2,2,27,1,2024,Drake London,ATL,10.7
4426502,2024_10_ATL_NO,0,0,0,0,0,0,0,0,8,13,97,0,2024,Drake London,ATL,17.7
4426502,2024_11_ATL_DEN,0,0,0,0,0,0,0,0,3,7,61,0,2024,Drake London,ATL,9.1
4426502,2024_13_LAC_ATL,0,0,0,0,0,1,-3,0,9,16,86,0,2024,Drake London,ATL,17.3
4426502,2024_14_ATL_MIN,0,0,0,0,0,0,0,0,5,10,70,0,2024,Drake London,ATL,12.0
4426502,2024_15_ATL_LV,0,0,0,0,0,0,0,0,3,3,53,1,2024,Drake London,ATL,14.3
4426502,2024_16_NYG_ATL,0,0,0,0,0,0,0,0,5,8,59,0,2024,Drake London,ATL,10.9
4426502,2024_17_ATL_WSH,0,0,0,0,0,0,0,0,7,13,106,0,2024,Drake London,ATL,17.6
4426502,2024_18_CAR_ATL,0,0,0,0,0,0,0,0,10,18,187,2,2024,Drake London,ATL,40.7
4426502,2025_01_TB_ATL,0,0,0,0,0,0,0,0,8,15,55,0,2025,Drake London,ATL,13.5
4426502,2025_02_ATL_MIN,0,0,0,0,0,0,0,0,3,4,49,0,2025,Drake London,ATL,7.9
4426502,2025_03_ATL_CAR,0,0,0,0,0,0,0,0,5,8,55,0,2025,Drake London,ATL,10.5
4426502,2025_04_WSH_ATL,0,0,0,0,0,0,0,0,8,10,110,1,2025,Drake London,ATL,25.0
4426502,2025_06_BUF_ATL,0,0,0,0,0,0,0,0,10,16,158,1,2025,Drake London,ATL,31.8
4426502,2025_07_ATL_SF,0,0,0,0,0,0,0,0,4,10,42,0,2025,Drake London,ATL,8.2
4426502,2025_09_ATL_NE,0,0,0,0,0,0,0,0,9,14,118,3,2025,Drake London,ATL,38.8
4426502,2025_10_ATL_IND,0,0,0,0,0,0,0,0,6,8,104,1,2025,Drake London,ATL,22.4
4426502,2025_11_CAR_ATL,0,0,0,0,0,0,0,0,7,9,119,0,2025,Drake London,ATL,18.9
4426502,2025_16_ATL_ARI,0,0,0,0,0,0,0,0,3,8,27,0,2025,Drake London,ATL,5.7
4426502,2025_17_LAR_ATL,0,0,0,0,0,0,0,0,1,2,4,0,2025,Drake London,ATL,1.4
4426502,2025_18_NO_ATL,0,0,0,0,0,0,0,0,4,8,78,1,2025,Drake London,ATL,17.8
4431452,2024_03_NE_NYJ,4,8,22,0,0,2,12,0,0,0,0,0,2024,Drake Maye,NE,2.08
4431452,2024_06_HOU_NE,20,33,243,3,2,5,38,0,0,0,0,0,2024,Drake Maye,NE,23.52
4431452,2024_07_NE_JAX,26,37,276,2,0,3,18,0,0,0,0,0,2024,Drake Maye,NE,20.84
4431452,2024_08_NYJ_NE,3,6,23,0,0,3,46,1,0,0,0,0,2024,Drake Maye,NE,11.52
4431452,2024_09_NE_TEN,29,41,206,1,2,8,95,0,0,0,0,0,2024,Drake Maye,NE,19.74
4431452,2024_10_NE_CHI,15,25,184,1,1,4,24,0,0,0,0,0,2024,Drake Maye,NE,12.76
4431452,2024_11_LAR_NE,29,39,282,2,1,3,27,0,0,0,0,0,2024,Drake Maye,NE,20.98
4431452,2024_12_NE_MIA,22,37,222,1,1,5,26,0,0,0,0,0,2024,Drake Maye,NE,14.48
4431452,2024_13_IND_NE,24,30,238,1,1,5,59,0,0,0,0,0,2024,Drake Maye,NE,18.42
4431452,2024_15_NE_ARI,19,23,202,1,1,4,14,1,0,0,0,0,2024,Drake Maye,NE,18.48
4431452,2024_16_NE_BUF,22,36,261,2,1,6,30,0,0,0,0,0,2024,Drake Maye,NE,20.44
4431452,2024_17_LAC_NE,12,22,117,1,0,6,32,0,0,0,0,0,2024,Drake Maye,NE,11.88
4431452,2025_01_LV_NE,30,46,287,1,1,4,11,0,1,1,2,0,2025,Drake Maye,NE,16.78
4431452,2025_02_NE_MIA,19,23,230,2,0,10,31,1,0,0,0,0,2025,Drake Maye,NE,26.3
4431452,2025_03_PIT_NE,28,37,268,2,1,7,45,0,0,0,0,0,2025,Drake Maye,NE,22.22
4431452,2025_04_CAR_NE,14,17,203,2,0,3,11,1,0,0,0,0,2025,Drake Maye,NE,23.22
4431452,2025_05_NE_BUF,22,30,273,0,0,3,12,0,0,0,0,0,2025,Drake Maye,NE,12.12
4431452,2025_06_NE_NO,18,26,261,3,0,9,28,0,0,0,0,0,2025,Drake Maye,NE,25.24
4431452,2025_07_NE_TEN,21,23,222,2,0,8,62,0,0,0,0,0,2025,Drake Maye,NE,23.08
4431452,2025_08_CLE_NE,18,24,282,3,1,7,50,0,0,0,0,0,2025,Drake Maye,NE,27.28
4431452,2025_09_ATL_NE,19,29,259,2,1,8,20,0,0,0,0,0,2025,Drake Maye,NE,19.36
4431452,2025_10_NE_TB,16,31,270,2,1,7,13,0,0,0,0,0,2025,Drake Maye,NE,19.1
4431452,2025_11_NYJ_NE,25,34,281,1,0,4,2,0,0,0,0,0,2025,Drake Maye,NE,15.44
4431452,2025_12_NE_CIN,22,35,294,1,1,5,22,0,0,0,0,0,2025,Drake Maye,NE,16.96
4431452,2025_13_NYG_NE,24,31,282,2,0,6,12,0,0,0,0,0,2025,Drake Maye,NE,20.48
4431452,2025_15_BUF_NE,14,23,155,0,1,4,43,2,0,0,0,0,2025,Drake Maye,NE,21.5
4431452,2025_16_NE_BAL,31,44,380,2,1,10,25,0,0,0,0,0,2025,Drake Maye,NE,24.7
4431452,2025_17_NE_NYJ,19,21,256,5,0,3,22,0,0,0,0,0,2025,Drake Maye,NE,32.44
4431452,2025_18_MIA_NE,14,18,191,1,0,5,41,0,0,0,0,0,2025,Drake Maye,NE,15.74
3924327,2024_07_PHI_NYG,3,8,6,0,0,1,13,0,0,0,0,0,2024,Drew Lock,NYG,1.54
3924327,2024_13_NYG_DAL,21,32,178,0,1,4,57,1,0,0,0,0,2024,Drew Lock,NYG,17.82
3924327,2024_14_NO_NYG,21,49,227,0,1,5,59,0,0,0,0,0,2024,Drew Lock,NYG,13.98
3924327,2024_16_NYG_ATL,22,39,210,1,2,1,1,0,0,0,0,0,2024,Drew Lock,NYG,10.5
3924327,2024_17_IND_NYG,17,23,309,4,0,5,0,1,0,0,0,0,2024,Drew Lock,NYG,34.36
3924327,2024_18_NYG_PHI,22,29,138,1,1,2,3,0,0,0,0,0,2024,Drew Lock,NYG,8.82
3924327,2025_03_NO_SEA,2,3,15,0,0,1,-1,0,0,0,0,0,2025,Drew Lock,SEA,0.5
3924327,2025_10_ARI_SEA,0,0,0,0,0,4,-4,0,0,0,0,0,2025,Drew Lock,SEA,-0.4
4722908,2024_02_IND_GB,0,0,0,0,0,0,0,0,1,2,12,0,2024,Drew Ogletree,IND,2.2
4722908,2024_04_PIT_IND,0,0,0,0,0,0,0,0,1,1,15,1,2024,Drew Ogletree,IND,8.5
4722908,2024_05_IND_JAX,0,0,0,0,0,0,0,0,1,1,5,0,2024,Drew Ogletree,IND,1.5
4722908,2024_06_IND_TEN,0,0,0,0,0,0,0,0,2,2,24,0,2024,Drew Ogletree,IND,4.4
4722908,2024_07_MIA_IND,0,0,0,0,0,0,0,0,0,1,0,0,2024,Drew Ogletree,IND,0.0
4722908,2024_10_BUF_IND,0,0,0,0,0,0,0,0,1,1,2,0,2024,Drew Ogletree,IND,1.2
4722908,2024_11_IND_NYJ,0,0,0,0,0,0,0,0,1,1,8,0,2024,Drew Ogletree,IND,1.8
4722908,2024_12_DET_IND,0,0,0,0,0,0,0,0,0,1,0,0,2024,Drew Ogletree,IND,0.0
4722908,2024_13_IND_NE,0,0,0,0,0,0,0,0,1,2,22,0,2024,Drew Ogletree,IND,3.2
4722908,2024_16_TEN_IND,0,0,0,0,0,0,0,0,0,1,0,0,2024,Drew Ogletree,IND,0.0
4722908,2024_18_JAX_IND,0,0,0,0,0,0,0,0,1,1,21,0,2024,Drew Ogletree,IND,3.1
4722908,2025_08_TEN_IND,0,0,0,0,0,0,0,0,0,1,0,0,2025,Drew Ogletree,IND,0.0
4722908,2025_12_IND_KC,0,0,0,0,0,0,0,0,2,2,8,1,2025,Drew Ogletree,IND,8.8
4722908,2025_13_HOU_IND,0,0,0,0,0,0,0,0,1,1,8,0,2025,Drew Ogletree,IND,1.8
4722908,2025_16_SF_IND,0,0,0,0,0,0,0,0,1,2,11,0,2025,Drew Ogletree,IND,2.1
3127310,2024_02_CIN_KC,0,0,0,0,0,0,0,0,3,3,28,0,2024,Drew Sample,CIN,5.8
3127310,2024_04_CIN_CAR,0,0,0,0,0,0,0,0,1,1,0,0,2024,Drew Sample,CIN,1.0
3127310,2024_07_CIN_CLE,0,0,0,0,0,0,0,0,0,1,0,0,2024,Drew Sample,CIN,0.0
3127310,2024_09_LV_CIN,0,0,0,0,0,0,0,0,4,4,14,1,2024,Drew Sample,CIN,11.4
3127310,2024_11_CIN_LAC,0,0,0,0,0,1,-4,0,1,2,9,0,2024,Drew Sample,CIN,1.5
3127310,2024_13_PIT_CIN,0,0,0,0,0,0,0,0,2,2,8,0,2024,Drew Sample,CIN,2.8
3127310,2024_14_CIN_DAL,0,0,0,0,0,0,0,0,2,2,13,0,2024,Drew Sample,CIN,3.3
3127310,2024_15_CIN_TEN,0,0,0,0,0,0,0,0,1,1,8,0,2024,Drew Sample,CIN,1.8
3127310,2024_16_CLE_CIN,0,0,0,0,0,0,0,0,1,1,12,0,2024,Drew Sample,CIN,2.2
3127310,2024_17_DEN_CIN,0,0,0,0,0,0,0,0,1,1,3,0,2024,Drew Sample,CIN,1.3
3127310,2024_18_CIN_PIT,0,0,0,0,0,0,0,0,4,4,14,0,2024,Drew Sample,CIN,5.4
3127310,2025_01_CIN_CLE,0,0,0,0,0,0,0,0,0,1,0,0,2025,Drew Sample,CIN,0.0
3127310,2025_02_JAX_CIN,0,0,0,0,0,0,0,0,1,2,7,0,2025,Drew Sample,CIN,1.7
3127310,2025_03_CIN_MIN,0,0,0,0,0,0,0,0,2,3,20,1,2025,Drew Sample,CIN,10.0
3127310,2025_05_DET_CIN,0,0,0,0,0,0,0,0,1,1,-1,0,2025,Drew Sample,CIN,0.9
3127310,2025_06_CIN_GB,0,0,0,0,0,0,0,0,1,2,-2,0,2025,Drew Sample,CIN,0.8
3127310,2025_12_NE_CIN,0,0,0,0,0,0,0,0,1,1,0,0,2025,Drew Sample,CIN,1.0
3127310,2025_13_CIN_BAL,0,0,0,0,0,1,3,0,1,2,14,0,2025,Drew Sample,CIN,2.7
3127310,2025_15_BAL_CIN,0,0,0,0,0,0,0,0,2,2,12,0,2025,Drew Sample,CIN,3.2
3127310,2025_16_CIN_MIA,0,0,0,0,0,0,0,0,2,2,31,0,2025,Drew Sample,CIN,5.1
3127310,2025_17_ARI_CIN,0,0,0,0,0,0,0,0,1,1,8,0,2025,Drew Sample,CIN,1.8
3127310,2025_18_CLE_CIN,0,0,0,0,0,0,0,0,3,3,17,0,2025,Drew Sample,CIN,4.7
3052897,2024_01_JAX_MIA,0,0,0,0,0,0,0,0,0,3,0,0,2024,Durham Smythe,MIA,0.0
3052897,2024_02_BUF_MIA,0,0,0,0,0,0,0,0,1,1,8,0,2024,Durham Smythe,MIA,1.8
3052897,2024_03_MIA_SEA,0,0,0,0,0,0,0,0,1,2,3,0,2024,Durham Smythe,MIA,1.3
3052897,2024_05_MIA_NE,0,0,0,0,0,0,0,0,0,1,0,0,2024,Durham Smythe,MIA,0.0
3052897,2024_09_MIA_BUF,0,0,0,0,0,0,0,0,1,1,4,0,2024,Durham Smythe,MIA,1.4
3052897,2024_10_MIA_LAR,0,0,0,0,0,0,0,0,1,1,6,0,2024,Durham Smythe,MIA,1.6
3052897,2024_11_LV_MIA,0,0,0,0,0,0,0,0,1,1,3,0,2024,Durham Smythe,MIA,1.3
3052897,2024_12_NE_MIA,0,0,0,0,0,0,0,0,1,1,8,0,2024,Durham Smythe,MIA,1.8
3052897,2024_13_MIA_GB,0,0,0,0,0,0,0,0,1,1,8,0,2024,Durham Smythe,MIA,1.8
3052897,2024_14_NYJ_MIA,0,0,0,0,0,0,0,0,0,1,0,0,2024,Durham Smythe,MIA,0.0
3052897,2024_15_MIA_HOU,0,0,0,0,0,0,0,0,1,1,8,0,2024,Durham Smythe,MIA,1.8
3052897,2024_16_SF_MIA,0,0,0,0,0,0,0,0,1,2,5,0,2024,Durham Smythe,MIA,1.5
3052897,2024_18_MIA_NYJ,0,0,0,0,0,0,0,0,0,1,0,0,2024,Durham Smythe,MIA,0.0
3052897,2025_11_CHI_MIN,0,0,0,0,0,0,0,0,1,3,8,0,2025,Durham Smythe,CHI,1.8
3052897,2025_12_PIT_CHI,0,0,0,0,0,0,0,0,1,1,4,0,2025,Durham Smythe,CHI,1.4
3052897,2025_14_CHI_GB,0,0,0,0,0,0,0,0,1,1,2,0,2025,Durham Smythe,CHI,1.2
3052897,2025_17_CHI_SF,0,0,0,0,0,0,0,0,1,1,11,0,2025,Durham Smythe,CHI,2.1
4361577,2024_02_NYG_WSH,0,0,0,0,0,0,0,0,2,4,17,0,2024,Dyami Brown,WSH,3.7
4361577,2024_03_WSH_CIN,0,0,0,0,0,0,0,0,2,2,16,0,2024,Dyami Brown,WSH,3.6
4361577,2024_04_WSH_ARI,0,0,0,0,0,0,0,0,1,1,4,0,2024,Dyami Brown,WSH,1.4
4361577,2024_05_CLE_WSH,0,0,0,0,0,0,0,0,2,2,57,1,2024,Dyami Brown,WSH,13.7
4361577,2024_06_WSH_BAL,0,0,0,0,0,0,0,0,1,1,11,0,2024,Dyami Brown,WSH,2.1
4361577,2024_07_CAR_WSH,0,0,0,0,0,0,0,0,1,3,23,0,2024,Dyami Brown,WSH,3.3
4361577,2024_08_CHI_WSH,0,0,0,0,0,0,0,0,1,1,6,0,2024,Dyami Brown,WSH,1.6
4361577,2024_09_WSH_NYG,0,0,0,0,0,0,0,0,1,1,24,0,2024,Dyami Brown,WSH,3.4
4361577,2024_10_PIT_WSH,0,0,0,0,0,0,0,0,2,3,-13,0,2024,Dyami Brown,WSH,0.7
4361577,2024_11_WSH_PHI,0,0,0,0,0,0,0,0,1,2,4,0,2024,Dyami Brown,WSH,1.4
4361577,2024_12_DAL_WSH,0,0,0,0,0,1,14,0,2,2,22,0,2024,Dyami Brown,WSH,5.6
4361577,2024_13_TEN_WSH,0,0,0,0,0,1,4,0,4,5,35,0,2024,Dyami Brown,WSH,7.9
4361577,2024_15_WSH_NO,0,0,0,0,0,0,0,0,3,4,30,0,2024,Dyami Brown,WSH,6.0
4361577,2024_16_PHI_WSH,0,0,0,0,0,0,0,0,4,5,56,0,2024,Dyami Brown,WSH,9.6
4361577,2024_18_WSH_DAL,0,1,0,0,0,1,8,0,3,4,16,0,2024,Dyami Brown,WSH,5.4
4361577,2025_01_CAR_JAX,0,0,0,0,0,2,6,0,3,4,52,0,2025,Dyami Brown,JAX,8.8
4361577,2025_02_JAX_CIN,0,0,0,0,0,1,9,0,5,7,57,1,2025,Dyami Brown,JAX,17.6
4361577,2025_03_HOU_JAX,0,0,0,0,0,0,0,0,2,3,7,0,2025,Dyami Brown,JAX,2.7
4361577,2025_05_KC_JAX,0,0,0,0,0,0,0,0,2,4,15,0,2025,Dyami Brown,JAX,3.5
4361577,2025_06_SEA_JAX,0,0,0,0,0,1,7,0,2,5,13,0,2025,Dyami Brown,JAX,4.0
4361577,2025_07_LAR_JAX,0,0,0,0,0,0,0,0,2,4,50,0,2025,Dyami Brown,JAX,7.0
4361577,2025_09_JAX_LV,0,0,0,0,0,1,4,0,3,7,25,0,2025,Dyami Brown,JAX,5.9
4361577,2025_10_JAX_HOU,0,0,0,0,0,0,0,0,0,1,0,0,2025,Dyami Brown,JAX,0.0
4361577,2025_11_LAC_JAX,0,0,0,0,0,0,0,0,0,1,0,0,2025,Dyami Brown,JAX,0.0
4361577,2025_18_TEN_JAX,0,0,0,0,0,0,0,0,1,1,8,0,2025,Dyami Brown,JAX,1.8
4363551,2025_12_ATL_NO,0,0,0,0,0,0,0,0,3,3,18,0,2025,Dylan Drummond,ATL,4.8
4363551,2025_13_ATL_NYJ,0,0,0,0,0,0,0,0,1,3,3,0,2025,Dylan Drummond,ATL,1.3
4363551,2025_14_SEA_ATL,0,0,0,0,0,0,0,0,3,5,21,0,2025,Dylan Drummond,ATL,5.1
4366963,2025_02_LAC_LV,0,0,0,0,0,0,0,0,2,2,17,0,2025,Dylan Laube,LV,3.7
4366963,2025_03_LV_WSH,0,0,0,0,0,3,2,0,0,1,0,0,2025,Dylan Laube,LV,0.2
4366963,2025_07_LV_KC,0,0,0,0,0,2,3,0,1,1,1,0,2025,Dylan Laube,LV,1.4
5081397,2025_01_CIN_CLE,0,0,0,0,0,12,29,0,8,8,64,0,2025,Dylan Sampson,CLE,17.3
5081397,2025_02_CLE_BAL,0,0,0,0,0,4,6,0,3,3,13,1,2025,Dylan Sampson,CLE,10.9
5081397,2025_04_CLE_DET,0,0,0,0,0,1,-2,0,0,1,0,0,2025,Dylan Sampson,CLE,-0.2
5081397,2025_05_MIN_CLE,0,0,0,0,0,1,-4,0,1,2,6,0,2025,Dylan Sampson,CLE,1.2
5081397,2025_06_CLE_PIT,0,0,0,0,0,3,12,0,2,2,12,0,2025,Dylan Sampson,CLE,4.4
5081397,2025_07_MIA_CLE,0,0,0,0,0,3,8,0,1,1,9,0,2025,Dylan Sampson,CLE,2.7
5081397,2025_08_CLE_NE,0,0,0,0,0,3,0,0,5,6,29,0,2025,Dylan Sampson,CLE,7.9
5081397,2025_10_CLE_NYJ,0,0,0,0,0,2,-4,0,1,1,3,0,2025,Dylan Sampson,CLE,0.9
5081397,2025_11_BAL_CLE,0,0,0,0,0,1,19,0,0,1,0,0,2025,Dylan Sampson,CLE,1.9
5081397,2025_12_CLE_LV,0,0,0,0,0,7,23,0,2,3,59,1,2025,Dylan Sampson,CLE,16.2
5081397,2025_13_SF_CLE,0,0,0,0,0,4,23,0,0,0,0,0,2025,Dylan Sampson,CLE,2.3
5081397,2025_14_TEN_CLE,0,0,0,0,0,2,4,0,5,6,64,0,2025,Dylan Sampson,CLE,11.8
5081397,2025_17_PIT_CLE,0,0,0,0,0,11,27,0,3,3,0,0,2025,Dylan Sampson,CLE,5.7
5081397,2025_18_CLE_CIN,0,0,0,0,0,10,32,0,2,3,12,0,2025,Dylan Sampson,CLE,6.4
4248557,2024_17_DAL_PHI,0,0,0,0,0,0,0,0,0,1,0,0,2024,E.J. Jenkins,PHI,0.0
4248557,2024_18_NYG_PHI,0,0,0,0,0,0,0,0,1,1,7,1,2024,E.J. Jenkins,PHI,7.7
4695193,2025_17_NE_NYJ,0,0,0,0,0,0,0,0,2,2,40,1,2025,Efton Chism III,NE,12.0
4695193,2025_18_MIA_NE,0,0,0,0,0,0,0,0,1,1,35,0,2025,Efton Chism III,NE,4.5
4883647,2025_01_TEN_DEN,0,0,0,0,0,0,0,0,2,7,13,0,2025,Elic Ayomanor,TEN,3.3
4883647,2025_02_LAR_TEN,0,0,0,0,0,0,0,0,4,6,56,1,2025,Elic Ayomanor,TEN,15.6
4883647,2025_03_IND_TEN,0,0,0,0,0,0,0,0,4,5,38,1,2025,Elic Ayomanor,TEN,13.8
4883647,2025_04_TEN_HOU,0,0,0,0,0,0,0,0,2,7,44,0,2025,Elic Ayomanor,TEN,6.4
4883647,2025_05_TEN_ARI,0,0,0,0,0,0,0,0,2,4,18,0,2025,Elic Ayomanor,TEN,3.8
4883647,2025_06_TEN_LV,0,0,0,0,0,0,0,0,3,5,27,0,2025,Elic Ayomanor,TEN,5.7
4883647,2025_07_NE_TEN,0,0,0,0,0,0,0,0,2,5,29,0,2025,Elic Ayomanor,TEN,4.9
4883647,2025_08_TEN_IND,0,0,0,0,0,0,0,0,4,8,52,0,2025,Elic Ayomanor,TEN,9.2
4883647,2025_09_LAC_TEN,0,0,0,0,0,0,0,0,3,6,46,0,2025,Elic Ayomanor,TEN,7.6
4883647,2025_11_HOU_TEN,0,0,0,0,0,0,0,0,2,6,11,0,2025,Elic Ayomanor,TEN,3.1
4883647,2025_13_JAX_TEN,0,0,0,0,0,0,0,0,1,5,5,0,2025,Elic Ayomanor,TEN,1.5
4883647,2025_14_TEN_CLE,0,0,0,0,0,0,0,0,1,3,14,1,2025,Elic Ayomanor,TEN,8.4
4883647,2025_15_TEN_SF,0,0,0,0,0,0,0,0,1,1,17,0,2025,Elic Ayomanor,TEN,2.7
4883647,2025_16_KC_TEN,0,0,0,0,0,0,0,0,3,4,58,0,2025,Elic Ayomanor,TEN,8.8
4883647,2025_17_NO_TEN,0,0,0,0,0,0,0,0,4,7,37,1,2025,Elic Ayomanor,TEN,13.7
4883647,2025_18_TEN_JAX,0,0,0,0,0,0,0,0,3,10,50,0,2025,Elic Ayomanor,TEN,8.0
4678006,2025_01_SF_SEA,0,0,0,0,0,0,0,0,1,1,7,0,2025,Elijah Arroyo,SEA,1.7
4678006,2025_02_SEA_PIT,0,0,0,0,0,0,0,0,2,3,31,0,2025,Elijah Arroyo,SEA,5.1
4678006,2025_03_NO_SEA,0,0,0,0,0,0,0,0,0,1,0,0,2025,Elijah Arroyo,SEA,0.0
4678006,2025_04_SEA_ARI,0,0,0,0,0,0,0,0,2,4,44,0,2025,Elijah Arroyo,SEA,6.4
4678006,2025_05_TB_SEA,0,0,0,0,0,0,0,0,1,1,10,0,2025,Elijah Arroyo,SEA,2.0
4678006,2025_06_SEA_JAX,0,0,0,0,0,0,0,0,1,2,6,0,2025,Elijah Arroyo,SEA,1.6
4678006,2025_07_HOU_SEA,0,0,0,0,0,0,0,0,4,5,42,0,2025,Elijah Arroyo,SEA,8.2
4678006,2025_09_SEA_WSH,0,0,0,0,0,0,0,0,2,2,29,1,2025,Elijah Arroyo,SEA,10.9
4678006,2025_10_ARI_SEA,0,0,0,0,0,0,0,0,1,1,5,0,2025,Elijah Arroyo,SEA,1.5
4678006,2025_11_SEA_LAR,0,0,0,0,0,0,0,0,0,2,0,0,2025,Elijah Arroyo,SEA,0.0
4678006,2025_12_SEA_TEN,0,0,0,0,0,0,0,0,1,1,5,0,2025,Elijah Arroyo,SEA,1.5
4678006,2025_13_MIN_SEA,0,0,0,0,0,0,0,0,0,2,0,0,2025,Elijah Arroyo,SEA,0.0
4678006,2025_14_SEA_ATL,0,0,0,0,0,0,0,0,0,1,0,0,2025,Elijah Arroyo,SEA,0.0
4426844,2024_01_ARI_BUF,0,0,0,0,0,0,0,0,2,2,12,0,2024,Elijah Higgins,ARI,3.2
4426844,2024_02_LAR_ARI,0,0,0,0,0,0,0,0,1,1,18,1,2024,Elijah Higgins,ARI,8.8
4426844,2024_03_DET_ARI,0,0,0,0,0,0,0,0,1,1,11,0,2024,Elijah Higgins,ARI,2.1
4426844,2024_04_WSH_ARI,0,0,0,0,0,0,0,0,2,3,12,0,2024,Elijah Higgins,ARI,3.2
4426844,2024_05_ARI_SF,0,0,0,0,0,0,0,0,1,1,2,1,2024,Elijah Higgins,ARI,7.2
4426844,2024_07_LAC_ARI,0,0,0,0,0,0,0,0,1,1,1,0,2024,Elijah Higgins,ARI,1.1
4426844,2024_08_ARI_MIA,0,0,0,0,0,0,0,0,2,2,13,0,2024,Elijah Higgins,ARI,3.3
4426844,2024_09_CHI_ARI,0,0,0,0,0,0,0,0,2,2,34,0,2024,Elijah Higgins,ARI,5.4
4426844,2024_10_NYJ_ARI,0,0,0,0,0,0,0,0,2,2,13,0,2024,Elijah Higgins,ARI,3.3
4426844,2024_12_ARI_SEA,0,0,0,0,0,0,0,0,1,2,5,0,2024,Elijah Higgins,ARI,1.5
4426844,2024_13_ARI_MIN,0,0,0,0,0,0,0,0,2,2,23,0,2024,Elijah Higgins,ARI,4.3
4426844,2024_15_NE_ARI,0,0,0,0,0,0,0,0,1,1,5,0,2024,Elijah Higgins,ARI,1.5
4426844,2024_16_ARI_CAR,0,0,0,0,0,0,0,0,0,1,0,0,2024,Elijah Higgins,ARI,0.0
4426844,2024_17_ARI_LAR,0,0,0,0,0,0,0,0,2,3,23,0,2024,Elijah Higgins,ARI,4.3
4426844,2025_01_ARI_NO,0,0,0,0,0,0,0,0,1,2,3,0,2025,Elijah Higgins,ARI,1.3
4426844,2025_02_CAR_ARI,0,0,0,0,0,0,0,0,2,3,45,0,2025,Elijah Higgins,ARI,6.5
4426844,2025_03_ARI_SF,0,0,0,0,0,0,0,0,1,1,7,0,2025,Elijah Higgins,ARI,1.7
4426844,2025_05_TEN_ARI,0,0,0,0,0,0,0,0,2,2,10,0,2025,Elijah Higgins,ARI,3.0
4426844,2025_06_ARI_IND,0,0,0,0,0,0,0,0,2,2,34,0,2025,Elijah Higgins,ARI,5.4
4426844,2025_07_GB_ARI,0,0,0,0,0,0,0,0,1,1,3,0,2025,Elijah Higgins,ARI,1.3
4426844,2025_09_ARI_DAL,0,0,0,0,0,0,0,0,3,3,30,0,2025,Elijah Higgins,ARI,6.0
4426844,2025_10_ARI_SEA,0,0,0,0,0,0,0,0,2,3,19,0,2025,Elijah Higgins,ARI,3.9
4426844,2025_11_SF_ARI,0,0,0,0,0,0,0,0,2,3,11,0,2025,Elijah Higgins,ARI,3.1
4426844,2025_13_ARI_TB,0,0,0,0,0,0,0,0,2,2,17,0,2025,Elijah Higgins,ARI,3.7
4426844,2025_14_LAR_ARI,0,0,0,0,0,0,0,0,1,1,0,0,2025,Elijah Higgins,ARI,1.0
4426844,2025_15_ARI_HOU,0,0,0,0,0,0,0,0,1,2,3,0,2025,Elijah Higgins,ARI,1.3
4426844,2025_16_ATL_ARI,0,0,0,0,0,0,0,0,7,8,91,0,2025,Elijah Higgins,ARI,16.1
4426844,2025_17_ARI_CIN,0,0,0,0,0,0,0,0,0,1,0,0,2025,Elijah Higgins,ARI,0.0
4426844,2025_18_ARI_LAR,0,0,0,0,0,0,0,0,3,3,28,0,2025,Elijah Higgins,ARI,5.8
4241555,2025_11_KC_DEN,0,0,0,0,0,0,0,0,0,1,0,0,2025,Elijah Mitchell,KC,0.0
4372414,2024_01_DAL_CLE,0,0,0,0,0,0,0,0,3,6,9,0,2024,Elijah Moore,CLE,3.9
4372414,2024_02_CLE_JAX,0,0,0,0,0,0,0,0,6,8,44,0,2024,Elijah Moore,CLE,10.4
4372414,2024_03_NYG_CLE,0,0,0,0,0,0,0,0,2,3,17,0,2024,Elijah Moore,CLE,3.7
4372414,2024_04_CLE_LV,0,0,0,0,0,0,0,0,1,1,11,0,2024,Elijah Moore,CLE,2.1
4372414,2024_05_CLE_WSH,0,0,0,0,0,0,0,0,3,4,11,0,2024,Elijah Moore,CLE,4.1
4372414,2024_06_CLE_PHI,0,0,0,0,0,0,0,0,1,1,3,0,2024,Elijah Moore,CLE,1.3
4372414,2024_07_CIN_CLE,0,0,0,0,0,0,0,0,6,6,41,0,2024,Elijah Moore,CLE,10.1
4372414,2024_08_BAL_CLE,0,0,0,0,0,0,0,0,8,12,85,0,2024,Elijah Moore,CLE,16.5
4372414,2024_09_LAC_CLE,0,0,0,0,0,0,0,0,3,9,28,0,2024,Elijah Moore,CLE,5.8
4372414,2024_11_CLE_NO,0,0,0,0,0,0,0,0,6,8,66,1,2024,Elijah Moore,CLE,18.6
4372414,2024_12_PIT_CLE,0,0,0,0,0,0,0,0,3,5,21,0,2024,Elijah Moore,CLE,5.1
4372414,2024_13_CLE_DEN,0,0,0,0,0,1,1,0,8,14,111,0,2024,Elijah Moore,CLE,19.2
4372414,2024_14_CLE_PIT,0,0,0,0,0,0,0,0,3,4,34,0,2024,Elijah Moore,CLE,6.4
4372414,2024_15_KC_CLE,0,0,0,0,0,0,0,0,2,6,-1,0,2024,Elijah Moore,CLE,1.9
4372414,2024_16_CLE_CIN,0,0,0,0,0,0,0,0,2,5,21,0,2024,Elijah Moore,CLE,4.1
4372414,2024_17_MIA_CLE,0,0,0,0,0,0,0,0,1,5,1,0,2024,Elijah Moore,CLE,1.1
4372414,2024_18_CLE_BAL,0,0,0,0,0,0,0,0,3,5,36,0,2024,Elijah Moore,CLE,6.6
4372414,2025_01_BAL_BUF,0,0,0,0,0,1,8,0,1,1,3,0,2025,Elijah Moore,BUF,2.1
4372414,2025_02_BUF_NYJ,0,0,0,0,0,2,6,1,1,1,31,0,2025,Elijah Moore,BUF,10.7
4372414,2025_03_MIA_BUF,0,0,0,0,0,1,11,0,2,3,30,0,2025,Elijah Moore,BUF,6.1
4372414,2025_06_BUF_ATL,0,0,0,0,0,0,0,0,0,2,0,0,2025,Elijah Moore,BUF,0.0
4372414,2025_08_BUF_CAR,0,0,0,0,0,0,0,0,1,4,14,0,2025,Elijah Moore,BUF,2.4
4372414,2025_09_KC_BUF,0,0,0,0,0,0,0,0,1,1,28,0,2025,Elijah Moore,BUF,3.8
4372414,2025_10_BUF_MIA,0,0,0,0,0,1,-1,0,2,2,9,0,2025,Elijah Moore,BUF,2.8
4372414,2025_12_BUF_HOU,0,0,0,0,0,0,0,0,1,3,-3,0,2025,Elijah Moore,BUF,0.7
4887558,2024_01_GB_PHI,0,0,0,0,0,4,46,0,2,3,2,0,2024,Emanuel Wilson,GB,6.8
4887558,2024_02_IND_GB,0,0,0,0,0,5,9,0,0,0,0,0,2024,Emanuel Wilson,GB,0.9
4887558,2024_03_GB_TEN,0,0,0,0,0,12,50,0,2,2,35,1,2024,Emanuel Wilson,GB,16.5
4887558,2024_04_MIN_GB,0,0,0,0,0,8,27,0,0,1,0,0,2024,Emanuel Wilson,GB,2.7
4887558,2024_05_GB_LAR,0,0,0,0,0,6,24,0,1,1,-9,0,2024,Emanuel Wilson,GB,2.5
4887558,2024_06_ARI_GB,0,0,0,0,0,7,54,0,1,2,19,0,2024,Emanuel Wilson,GB,8.3
4887558,2024_07_HOU_GB,0,0,0,0,0,5,11,0,0,0,0,0,2024,Emanuel Wilson,GB,1.1
4887558,2024_08_GB_JAX,0,0,0,0,0,4,5,0,2,2,-2,0,2024,Emanuel Wilson,GB,2.3
4887558,2024_09_DET_GB,0,0,0,0,0,4,28,1,1,1,1,0,2024,Emanuel Wilson,GB,9.9
4887558,2024_12_SF_GB,0,0,0,0,0,9,41,0,0,0,0,0,2024,Emanuel Wilson,GB,4.1
4887558,2024_15_GB_SEA,0,0,0,0,0,3,9,0,0,0,0,0,2024,Emanuel Wilson,GB,0.9
4887558,2024_16_NO_GB,0,0,0,0,0,11,52,1,1,1,4,0,2024,Emanuel Wilson,GB,12.6
4887558,2024_17_GB_MIN,0,0,0,0,0,6,29,1,0,0,0,0,2024,Emanuel Wilson,GB,8.9
4887558,2024_18_CHI_GB,0,0,0,0,0,14,73,1,1,1,-2,0,2024,Emanuel Wilson,GB,14.1
4887558,2025_03_GB_CLE,0,0,0,0,0,6,25,0,0,0,0,0,2025,Emanuel Wilson,GB,2.5
4887558,2025_04_GB_DAL,0,0,0,0,0,8,44,0,3,3,37,0,2025,Emanuel Wilson,GB,11.1
4887558,2025_06_CIN_GB,0,0,0,0,0,3,11,0,1,1,-4,0,2025,Emanuel Wilson,GB,1.7
4887558,2025_07_GB_ARI,0,0,0,0,0,6,17,0,1,1,-2,0,2025,Emanuel Wilson,GB,2.5
4887558,2025_08_GB_PIT,0,0,0,0,0,11,61,0,3,4,26,0,2025,Emanuel Wilson,GB,11.7
4887558,2025_09_CAR_GB,0,0,0,0,0,6,16,0,1,2,1,0,2025,Emanuel Wilson,GB,2.7
4887558,2025_10_PHI_GB,0,0,0,0,0,1,2,0,1,1,2,0,2025,Emanuel Wilson,GB,1.4
4887558,2025_11_GB_NYG,0,0,0,0,0,11,40,1,1,1,9,0,2025,Emanuel Wilson,GB,11.9
4887558,2025_12_MIN_GB,0,0,0,0,0,28,107,2,2,2,18,0,2025,Emanuel Wilson,GB,26.5
4887558,2025_13_GB_DET,0,0,0,0,0,4,14,0,0,0,0,0,2025,Emanuel Wilson,GB,1.4
4887558,2025_14_CHI_GB,0,0,0,0,0,3,10,0,0,0,0,0,2025,Emanuel Wilson,GB,1.0
4887558,2025_16_GB_CHI,0,0,0,0,0,14,82,0,0,0,0,0,2025,Emanuel Wilson,GB,8.2
4887558,2025_17_BAL_GB,0,0,0,0,0,3,16,0,1,1,8,0,2025,Emanuel Wilson,GB,3.4
4887558,2025_18_GB_MIN,0,0,0,0,0,18,44,0,1,1,4,0,2025,Emanuel Wilson,GB,5.8
4362478,2024_01_ARI_BUF,0,0,0,0,0,0,0,0,2,2,26,0,2024,Emari Demercado,ARI,4.6
4362478,2024_04_WSH_ARI,0,0,0,0,0,4,24,0,1,1,0,0,2024,Emari Demercado,ARI,3.4
4362478,2024_05_ARI_SF,0,0,0,0,0,0,0,0,1,1,0,0,2024,Emari Demercado,ARI,1.0
4362478,2024_06_ARI_GB,0,0,0,0,0,4,25,0,5,7,39,0,2024,Emari Demercado,ARI,11.4
4362478,2024_08_ARI_MIA,0,0,0,0,0,0,0,0,0,1,0,0,2024,Emari Demercado,ARI,0.0
4362478,2024_09_CHI_ARI,0,0,0,0,0,4,59,1,2,2,21,0,2024,Emari Demercado,ARI,16.0
4362478,2024_10_NYJ_ARI,0,0,0,0,0,3,22,0,0,0,0,0,2024,Emari Demercado,ARI,2.2
4362478,2024_13_ARI_MIN,0,0,0,0,0,3,12,0,1,2,3,0,2024,Emari Demercado,ARI,2.5
4362478,2024_14_SEA_ARI,0,0,0,0,0,0,0,0,4,4,15,0,2024,Emari Demercado,ARI,5.5
4362478,2025_03_ARI_SF,0,0,0,0,0,2,0,0,0,1,0,0,2025,Emari Demercado,ARI,0.0
4362478,2025_04_SEA_ARI,0,0,0,0,0,2,8,0,2,2,13,1,2025,Emari Demercado,ARI,10.1
4362478,2025_05_TEN_ARI,0,0,0,0,0,3,81,0,0,0,0,0,2025,Emari Demercado,ARI,8.1
4362478,2025_06_ARI_IND,0,0,0,0,0,1,1,0,0,1,0,0,2025,Emari Demercado,ARI,0.1
4362478,2025_09_ARI_DAL,0,0,0,0,0,14,79,0,1,1,-1,0,2025,Emari Demercado,ARI,8.8
4362478,2025_10_ARI_SEA,0,0,0,0,0,4,64,0,3,4,40,0,2025,Emari Demercado,ARI,13.4
4362478,2025_11_SF_ARI,0,0,0,0,0,5,8,0,2,3,12,0,2025,Emari Demercado,ARI,4.0
4362478,2025_15_ARI_HOU,0,0,0,0,0,1,1,0,2,3,0,0,2025,Emari Demercado,ARI,2.1
4362478,2025_16_ATL_ARI,0,0,0,0,0,5,30,0,0,1,0,0,2025,Emari Demercado,ARI,3.0
4362478,2025_17_ARI_CIN,0,0,0,0,0,5,11,0,2,3,9,0,2025,Emari Demercado,ARI,4.0
4362478,2025_18_ARI_LAR,0,0,0,0,0,2,29,0,1,1,28,0,2025,Emari Demercado,ARI,6.7
4567750,2025_01_TB_ATL,0,0,0,0,0,1,9,0,4,6,67,2,2025,Emeka Egbuka,TB,23.6
4567750,2025_02_TB_HOU,0,0,0,0,0,0,0,0,4,7,29,1,2025,Emeka Egbuka,TB,12.9
4567750,2025_03_NYJ_TB,0,0,0,0,0,0,0,0,6,8,85,0,2025,Emeka Egbuka,TB,14.5
4567750,2025_04_PHI_TB,0,0,0,0,0,1,0,0,4,10,101,1,2025,Emeka Egbuka,TB,20.1
4567750,2025_05_TB_SEA,0,0,0,0,0,0,0,0,7,7,163,1,2025,Emeka Egbuka,TB,29.3
4567750,2025_06_SF_TB,0,0,0,0,0,0,0,0,2,4,24,0,2025,Emeka Egbuka,TB,4.4
4567750,2025_07_TB_DET,0,0,0,0,0,0,0,0,4,12,58,0,2025,Emeka Egbuka,TB,9.8
4567750,2025_08_TB_NO,0,0,0,0,0,0,0,0,3,9,35,0,2025,Emeka Egbuka,TB,6.5
4567750,2025_10_NE_TB,0,0,0,0,0,0,0,0,6,13,115,1,2025,Emeka Egbuka,TB,23.5
4567750,2025_11_TB_BUF,0,0,0,0,0,0,0,0,5,9,40,0,2025,Emeka Egbuka,TB,9.0
4567750,2025_12_TB_LAR,0,0,0,0,0,0,0,0,3,8,32,0,2025,Emeka Egbuka,TB,6.2
4567750,2025_13_ARI_TB,0,0,0,0,0,0,0,0,4,8,42,0,2025,Emeka Egbuka,TB,8.2
4567750,2025_14_NO_TB,0,0,0,0,0,0,0,0,2,9,15,0,2025,Emeka Egbuka,TB,3.5
4567750,2025_15_ATL_TB,0,0,0,0,0,0,0,0,4,7,64,0,2025,Emeka Egbuka,TB,10.4
4567750,2025_16_TB_CAR,0,0,0,0,0,0,0,0,1,2,40,0,2025,Emeka Egbuka,TB,5.0
4567750,2025_17_TB_MIA,0,0,0,0,0,0,0,0,3,5,20,0,2025,Emeka Egbuka,TB,5.0
4567750,2025_18_CAR_TB,0,0,0,0,0,0,0,0,1,3,8,0,2025,Emeka Egbuka,TB,1.8
4570561,2024_01_MIN_NYG,0,0,0,0,0,2,6,0,1,1,9,0,2024,Eric Gray,NYG,2.5
4570561,2024_05_NYG_SEA,0,0,0,0,0,4,4,0,3,4,50,0,2024,Eric Gray,NYG,8.4
4570561,2024_06_CIN_NYG,0,0,0,0,0,3,13,0,0,0,0,0,2024,Eric Gray,NYG,1.3
4570561,2024_07_PHI_NYG,0,0,0,0,0,1,2,0,1,1,7,0,2024,Eric Gray,NYG,1.9
4570561,2024_08_NYG_PIT,0,0,0,0,0,0,0,0,1,1,3,0,2024,Eric Gray,NYG,1.3
4570561,2024_12_TB_NYG,0,0,0,0,0,1,-1,0,2,2,7,0,2024,Eric Gray,NYG,2.6
4570561,2024_16_NYG_ATL,0,0,0,0,0,0,0,0,1,1,2,0,2024,Eric Gray,NYG,1.2
4570561,2024_18_NYG_PHI,0,0,0,0,0,1,6,0,1,1,4,0,2024,Eric Gray,NYG,2.0
2975863,2024_01_NYJ_SF,0,0,0,0,0,0,0,0,0,1,0,0,2024,Eric Saubert,SF,0.0
2975863,2024_02_SF_MIN,0,0,0,0,0,0,0,0,2,2,26,0,2024,Eric Saubert,SF,4.6
2975863,2024_03_SF_LAR,0,0,0,0,0,0,0,0,2,2,41,0,2024,Eric Saubert,SF,6.1
2975863,2024_11_SEA_SF,0,0,0,0,0,0,0,0,1,1,7,0,2024,Eric Saubert,SF,1.7
2975863,2024_12_SF_GB,0,0,0,0,0,0,0,0,0,1,0,0,2024,Eric Saubert,SF,0.0
2975863,2024_14_CHI_SF,0,0,0,0,0,0,0,0,1,1,4,0,2024,Eric Saubert,SF,1.4
2975863,2024_16_SF_MIA,0,0,0,0,0,0,0,0,1,1,2,1,2024,Eric Saubert,SF,7.2
2975863,2024_18_SF_ARI,0,0,0,0,0,0,0,0,4,5,17,0,2024,Eric Saubert,SF,5.7
2975863,2025_03_NO_SEA,0,0,0,0,0,0,0,0,1,1,12,0,2025,Eric Saubert,SEA,2.2
2975863,2025_15_IND_SEA,0,0,0,0,0,0,0,0,1,1,9,0,2025,Eric Saubert,SEA,1.9
2975863,2025_17_SEA_CAR,0,0,0,0,0,0,0,0,0,2,0,0,2025,Eric Saubert,SEA,0.0
2975863,2025_18_SEA_SF,0,0,0,0,0,0,0,0,2,3,10,0,2025,Eric Saubert,SEA,3.0
2511973,2024_02_LAC_CAR,0,0,0,0,0,0,0,0,0,1,0,0,2024,Eric Tomlinson,LAC,0.0
2511973,2024_07_LAC_ARI,0,0,0,0,0,0,0,0,1,1,7,0,2024,Eric Tomlinson,LAC,1.7
2511973,2024_08_NO_LAC,0,0,0,0,0,0,0,0,0,1,0,0,2024,Eric Tomlinson,LAC,0.0
2511973,2024_09_LAC_CLE,0,0,0,0,0,0,0,0,1,1,2,0,2024,Eric Tomlinson,LAC,1.2
4427834,2024_02_CIN_KC,0,0,0,0,0,0,0,0,4,4,32,0,2024,Erick All Jr.,CIN,7.2
4427834,2024_03_WSH_CIN,0,0,0,0,0,0,0,0,4,4,22,0,2024,Erick All Jr.,CIN,6.2
4427834,2024_04_CIN_CAR,0,0,0,0,0,0,0,0,4,4,28,0,2024,Erick All Jr.,CIN,6.8
4427834,2024_05_BAL_CIN,0,0,0,0,0,0,0,0,2,2,10,0,2024,Erick All Jr.,CIN,3.0
4427834,2024_06_CIN_NYG,0,0,0,0,0,0,0,0,2,3,10,0,2024,Erick All Jr.,CIN,3.0
4427834,2024_07_CIN_CLE,0,0,0,0,0,0,0,0,0,1,0,0,2024,Erick All Jr.,CIN,0.0
4427834,2024_08_PHI_CIN,0,0,0,0,0,0,0,0,2,2,32,0,2024,Erick All Jr.,CIN,5.2
4427834,2024_09_LV_CIN,0,0,0,0,0,0,0,0,2,2,24,0,2024,Erick All Jr.,CIN,4.4
4362186,2024_03_MIA_SEA,0,0,0,0,0,0,0,0,0,2,0,0,2024,Erik Ezukanma,MIA,0.0
3051876,2024_01_JAX_MIA,0,0,0,0,0,0,0,0,1,4,5,0,2024,Evan Engram,JAX,1.5
3051876,2024_06_JAX_CHI,0,0,0,0,0,0,0,0,10,10,102,0,2024,Evan Engram,JAX,20.2
3051876,2024_07_NE_JAX,0,0,0,0,0,0,0,0,5,5,35,0,2024,Evan Engram,JAX,8.5
3051876,2024_08_GB_JAX,0,0,0,0,0,0,0,0,4,5,36,1,2024,Evan Engram,JAX,13.6
3051876,2024_09_JAX_PHI,0,0,0,0,0,0,0,0,5,10,45,0,2024,Evan Engram,JAX,9.5
3051876,2024_10_MIN_JAX,0,0,0,0,0,0,0,0,6,8,40,0,2024,Evan Engram,JAX,10.0
3051876,2024_11_JAX_DET,0,0,0,0,0,0,0,0,5,7,28,0,2024,Evan Engram,JAX,7.8
3051876,2024_13_HOU_JAX,0,0,0,0,0,0,0,0,7,9,41,0,2024,Evan Engram,JAX,11.1
3051876,2024_14_JAX_TEN,0,0,0,0,0,0,0,0,4,6,33,0,2024,Evan Engram,JAX,7.3
3051876,2025_01_TEN_DEN,0,0,0,0,0,0,0,0,3,4,21,0,2025,Evan Engram,DEN,5.1
3051876,2025_02_DEN_IND,0,0,0,0,0,0,0,0,1,2,12,0,2025,Evan Engram,DEN,2.2
3051876,2025_04_CIN_DEN,0,0,0,0,0,0,0,0,4,7,29,0,2025,Evan Engram,DEN,6.9
3051876,2025_05_DEN_PHI,0,0,0,0,0,0,0,0,4,6,33,1,2025,Evan Engram,DEN,13.3
3051876,2025_06_DEN_NYJ,0,0,0,0,0,1,7,0,5,6,42,0,2025,Evan Engram,DEN,9.9
3051876,2025_07_NYG_DEN,0,0,0,0,0,0,0,0,5,8,42,0,2025,Evan Engram,DEN,9.2
3051876,2025_08_DAL_DEN,0,0,0,0,0,0,0,0,4,4,36,0,2025,Evan Engram,DEN,7.6
3051876,2025_09_DEN_HOU,0,0,0,0,0,0,0,0,0,3,0,0,2025,Evan Engram,DEN,0.0
3051876,2025_10_LV_DEN,0,0,0,0,0,0,0,0,2,5,12,0,2025,Evan Engram,DEN,3.2
3051876,2025_11_KC_DEN,0,0,0,0,0,0,0,0,4,5,33,0,2025,Evan Engram,DEN,7.3
3051876,2025_13_DEN_WSH,0,0,0,0,0,0,0,0,6,9,79,0,2025,Evan Engram,DEN,13.9
3051876,2025_14_DEN_LV,0,0,0,0,0,0,0,0,2,2,8,0,2025,Evan Engram,DEN,2.8
3051876,2025_15_GB_DEN,0,0,0,0,0,0,0,0,1,3,12,0,2025,Evan Engram,DEN,2.2
3051876,2025_16_JAX_DEN,0,0,0,0,0,0,0,0,2,4,36,0,2025,Evan Engram,DEN,5.6
3051876,2025_17_DEN_KC,0,0,0,0,0,0,0,0,4,4,21,0,2025,Evan Engram,DEN,6.1
3051876,2025_18_LAC_DEN,0,0,0,0,0,0,0,0,3,4,45,0,2025,Evan Engram,DEN,7.5
4569609,2025_13_NO_MIA,0,0,0,0,0,5,15,0,0,0,0,0,2025,Evan Hull,NO,1.5
4569609,2025_14_NO_TB,0,0,0,0,0,1,4,0,1,1,6,0,2025,Evan Hull,NO,2.0
4569609,2025_15_CAR_NO,0,0,0,0,0,4,12,0,0,0,0,0,2025,Evan Hull,NO,1.2
4569609,2025_16_NYJ_NO,0,0,0,0,0,5,3,0,0,0,0,0,2025,Evan Hull,NO,0.3
3051392,2024_01_DAL_CLE,0,0,0,0,0,10,40,1,2,2,9,0,2024,Ezekiel Elliott,DAL,12.9
3051392,2024_02_NO_DAL,0,0,0,0,0,6,16,0,2,3,16,0,2024,Ezekiel Elliott,DAL,5.2
3051392,2024_03_BAL_DAL,0,0,0,0,0,3,6,0,1,2,6,0,2024,Ezekiel Elliott,DAL,2.2
3051392,2024_04_DAL_NYG,0,0,0,0,0,5,19,0,1,1,5,0,2024,Ezekiel Elliott,DAL,3.4
3051392,2024_05_DAL_PIT,0,0,0,0,0,6,17,0,0,1,0,0,2024,Ezekiel Elliott,DAL,1.7
3051392,2024_06_DET_DAL,0,0,0,0,0,8,17,0,0,0,0,0,2024,Ezekiel Elliott,DAL,1.7
3051392,2024_08_DAL_SF,0,0,0,0,0,10,34,1,1,1,4,0,2024,Ezekiel Elliott,DAL,10.8
3051392,2024_10_PHI_DAL,0,0,0,0,0,6,22,0,0,0,0,0,2024,Ezekiel Elliott,DAL,2.2
3051392,2024_11_HOU_DAL,0,0,0,0,0,1,8,0,3,3,16,0,2024,Ezekiel Elliott,DAL,5.4
3051392,2024_12_DAL_WSH,0,0,0,0,0,3,6,0,0,0,0,0,2024,Ezekiel Elliott,DAL,0.6
3051392,2024_14_CIN_DAL,0,0,0,0,0,2,4,0,1,1,2,0,2024,Ezekiel Elliott,DAL,1.6
3051392,2024_15_DAL_CAR,0,0,0,0,0,9,30,0,1,1,11,0,2024,Ezekiel Elliott,DAL,5.1
3051392,2024_17_DAL_PHI,0,0,0,0,0,3,2,0,0,0,0,0,2024,Ezekiel Elliott,DAL,0.2
4034948,2024_04_CIN_CAR,0,0,0,0,0,0,0,0,0,1,0,0,2024,Feleipe Franks,CAR,0.0
4034948,2024_13_TB_CAR,0,0,0,0,0,0,0,0,0,1,0,0,2024,Feleipe Franks,CAR,0.0
4034948,2024_18_CAR_ATL,0,0,0,0,0,0,0,0,1,1,12,0,2024,Feleipe Franks,CAR,2.2
3843945,2024_01_CAR_NO,0,0,0,0,0,0,0,0,4,4,43,1,2024,Foster Moreau,NO,14.3
3843945,2024_03_PHI_NO,0,0,0,0,0,0,0,0,1,2,2,0,2024,Foster Moreau,NO,1.2
3843945,2024_05_NO_KC,0,0,0,0,0,0,0,0,2,2,13,1,2024,Foster Moreau,NO,9.3
3843945,2024_06_TB_NO,0,0,0,0,0,0,0,0,2,2,54,0,2024,Foster Moreau,NO,7.4
3843945,2024_07_DEN_NO,0,0,0,0,0,0,0,0,2,2,38,0,2024,Foster Moreau,NO,5.8
3843945,2024_08_NO_LAC,0,0,0,0,0,0,0,0,0,1,0,0,2024,Foster Moreau,NO,0.0
3843945,2024_09_NO_CAR,0,0,0,0,0,0,0,0,1,2,17,1,2024,Foster Moreau,NO,8.7
3843945,2024_10_ATL_NO,0,0,0,0,0,0,0,0,0,2,0,0,2024,Foster Moreau,NO,0.0
3843945,2024_11_CLE_NO,0,0,0,0,0,0,0,0,3,4,50,0,2024,Foster Moreau,NO,8.0
3843945,2024_13_LAR_NO,0,0,0,0,0,0,0,0,2,4,6,0,2024,Foster Moreau,NO,2.6
3843945,2024_14_NO_NYG,0,0,0,0,0,0,0,0,2,2,40,0,2024,Foster Moreau,NO,6.0
3843945,2024_15_WSH_NO,0,0,0,0,0,0,0,0,4,4,39,1,2024,Foster Moreau,NO,13.9
3843945,2024_16_NO_GB,0,0,0,0,0,0,0,0,2,3,33,0,2024,Foster Moreau,NO,5.3
3843945,2024_17_LV_NO,0,0,0,0,0,0,0,0,3,5,47,1,2024,Foster Moreau,NO,13.7
3843945,2024_18_NO_TB,0,0,0,0,0,0,0,0,4,4,31,0,2024,Foster Moreau,NO,7.1
3843945,2025_06_NE_NO,0,0,0,0,0,0,0,0,1,1,9,0,2025,Foster Moreau,NO,1.9
3843945,2025_08_TB_NO,0,0,0,0,0,0,0,0,0,1,0,0,2025,Foster Moreau,NO,0.0
3843945,2025_10_NO_CAR,0,0,0,0,0,0,0,0,2,3,16,0,2025,Foster Moreau,NO,3.6
3843945,2025_12_ATL_NO,0,0,0,0,0,0,0,0,0,1,0,0,2025,Foster Moreau,NO,0.0
3843945,2025_13_NO_MIA,0,0,0,0,0,0,0,0,2,2,13,0,2025,Foster Moreau,NO,3.3
3843945,2025_14_NO_TB,0,0,0,0,0,0,0,0,1,1,16,0,2025,Foster Moreau,NO,2.6
3843945,2025_16_NYJ_NO,0,0,0,0,0,0,0,0,1,1,5,0,2025,Foster Moreau,NO,1.5
4243537,2024_01_JAX_MIA,0,0,0,0,0,0,0,0,3,3,62,0,2024,Gabe Davis,JAX,9.2
4243537,2024_02_CLE_JAX,0,0,0,0,0,0,0,0,3,7,43,0,2024,Gabe Davis,JAX,7.3
4243537,2024_03_JAX_BUF,0,0,0,0,0,0,0,0,2,6,18,0,2024,Gabe Davis,JAX,3.8
4243537,2024_04_JAX_HOU,0,0,0,0,0,0,0,0,1,5,-2,0,2024,Gabe Davis,JAX,0.8
4243537,2024_05_IND_JAX,0,0,0,0,0,0,0,0,3,4,38,0,2024,Gabe Davis,JAX,6.8
4243537,2024_06_JAX_CHI,0,0,0,0,0,0,0,0,5,8,45,2,2024,Gabe Davis,JAX,21.5
4243537,2024_07_NE_JAX,0,0,0,0,0,0,0,0,1,2,13,0,2024,Gabe Davis,JAX,2.3
4243537,2024_10_MIN_JAX,0,0,0,0,0,0,0,0,1,4,19,0,2024,Gabe Davis,JAX,2.9
4243537,2024_11_JAX_DET,0,0,0,0,0,0,0,0,1,3,3,0,2024,Gabe Davis,JAX,1.3
4243537,2025_11_TB_BUF,0,0,0,0,0,0,0,0,3,4,40,0,2025,Gabe Davis,BUF,7.0
4243537,2025_12_BUF_HOU,0,0,0,0,0,0,0,0,1,2,22,0,2025,Gabe Davis,BUF,3.2
4243537,2025_13_BUF_PIT,0,0,0,0,0,0,0,0,1,2,5,0,2025,Gabe Davis,BUF,1.5
4243537,2025_14_CIN_BUF,0,0,0,0,0,0,0,0,2,2,21,0,2025,Gabe Davis,BUF,4.1
4243537,2025_17_PHI_BUF,0,0,0,0,0,0,0,0,0,1,0,0,2025,Gabe Davis,BUF,0.0
4243537,2025_18_NYJ_BUF,0,0,0,0,0,0,0,0,5,7,41,1,2025,Gabe Davis,BUF,15.1
4877203,2025_06_CLE_PIT,0,0,0,0,0,0,0,0,2,4,22,0,2025,Gage Larvadain,CLE,4.2
4877203,2025_07_MIA_CLE,0,0,0,0,0,0,0,0,0,1,0,0,2025,Gage Larvadain,CLE,0.0
4877203,2025_11_BAL_CLE,0,0,0,0,0,0,0,0,0,1,0,0,2025,Gage Larvadain,CLE,0.0
4877203,2025_13_SF_CLE,0,0,0,0,0,0,0,0,2,3,23,0,2025,Gage Larvadain,CLE,4.3
4877203,2025_14_TEN_CLE,0,0,0,0,0,0,0,0,2,3,18,0,2025,Gage Larvadain,CLE,3.8
4877203,2025_15_CLE_CHI,0,0,0,0,0,0,0,0,1,2,8,0,2025,Gage Larvadain,CLE,1.8
4038524,2024_01_LV_LAC,25,33,257,1,1,3,5,0,0,0,0,0,2024,Gardner Minshew II,LV,13.78
4038524,2024_02_LV_BAL,30,38,276,1,1,1,-1,0,0,0,0,0,2024,Gardner Minshew II,LV,13.94
4038524,2024_03_CAR_LV,18,28,214,1,1,3,14,0,0,0,0,0,2024,Gardner Minshew II,LV,12.96
4038524,2024_04_CLE_LV,14,24,130,0,0,2,-2,0,0,0,0,0,2024,Gardner Minshew II,LV,5.0
4038524,2024_05_LV_DEN,12,17,137,1,2,2,22,0,0,0,0,0,2024,Gardner Minshew II,LV,9.68
4038524,2024_07_LV_LAR,15,34,154,0,3,1,2,0,0,0,0,0,2024,Gardner Minshew II,LV,3.36
4038524,2024_08_KC_LV,24,30,209,2,0,2,6,0,0,0,0,0,2024,Gardner Minshew II,LV,16.96
4038524,2024_09_LV_CIN,10,17,124,0,0,1,0,0,0,0,0,0,2024,Gardner Minshew II,LV,4.96
4038524,2024_11_LV_MIA,30,43,282,2,1,2,7,0,0,0,0,0,2024,Gardner Minshew II,LV,18.98
4038524,2024_12_DEN_LV,25,42,230,1,1,2,5,0,0,0,0,0,2024,Gardner Minshew II,LV,12.7
4038524,2025_07_LV_KC,0,0,0,0,0,3,-3,0,0,0,0,0,2025,Gardner Minshew II,KC,-0.3
4038524,2025_15_LAC_KC,3,5,22,0,1,0,0,0,0,0,0,0,2025,Gardner Minshew II,KC,-0.12
4038524,2025_16_KC_TEN,3,8,15,0,0,1,8,0,0,0,0,0,2025,Gardner Minshew II,KC,1.4
4035662,2025_07_NYG_DEN,0,0,0,0,0,0,0,0,0,1,0,0,2025,Garett Bolles,DEN,0.0
4569618,2024_01_NYJ_SF,0,0,0,0,0,0,0,0,6,11,60,0,2024,Garrett Wilson,NYJ,12.0
4569618,2024_02_NYJ_TEN,0,0,0,0,0,1,5,0,4,6,57,0,2024,Garrett Wilson,NYJ,10.2
4569618,2024_03_NE_NYJ,0,0,0,0,0,0,0,0,5,9,33,1,2024,Garrett Wilson,NYJ,14.3
4569618,2024_04_DEN_NYJ,0,0,0,0,0,0,0,0,5,8,41,0,2024,Garrett Wilson,NYJ,9.1
4569618,2024_05_NYJ_MIN,0,0,0,0,0,0,0,0,13,23,101,1,2024,Garrett Wilson,NYJ,29.1
4569618,2024_06_BUF_NYJ,0,0,0,0,0,0,0,0,8,10,107,1,2024,Garrett Wilson,NYJ,24.7
4569618,2024_07_NYJ_PIT,0,0,0,0,0,0,0,0,5,9,61,0,2024,Garrett Wilson,NYJ,11.1
4569618,2024_08_NYJ_NE,0,0,0,0,0,0,0,0,5,8,113,0,2024,Garrett Wilson,NYJ,16.3
4569618,2024_09_HOU_NYJ,0,0,0,0,0,0,0,0,9,10,90,2,2024,Garrett Wilson,NYJ,30.0
4569618,2024_10_NYJ_ARI,0,0,0,0,0,0,0,0,5,6,41,0,2024,Garrett Wilson,NYJ,9.1
4569618,2024_11_IND_NYJ,0,0,0,0,0,0,0,0,4,8,18,0,2024,Garrett Wilson,NYJ,5.8
4569618,2024_13_SEA_NYJ,0,0,0,0,0,0,0,0,5,10,41,0,2024,Garrett Wilson,NYJ,9.1
4569618,2024_14_NYJ_MIA,0,0,0,0,0,0,0,0,7,10,114,0,2024,Garrett Wilson,NYJ,18.4
4569618,2024_15_NYJ_JAX,0,0,0,0,0,0,0,0,3,6,56,1,2024,Garrett Wilson,NYJ,14.6
4569618,2024_16_LAR_NYJ,0,0,0,0,0,0,0,0,6,7,54,0,2024,Garrett Wilson,NYJ,11.4
4569618,2024_17_NYJ_BUF,0,0,0,0,0,0,0,0,7,8,66,1,2024,Garrett Wilson,NYJ,19.6
4569618,2024_18_MIA_NYJ,0,0,0,0,0,1,0,0,4,5,51,0,2024,Garrett Wilson,NYJ,9.1
4569618,2025_01_PIT_NYJ,0,0,0,0,0,0,0,0,7,9,95,1,2025,Garrett Wilson,NYJ,22.5
4569618,2025_02_BUF_NYJ,0,0,0,0,0,0,0,0,4,8,50,0,2025,Garrett Wilson,NYJ,9.0
4569618,2025_03_NYJ_TB,0,0,0,0,0,0,0,0,10,13,84,1,2025,Garrett Wilson,NYJ,24.4
4569618,2025_04_NYJ_MIA,0,0,0,0,0,0,0,0,6,8,82,1,2025,Garrett Wilson,NYJ,20.2
4569618,2025_05_DAL_NYJ,0,0,0,0,0,0,0,0,6,10,71,1,2025,Garrett Wilson,NYJ,19.1
4569618,2025_06_DEN_NYJ,0,0,0,0,0,0,0,0,3,8,13,0,2025,Garrett Wilson,NYJ,4.3
4569618,2025_10_CLE_NYJ,0,0,0,0,0,0,0,0,0,3,0,0,2025,Garrett Wilson,NYJ,0.0
15864,2024_01_DEN_SEA,18,25,171,1,1,4,30,1,0,0,0,0,2024,Geno Smith,SEA,18.84
15864,2024_02_SEA_NE,33,44,327,1,0,5,8,0,0,0,0,0,2024,Geno Smith,SEA,17.88
15864,2024_03_MIA_SEA,26,34,289,1,2,2,-2,0,0,0,0,0,2024,Geno Smith,SEA,13.36
15864,2024_04_SEA_DET,38,56,395,1,1,5,38,0,0,0,0,0,2024,Geno Smith,SEA,22.6
15864,2024_05_NYG_SEA,28,40,284,1,0,4,72,0,0,0,0,0,2024,Geno Smith,SEA,22.56
15864,2024_06_SF_SEA,30,52,312,1,2,1,0,0,0,0,0,0,2024,Geno Smith,SEA,14.48
15864,2024_07_SEA_ATL,18,28,207,2,0,4,15,0,0,0,0,0,2024,Geno Smith,SEA,17.78
15864,2024_08_BUF_SEA,21,29,212,0,1,5,16,0,0,0,0,0,2024,Geno Smith,SEA,9.08
15864,2024_09_LAR_SEA,21,34,363,3,3,6,16,0,0,0,0,0,2024,Geno Smith,SEA,25.12
15864,2024_11_SEA_SF,25,32,221,0,1,4,29,1,0,0,0,0,2024,Geno Smith,SEA,16.74
15864,2024_12_ARI_SEA,22,31,254,1,1,3,2,0,0,0,0,0,2024,Geno Smith,SEA,13.36
15864,2024_13_SEA_NYJ,20,31,206,1,0,2,2,0,0,0,0,0,2024,Geno Smith,SEA,12.44
15864,2024_14_SEA_ARI,24,30,233,1,0,1,0,0,0,0,0,0,2024,Geno Smith,SEA,13.32
15864,2024_15_GB_SEA,15,19,149,0,1,1,5,0,0,0,0,0,2024,Geno Smith,SEA,5.46
15864,2024_16_MIN_SEA,31,43,314,3,2,1,8,0,0,0,0,0,2024,Geno Smith,SEA,23.36
15864,2024_17_SEA_CHI,17,23,160,0,0,3,19,0,0,0,0,0,2024,Geno Smith,SEA,8.3
15864,2024_18_SEA_LAR,20,27,223,4,0,2,14,0,0,0,0,0,2024,Geno Smith,SEA,26.32
15864,2025_01_LV_NE,24,34,362,1,1,2,10,0,0,0,0,0,2025,Geno Smith,LV,18.48
15864,2025_02_LAC_LV,24,43,180,0,3,5,20,0,0,0,0,0,2025,Geno Smith,LV,6.2
15864,2025_03_LV_WSH,19,29,289,3,0,2,5,0,0,0,0,0,2025,Geno Smith,LV,24.06
15864,2025_04_CHI_LV,14,21,117,2,3,4,31,0,0,0,0,0,2025,Geno Smith,LV,12.78
15864,2025_05_LV_IND,25,36,228,0,2,3,8,0,0,0,0,0,2025,Geno Smith,LV,7.92
15864,2025_06_TEN_LV,17,23,174,1,1,4,-3,0,0,0,0,0,2025,Geno Smith,LV,9.66
15864,2025_07_LV_KC,10,16,67,0,0,2,1,0,0,0,0,0,2025,Geno Smith,LV,2.78
15864,2025_09_JAX_LV,29,39,284,4,1,5,9,0,0,0,0,0,2025,Geno Smith,LV,27.26
15864,2025_10_LV_DEN,16,26,143,0,1,3,7,0,0,0,0,0,2025,Geno Smith,LV,5.42
15864,2025_11_DAL_LV,27,42,238,1,1,4,14,0,0,0,0,0,2025,Geno Smith,LV,13.92
15864,2025_12_CLE_LV,30,44,285,1,0,3,8,0,0,0,0,0,2025,Geno Smith,LV,16.2
15864,2025_13_LV_LAC,18,23,165,2,1,2,-6,0,0,0,0,0,2025,Geno Smith,LV,13.0
15864,2025_14_DEN_LV,13,21,116,1,0,1,4,0,0,0,0,0,2025,Geno Smith,LV,9.04
15864,2025_16_LV_HOU,16,23,201,2,1,0,0,0,0,0,0,0,2025,Geno Smith,LV,15.04
15864,2025_17_NYG_LV,20,28,176,1,2,1,1,0,0,0,0,0,2025,Geno Smith,LV,9.14
3046704,2024_08_BAL_CLE,0,0,0,0,0,0,0,0,1,1,7,0,2024,Geoff Swaim,CLE,1.7
4429835,2024_14_SEA_ARI,0,0,0,0,0,0,0,0,1,1,-1,0,2024,George Holani,SEA,0.9
4429835,2024_15_GB_SEA,0,0,0,0,0,3,10,0,0,0,0,0,2024,George Holani,SEA,1.0
4429835,2025_03_NO_SEA,0,0,0,0,0,10,27,0,2,2,15,0,2025,George Holani,SEA,6.2
4429835,2025_09_SEA_WSH,0,0,0,0,0,3,9,0,0,0,0,0,2025,George Holani,SEA,0.9
4429835,2025_10_ARI_SEA,0,0,0,0,0,7,31,1,0,0,0,0,2025,George Holani,SEA,9.1
3040151,2024_01_NYJ_SF,0,0,0,0,0,0,0,0,4,5,40,0,2024,George Kittle,SF,8.0
3040151,2024_02_SF_MIN,0,0,0,0,0,0,0,0,7,8,76,1,2024,George Kittle,SF,20.6
3040151,2024_04_NE_SF,0,0,0,0,0,0,0,0,4,4,45,1,2024,George Kittle,SF,14.5
3040151,2024_05_ARI_SF,0,0,0,0,0,0,0,0,8,12,64,1,2024,George Kittle,SF,20.4
3040151,2024_06_SF_SEA,0,0,0,0,0,0,0,0,5,6,58,2,2024,George Kittle,SF,22.8
3040151,2024_07_KC_SF,0,0,0,0,0,0,0,0,6,7,92,0,2024,George Kittle,SF,15.2
3040151,2024_08_DAL_SF,0,0,0,0,0,0,0,0,6,7,128,1,2024,George Kittle,SF,24.8
3040151,2024_10_SF_TB,0,0,0,0,0,0,0,0,3,4,57,1,2024,George Kittle,SF,14.7
3040151,2024_12_SF_GB,0,0,0,0,0,0,0,0,6,6,82,1,2024,George Kittle,SF,20.2
3040151,2024_13_SF_BUF,0,0,0,0,0,0,0,0,1,2,7,0,2024,George Kittle,SF,1.7
3040151,2024_14_CHI_SF,0,0,0,0,0,0,0,0,6,6,151,0,2024,George Kittle,SF,21.1
3040151,2024_15_LAR_SF,0,0,0,0,0,0,0,0,4,7,61,0,2024,George Kittle,SF,10.1
3040151,2024_16_SF_MIA,0,0,0,0,0,0,0,0,8,9,106,0,2024,George Kittle,SF,18.6
3040151,2024_17_DET_SF,0,0,0,0,0,0,0,0,8,8,112,0,2024,George Kittle,SF,19.2
3040151,2024_18_SF_ARI,0,0,0,0,0,0,0,0,2,3,27,0,2024,George Kittle,SF,4.7
3040151,2025_01_SF_SEA,0,0,0,0,0,0,0,0,4,4,25,1,2025,George Kittle,SF,12.5
3040151,2025_07_ATL_SF,0,0,0,0,0,0,0,0,0,2,0,0,2025,George Kittle,SF,0.0
3040151,2025_08_SF_HOU,0,0,0,0,0,0,0,0,4,5,43,1,2025,George Kittle,SF,14.3
3040151,2025_09_SF_NYG,0,0,0,0,0,1,-3,0,4,4,32,0,2025,George Kittle,SF,6.9
3040151,2025_10_LAR_SF,0,0,0,0,0,0,0,0,9,9,84,1,2025,George Kittle,SF,23.4
3040151,2025_11_SF_ARI,0,0,0,0,0,0,0,0,6,6,67,2,2025,George Kittle,SF,24.7
3040151,2025_12_CAR_SF,0,0,0,0,0,0,0,0,6,10,78,0,2025,George Kittle,SF,13.8
3040151,2025_13_SF_CLE,0,0,0,0,0,0,0,0,4,5,67,0,2025,George Kittle,SF,10.7
3040151,2025_15_TEN_SF,0,0,0,0,0,0,0,0,8,9,88,1,2025,George Kittle,SF,22.8
3040151,2025_16_SF_IND,0,0,0,0,0,0,0,0,7,8,115,1,2025,George Kittle,SF,24.5
3040151,2025_18_SEA_SF,0,0,0,0,0,0,0,0,5,7,29,0,2025,George Kittle,SF,7.9
4426354,2024_01_PIT_ATL,0,0,0,0,0,1,-10,0,6,7,85,0,2024,George Pickens,PIT,13.5
4426354,2024_02_PIT_DEN,0,0,0,0,0,0,0,0,2,4,29,0,2024,George Pickens,PIT,4.9
4426354,2024_03_LAC_PIT,0,0,0,0,0,0,0,0,5,7,57,0,2024,George Pickens,PIT,10.7
4426354,2024_04_PIT_IND,0,0,0,0,0,0,0,0,7,11,113,0,2024,George Pickens,PIT,18.3
4426354,2024_05_DAL_PIT,0,0,0,0,0,0,0,0,3,7,26,0,2024,George Pickens,PIT,5.6
4426354,2024_06_PIT_LV,0,0,0,0,0,0,0,0,3,8,53,0,2024,George Pickens,PIT,8.3
4426354,2024_07_NYJ_PIT,0,0,0,0,0,0,0,0,5,9,111,1,2024,George Pickens,PIT,22.1
4426354,2024_08_NYG_PIT,0,0,0,0,0,0,0,0,4,5,74,0,2024,George Pickens,PIT,11.4
4426354,2024_10_PIT_WSH,0,0,0,0,0,1,4,0,5,7,91,1,2024,George Pickens,PIT,20.5
4426354,2024_11_BAL_PIT,0,0,0,0,0,0,0,0,8,12,89,0,2024,George Pickens,PIT,16.9
4426354,2024_12_PIT_CLE,0,0,0,0,0,0,0,0,4,7,48,0,2024,George Pickens,PIT,8.8
4426354,2024_13_PIT_CIN,0,0,0,0,0,0,0,0,3,6,74,1,2024,George Pickens,PIT,16.4
4426354,2024_17_KC_PIT,0,0,0,0,0,0,0,0,3,7,50,0,2024,George Pickens,PIT,8.0
4426354,2024_18_CIN_PIT,0,0,0,0,0,0,0,0,1,6,0,0,2024,George Pickens,PIT,1.0
4426354,2025_01_DAL_PHI,0,0,0,0,0,0,0,0,3,4,30,0,2025,George Pickens,DAL,6.0
4426354,2025_02_NYG_DAL,0,0,0,0,0,0,0,0,5,9,68,1,2025,George Pickens,DAL,17.8
4426354,2025_03_DAL_CHI,0,0,0,0,0,0,0,0,5,9,68,1,2025,George Pickens,DAL,17.8
4426354,2025_04_GB_DAL,0,0,0,0,0,0,0,0,8,11,134,2,2025,George Pickens,DAL,33.4
4426354,2025_05_DAL_NYJ,0,0,0,0,0,0,0,0,2,4,57,1,2025,George Pickens,DAL,13.7
4426354,2025_06_DAL_CAR,0,0,0,0,0,0,0,0,9,11,168,1,2025,George Pickens,DAL,31.8
4426354,2025_07_WSH_DAL,0,0,0,0,0,0,0,0,4,6,82,0,2025,George Pickens,DAL,12.2
4426354,2025_08_DAL_DEN,0,0,0,0,0,0,0,0,7,9,78,0,2025,George Pickens,DAL,14.8
4426354,2025_09_ARI_DAL,0,0,0,0,0,0,0,0,6,9,79,0,2025,George Pickens,DAL,13.9
4426354,2025_11_DAL_LV,0,0,0,0,0,0,0,0,9,11,144,1,2025,George Pickens,DAL,29.4
4426354,2025_12_PHI_DAL,0,0,0,0,0,0,0,0,9,9,146,1,2025,George Pickens,DAL,29.6
4426354,2025_13_KC_DAL,0,0,0,0,0,0,0,0,6,13,88,0,2025,George Pickens,DAL,14.8
4426354,2025_14_DAL_DET,0,0,0,0,0,0,0,0,5,9,37,0,2025,George Pickens,DAL,8.7
4426354,2025_15_MIN_DAL,0,0,0,0,0,0,0,0,3,6,33,0,2025,George Pickens,DAL,6.3
4426354,2025_16_LAC_DAL,0,0,0,0,0,0,0,0,7,9,130,1,2025,George Pickens,DAL,26.0
4426354,2025_17_DAL_WSH,0,0,0,0,0,0,0,0,4,5,78,0,2025,George Pickens,DAL,11.8
4426354,2025_18_DAL_NYG,0,0,0,0,0,0,0,0,1,3,9,0,2025,George Pickens,DAL,1.9
3918639,2024_01_TEN_CHI,0,0,0,0,0,0,0,0,1,1,-1,0,2024,Gerald Everett,CHI,0.9
3918639,2024_02_CHI_HOU,0,0,0,0,0,0,0,0,2,3,1,0,2024,Gerald Everett,CHI,2.1
3918639,2024_03_CHI_IND,0,0,0,0,0,0,0,0,0,1,0,0,2024,Gerald Everett,CHI,0.0
3918639,2024_05_CAR_CHI,0,0,0,0,0,0,0,0,2,2,22,0,2024,Gerald Everett,CHI,4.2
3918639,2024_06_JAX_CHI,0,0,0,0,0,0,0,0,0,1,0,0,2024,Gerald Everett,CHI,0.0
3918639,2024_08_CHI_WSH,0,0,0,0,0,0,0,0,1,2,3,0,2024,Gerald Everett,CHI,1.3
3918639,2024_09_CHI_ARI,0,0,0,0,0,0,0,0,1,1,5,0,2024,Gerald Everett,CHI,1.5
3918639,2024_16_DET_CHI,0,0,0,0,0,0,0,0,1,1,6,0,2024,Gerald Everett,CHI,1.6
3918639,2024_17_SEA_CHI,0,0,0,0,0,0,0,0,0,1,0,0,2024,Gerald Everett,CHI,0.0
3916749,2025_17_DET_MIN,0,0,0,0,0,0,0,0,0,1,0,0,2025,Giovanni Ricci,DET,0.0
4241374,2024_01_GB_PHI,0,0,0,0,0,0,0,0,1,1,11,0,2024,Grant Calcaterra,PHI,2.1
4241374,2024_02_ATL_PHI,0,0,0,0,0,0,0,0,2,2,19,0,2024,Grant Calcaterra,PHI,3.9
4241374,2024_04_PHI_TB,0,0,0,0,0,0,0,0,1,2,26,0,2024,Grant Calcaterra,PHI,3.6
4241374,2024_06_CLE_PHI,0,0,0,0,0,0,0,0,4,4,67,0,2024,Grant Calcaterra,PHI,10.7
4241374,2024_07_PHI_NYG,0,0,0,0,0,0,0,0,1,1,5,0,2024,Grant Calcaterra,PHI,1.5
4241374,2024_08_PHI_CIN,0,0,0,0,0,0,0,0,3,3,58,0,2024,Grant Calcaterra,PHI,8.8
4241374,2024_09_JAX_PHI,0,0,0,0,0,0,0,0,5,5,30,0,2024,Grant Calcaterra,PHI,8.0
4241374,2024_10_PHI_DAL,0,0,0,0,0,0,0,0,0,1,0,0,2024,Grant Calcaterra,PHI,0.0
4241374,2024_12_PHI_LAR,0,0,0,0,0,0,0,0,0,1,0,0,2024,Grant Calcaterra,PHI,0.0
4241374,2024_14_CAR_PHI,0,0,0,0,0,0,0,0,3,3,16,1,2024,Grant Calcaterra,PHI,10.6
4241374,2024_15_PIT_PHI,0,0,0,0,0,0,0,0,1,1,22,0,2024,Grant Calcaterra,PHI,3.2
4241374,2024_17_DAL_PHI,0,0,0,0,0,0,0,0,1,2,34,0,2024,Grant Calcaterra,PHI,4.4
4241374,2024_18_NYG_PHI,0,0,0,0,0,0,0,0,2,4,10,0,2024,Grant Calcaterra,PHI,3.0
4241374,2025_02_PHI_KC,0,0,0,0,0,0,0,0,1,2,6,0,2025,Grant Calcaterra,PHI,1.6
4241374,2025_04_PHI_TB,0,0,0,0,0,0,0,0,1,2,16,0,2025,Grant Calcaterra,PHI,2.6
4241374,2025_05_DEN_PHI,0,0,0,0,0,0,0,0,2,2,18,0,2025,Grant Calcaterra,PHI,3.8
4241374,2025_10_PHI_GB,0,0,0,0,0,0,0,0,0,1,0,0,2025,Grant Calcaterra,PHI,0.0
4241374,2025_12_PHI_DAL,0,0,0,0,0,0,0,0,1,1,8,0,2025,Grant Calcaterra,PHI,1.8
4241374,2025_15_LV_PHI,0,0,0,0,0,0,0,0,1,1,4,0,2025,Grant Calcaterra,PHI,1.4
4241374,2025_17_PHI_BUF,0,0,0,0,0,0,0,0,1,1,3,0,2025,Grant Calcaterra,PHI,1.3
4241374,2025_18_WSH_PHI,0,0,0,0,0,0,0,0,2,3,21,1,2025,Grant Calcaterra,PHI,10.1
4879650,2024_02_BUF_MIA,0,0,0,0,0,0,0,0,1,3,13,0,2024,Grant DuBose,MIA,2.3
4879650,2024_15_MIA_HOU,0,0,0,0,0,0,0,0,1,1,-2,0,2024,Grant DuBose,MIA,0.8
4037235,2024_01_ARI_BUF,0,0,0,0,0,1,4,0,6,8,47,0,2024,Greg Dortch,ARI,11.1
4037235,2024_02_LAR_ARI,0,0,0,0,0,0,0,0,2,2,11,0,2024,Greg Dortch,ARI,3.1
4037235,2024_03_DET_ARI,0,0,0,0,0,0,0,0,3,6,35,0,2024,Greg Dortch,ARI,6.5
4037235,2024_04_WSH_ARI,0,0,0,0,0,0,0,0,4,4,38,0,2024,Greg Dortch,ARI,7.8
4037235,2024_05_ARI_SF,0,0,0,0,0,0,0,0,1,2,7,0,2024,Greg Dortch,ARI,1.7
4037235,2024_06_ARI_GB,0,0,0,0,0,0,0,0,3,5,36,0,2024,Greg Dortch,ARI,6.6
4037235,2024_07_LAC_ARI,0,0,0,0,0,0,0,0,1,2,5,1,2024,Greg Dortch,ARI,7.5
4037235,2024_08_ARI_MIA,0,0,0,0,0,0,0,0,1,2,9,0,2024,Greg Dortch,ARI,1.9
4037235,2024_09_CHI_ARI,0,0,0,0,0,0,0,0,0,1,0,0,2024,Greg Dortch,ARI,0.0
4037235,2024_10_NYJ_ARI,0,0,0,0,0,0,0,0,1,1,-1,0,2024,Greg Dortch,ARI,0.9
4037235,2024_12_ARI_SEA,0,0,0,0,0,0,0,0,1,2,5,0,2024,Greg Dortch,ARI,1.5
4037235,2024_13_ARI_MIN,0,0,0,0,0,1,6,0,2,3,1,0,2024,Greg Dortch,ARI,2.7
4037235,2024_14_SEA_ARI,0,0,0,0,0,0,0,0,1,1,5,0,2024,Greg Dortch,ARI,1.5
4037235,2024_15_NE_ARI,0,0,0,0,0,1,6,0,3,3,60,0,2024,Greg Dortch,ARI,9.6
4037235,2024_16_ARI_CAR,0,0,0,0,0,1,8,0,1,1,19,0,2024,Greg Dortch,ARI,3.7
4037235,2024_17_ARI_LAR,0,0,0,0,0,0,0,0,3,3,18,0,2024,Greg Dortch,ARI,4.8
4037235,2024_18_SF_ARI,0,0,0,0,0,1,7,0,4,4,47,2,2024,Greg Dortch,ARI,21.4
4037235,2025_01_ARI_NO,0,0,0,0,0,0,0,0,1,1,-2,0,2025,Greg Dortch,ARI,0.8
4037235,2025_02_CAR_ARI,0,0,0,0,0,0,0,0,1,1,11,0,2025,Greg Dortch,ARI,2.1
4037235,2025_03_ARI_SF,0,0,0,0,0,1,5,0,2,2,3,0,2025,Greg Dortch,ARI,2.8
4037235,2025_04_SEA_ARI,0,0,0,0,0,1,4,0,4,5,35,0,2025,Greg Dortch,ARI,7.9
4037235,2025_05_TEN_ARI,0,0,0,0,0,0,0,0,2,2,12,0,2025,Greg Dortch,ARI,3.2
4037235,2025_06_ARI_IND,0,0,0,0,0,0,0,0,3,3,9,1,2025,Greg Dortch,ARI,9.9
4037235,2025_07_GB_ARI,0,0,0,0,0,0,0,0,2,2,5,0,2025,Greg Dortch,ARI,2.5
4037235,2025_11_SF_ARI,0,0,0,0,0,0,0,0,6,6,66,1,2025,Greg Dortch,ARI,18.6
4037235,2025_12_JAX_ARI,0,0,0,0,0,2,-5,0,6,9,53,1,2025,Greg Dortch,ARI,16.8
4037235,2025_13_ARI_TB,0,0,0,0,0,0,0,0,2,2,14,0,2025,Greg Dortch,ARI,3.4
4367209,2024_01_DEN_SEA,0,0,0,0,0,0,0,0,2,3,12,0,2024,Greg Dulcich,DEN,3.2
4367209,2024_02_PIT_DEN,0,0,0,0,0,0,0,0,3,8,16,0,2024,Greg Dulcich,DEN,4.6
4367209,2024_04_DEN_NYJ,0,0,0,0,0,0,0,0,0,1,0,0,2024,Greg Dulcich,DEN,0.0
4367209,2025_09_BAL_MIA,0,0,0,0,0,0,0,0,5,5,49,0,2025,Greg Dulcich,MIA,9.9
4367209,2025_10_BUF_MIA,0,0,0,0,0,0,0,0,1,4,22,0,2025,Greg Dulcich,MIA,3.2
4367209,2025_11_WSH_MIA,0,0,0,0,0,0,0,0,2,4,18,0,2025,Greg Dulcich,MIA,3.8
4367209,2025_13_NO_MIA,0,0,0,0,0,0,0,0,2,2,24,0,2025,Greg Dulcich,MIA,4.4
4367209,2025_14_MIA_NYJ,0,0,0,0,0,0,0,0,3,3,41,0,2025,Greg Dulcich,MIA,7.1
4367209,2025_15_MIA_PIT,0,0,0,0,0,0,0,0,2,2,46,0,2025,Greg Dulcich,MIA,6.6
4367209,2025_16_CIN_MIA,0,0,0,0,0,0,0,0,3,3,46,0,2025,Greg Dulcich,MIA,7.6
4367209,2025_17_TB_MIA,0,0,0,0,0,1,-7,0,5,6,58,1,2025,Greg Dulcich,MIA,16.1
4367209,2025_18_MIA_NE,0,0,0,0,0,0,0,0,3,4,31,0,2025,Greg Dulcich,MIA,6.1
4686728,2025_01_TEN_DEN,0,0,0,0,0,0,0,0,1,2,16,0,2025,Gunnar Helm,TEN,2.6
4686728,2025_02_LAR_TEN,0,0,0,0,0,0,0,0,2,2,9,0,2025,Gunnar Helm,TEN,2.9
4686728,2025_03_IND_TEN,0,0,0,0,0,0,0,0,3,3,27,0,2025,Gunnar Helm,TEN,5.7
4686728,2025_04_TEN_HOU,0,0,0,0,0,0,0,0,1,1,12,0,2025,Gunnar Helm,TEN,2.2
4686728,2025_05_TEN_ARI,0,0,0,0,0,0,0,0,4,5,34,0,2025,Gunnar Helm,TEN,7.4
4686728,2025_06_TEN_LV,0,0,0,0,0,0,0,0,2,3,15,0,2025,Gunnar Helm,TEN,3.5
4686728,2025_07_NE_TEN,0,0,0,0,0,0,0,0,4,5,36,0,2025,Gunnar Helm,TEN,7.6
4686728,2025_08_TEN_IND,0,0,0,0,0,0,0,0,2,3,23,1,2025,Gunnar Helm,TEN,10.3
4686728,2025_09_LAC_TEN,0,0,0,0,0,0,0,0,1,1,15,0,2025,Gunnar Helm,TEN,2.5
4686728,2025_11_HOU_TEN,0,0,0,0,0,0,0,0,4,5,29,0,2025,Gunnar Helm,TEN,6.9
4686728,2025_12_SEA_TEN,0,0,0,0,0,0,0,0,6,7,51,0,2025,Gunnar Helm,TEN,11.1
4686728,2025_13_JAX_TEN,0,0,0,0,0,0,0,0,6,7,23,0,2025,Gunnar Helm,TEN,8.3
4686728,2025_14_TEN_CLE,0,0,0,0,0,0,0,0,1,2,8,0,2025,Gunnar Helm,TEN,1.8
4686728,2025_15_TEN_SF,0,0,0,0,0,0,0,0,4,4,49,1,2025,Gunnar Helm,TEN,14.9
4686728,2025_16_KC_TEN,0,0,0,0,0,0,0,0,2,3,9,0,2025,Gunnar Helm,TEN,2.9
4686728,2025_17_NO_TEN,0,0,0,0,0,0,0,0,1,2,1,0,2025,Gunnar Helm,TEN,1.1
4424106,2025_09_SF_NYG,0,0,0,0,0,0,0,0,1,1,24,1,2025,Gunner Olszewski,NYG,9.4
4424106,2025_10_NYG_CHI,0,0,0,0,0,0,0,0,0,2,0,0,2025,Gunner Olszewski,NYG,0.0
4424106,2025_17_NYG_LV,0,0,0,0,0,0,0,0,1,1,19,0,2025,Gunner Olszewski,NYG,2.9
4424106,2025_18_DAL_NYG,0,1,0,0,0,0,0,0,8,9,102,0,2025,Gunner Olszewski,NYG,18.2
3051926,2024_01_LV_LAC,0,0,0,0,0,11,26,0,1,1,2,0,2024,Gus Edwards,LAC,3.8
3051926,2024_02_LAC_CAR,0,0,0,0,0,18,59,0,0,0,0,0,2024,Gus Edwards,LAC,5.9
3051926,2024_03_LAC_PIT,0,0,0,0,0,3,9,0,0,0,0,0,2024,Gus Edwards,LAC,0.9
3051926,2024_04_KC_LAC,0,0,0,0,0,6,19,0,0,0,0,0,2024,Gus Edwards,LAC,1.9
3051926,2024_10_TEN_LAC,0,0,0,0,0,10,55,0,0,0,0,0,2024,Gus Edwards,LAC,5.5
3051926,2024_11_CIN_LAC,0,0,0,0,0,6,27,0,0,0,0,0,2024,Gus Edwards,LAC,2.7
3051926,2024_12_BAL_LAC,0,0,0,0,0,9,11,1,0,1,0,0,2024,Gus Edwards,LAC,7.1
3051926,2024_13_LAC_ATL,0,0,0,0,0,6,32,0,1,1,1,0,2024,Gus Edwards,LAC,4.3
3051926,2024_14_LAC_KC,0,0,0,0,0,10,36,1,0,0,0,0,2024,Gus Edwards,LAC,9.6
3051926,2024_15_TB_LAC,0,0,0,0,0,8,23,0,0,0,0,0,2024,Gus Edwards,LAC,2.3
3051926,2024_16_DEN_LAC,0,0,0,0,0,14,68,2,1,2,3,0,2024,Gus Edwards,LAC,20.1
5083076,2025_01_CIN_CLE,0,0,0,0,0,1,3,0,7,9,63,0,2025,Harold Fannin Jr.,CLE,13.6
5083076,2025_02_CLE_BAL,0,0,0,0,0,0,0,0,5,5,48,0,2025,Harold Fannin Jr.,CLE,9.8
5083076,2025_03_GB_CLE,0,0,0,0,0,0,0,0,3,4,25,0,2025,Harold Fannin Jr.,CLE,5.5
5083076,2025_04_CLE_DET,0,0,0,0,0,1,1,0,2,6,24,0,2025,Harold Fannin Jr.,CLE,4.5
5083076,2025_05_MIN_CLE,0,0,0,0,0,0,0,0,4,4,13,1,2025,Harold Fannin Jr.,CLE,11.3
5083076,2025_06_CLE_PIT,0,0,0,0,0,0,0,0,7,10,81,0,2025,Harold Fannin Jr.,CLE,15.1
5083076,2025_07_MIA_CLE,0,0,0,0,0,0,0,0,4,5,36,0,2025,Harold Fannin Jr.,CLE,7.6
5083076,2025_08_CLE_NE,0,0,0,0,0,1,2,0,6,8,62,1,2025,Harold Fannin Jr.,CLE,18.4
5083076,2025_10_CLE_NYJ,0,0,0,0,0,0,0,0,4,7,44,0,2025,Harold Fannin Jr.,CLE,8.4
5083076,2025_11_BAL_CLE,0,0,0,0,0,0,0,0,2,5,26,0,2025,Harold Fannin Jr.,CLE,4.6
5083076,2025_12_CLE_LV,0,0,0,0,0,1,4,0,4,6,40,0,2025,Harold Fannin Jr.,CLE,8.4
5083076,2025_13_SF_CLE,0,0,0,0,0,1,0,0,3,5,43,1,2025,Harold Fannin Jr.,CLE,13.3
5083076,2025_14_TEN_CLE,0,0,0,0,0,0,0,0,8,11,114,1,2025,Harold Fannin Jr.,CLE,25.4
5083076,2025_15_CLE_CHI,0,0,0,0,0,1,2,0,7,14,48,0,2025,Harold Fannin Jr.,CLE,12.0
5083076,2025_16_BUF_CLE,0,0,0,0,0,1,1,1,4,6,34,1,2025,Harold Fannin Jr.,CLE,19.5
5083076,2025_17_PIT_CLE,0,0,0,0,0,0,0,0,2,2,30,1,2025,Harold Fannin Jr.,CLE,11.0
4040774,2024_02_LV_BAL,0,0,0,0,0,0,0,0,0,1,0,0,2024,Harrison Bryant,LV,0.0
4040774,2024_04_CLE_LV,0,0,0,0,0,0,0,0,2,2,21,0,2024,Harrison Bryant,LV,4.1
4040774,2024_06_PIT_LV,0,0,0,0,0,0,0,0,3,5,24,0,2024,Harrison Bryant,LV,5.4
4040774,2024_07_LV_LAR,0,0,0,0,0,0,0,0,2,2,19,0,2024,Harrison Bryant,LV,3.9
4040774,2024_09_LV_CIN,0,0,0,0,0,0,0,0,2,2,22,0,2024,Harrison Bryant,LV,4.2
4040774,2025_02_TB_HOU,0,0,0,0,0,0,0,0,0,1,0,0,2025,Harrison Bryant,HOU,0.0
4040774,2025_05_HOU_BAL,0,0,0,0,0,0,0,0,1,2,5,0,2025,Harrison Bryant,HOU,1.5
4040774,2025_08_SF_HOU,0,0,0,0,0,0,0,0,0,1,0,0,2025,Harrison Bryant,HOU,0.0
4040774,2025_09_DEN_HOU,0,0,0,0,0,0,0,0,1,2,2,0,2025,Harrison Bryant,HOU,1.2
4372071,2024_02_LAC_CAR,0,0,0,0,0,3,11,0,0,0,0,0,2024,Hassan Haskins,LAC,1.1
4372071,2024_16_DEN_LAC,0,0,0,0,0,0,0,0,2,2,39,1,2024,Hassan Haskins,LAC,11.9
4372071,2024_17_LAC_NE,0,0,0,0,0,8,30,0,1,1,10,0,2024,Hassan Haskins,LAC,5.0
4372071,2024_18_LAC_LV,0,0,0,0,0,12,33,1,0,0,0,0,2024,Hassan Haskins,LAC,9.3
4372071,2025_05_WSH_LAC,0,0,0,0,0,5,13,0,1,1,2,0,2025,Hassan Haskins,LAC,2.5
4372071,2025_06_LAC_MIA,0,0,0,0,0,6,14,0,1,1,9,0,2025,Hassan Haskins,LAC,3.3
4372071,2025_07_IND_LAC,0,0,0,0,0,1,3,0,2,2,2,0,2025,Hassan Haskins,LAC,2.5
4372071,2025_16_LAC_DAL,0,0,0,0,0,4,14,0,0,0,0,0,2025,Hassan Haskins,LAC,1.4
3924365,2024_01_LV_LAC,0,0,0,0,0,0,0,0,2,3,33,0,2024,Hayden Hurst,LAC,5.3
3924365,2024_02_LAC_CAR,0,0,0,0,0,0,0,0,1,2,5,0,2024,Hayden Hurst,LAC,1.5
3924365,2024_03_LAC_PIT,0,0,0,0,0,0,0,0,2,2,15,0,2024,Hayden Hurst,LAC,3.5
3924365,2024_04_KC_LAC,0,0,0,0,0,0,0,0,1,3,6,0,2024,Hayden Hurst,LAC,1.6
3924365,2024_09_LAC_CLE,0,0,0,0,0,0,0,0,1,1,6,0,2024,Hayden Hurst,LAC,1.6
3924365,2024_10_TEN_LAC,0,0,0,0,0,0,0,0,0,1,0,0,2024,Hayden Hurst,LAC,0.0
3924365,2024_16_DEN_LAC,0,0,0,0,0,0,0,0,1,1,8,0,2024,Hayden Hurst,LAC,1.8
4240858,2024_06_DET_DAL,1,2,19,0,0,1,-1,0,0,0,0,0,2024,Hendon Hooker,DET,0.66
4240858,2024_11_JAX_DET,3,4,37,0,0,4,3,0,0,0,0,0,2024,Hendon Hooker,DET,1.78
4241372,2024_16_HOU_KC,0,0,0,0,0,0,0,0,5,8,45,0,2024,Hollywood Brown,KC,9.5
4241372,2024_17_KC_PIT,0,0,0,0,0,0,0,0,4,7,46,0,2024,Hollywood Brown,KC,8.6
4241372,2025_01_KC_LAC,0,0,0,0,0,0,0,0,10,16,99,0,2025,Hollywood Brown,KC,19.9
4241372,2025_02_PHI_KC,0,0,0,0,0,0,0,0,5,5,30,0,2025,Hollywood Brown,KC,8.0
4241372,2025_03_KC_NYG,0,0,0,0,0,0,0,0,4,6,42,0,2025,Hollywood Brown,KC,8.2
4241372,2025_04_BAL_KC,0,0,0,0,0,0,0,0,3,5,38,1,2025,Hollywood Brown,KC,12.8
4241372,2025_05_KC_JAX,0,0,0,0,0,0,0,0,4,8,48,0,2025,Hollywood Brown,KC,8.8
4241372,2025_06_DET_KC,0,0,0,0,0,0,0,0,4,4,45,2,2025,Hollywood Brown,KC,20.5
4241372,2025_07_LV_KC,0,0,0,0,0,0,0,0,2,4,14,1,2025,Hollywood Brown,KC,9.4
4241372,2025_08_WSH_KC,0,0,0,0,0,0,0,0,0,1,0,0,2025,Hollywood Brown,KC,0.0
4241372,2025_09_KC_BUF,0,0,0,0,0,0,0,0,2,4,73,0,2025,Hollywood Brown,KC,9.3
4241372,2025_11_KC_DEN,0,0,0,0,0,0,0,0,4,4,40,0,2025,Hollywood Brown,KC,8.0
4241372,2025_12_IND_KC,0,0,0,0,0,0,0,0,1,1,10,0,2025,Hollywood Brown,KC,2.0
4241372,2025_13_KC_DAL,0,0,0,0,0,0,0,0,2,2,20,1,2025,Hollywood Brown,KC,10.0
4241372,2025_14_HOU_KC,0,0,0,0,0,0,0,0,1,2,35,0,2025,Hollywood Brown,KC,4.5
4241372,2025_16_KC_TEN,0,0,0,0,0,0,0,0,3,3,22,0,2025,Hollywood Brown,KC,5.2
4241372,2025_17_DEN_KC,0,0,0,0,0,0,0,0,1,3,7,0,2025,Hollywood Brown,KC,1.7
4241372,2025_18_KC_LV,0,0,0,0,0,0,0,0,3,6,64,0,2025,Hollywood Brown,KC,9.4
3046439,2024_01_NE_CIN,0,0,0,0,0,0,0,0,2,3,18,0,2024,Hunter Henry,NE,3.8
3046439,2024_02_SEA_NE,0,0,0,0,0,0,0,0,8,12,109,0,2024,Hunter Henry,NE,18.9
3046439,2024_03_NE_NYJ,0,0,0,0,0,0,0,0,2,3,9,0,2024,Hunter Henry,NE,2.9
3046439,2024_04_NE_SF,0,0,0,0,0,0,0,0,2,3,12,0,2024,Hunter Henry,NE,3.2
3046439,2024_05_MIA_NE,0,0,0,0,0,0,0,0,2,4,32,0,2024,Hunter Henry,NE,5.2
3046439,2024_06_HOU_NE,0,0,0,0,0,0,0,0,3,5,41,1,2024,Hunter Henry,NE,13.1
3046439,2024_07_NE_JAX,0,0,0,0,0,0,0,0,8,9,92,0,2024,Hunter Henry,NE,17.2
3046439,2024_08_NYJ_NE,0,0,0,0,0,0,0,0,5,6,45,0,2024,Hunter Henry,NE,9.5
3046439,2024_09_NE_TEN,0,0,0,0,0,0,0,0,7,8,56,0,2024,Hunter Henry,NE,12.6
3046439,2024_10_NE_CHI,0,0,0,0,0,0,0,0,1,4,14,0,2024,Hunter Henry,NE,2.4
3046439,2024_11_LAR_NE,0,0,0,0,0,0,0,0,6,9,63,0,2024,Hunter Henry,NE,12.3
3046439,2024_12_NE_MIA,0,0,0,0,0,0,0,0,5,8,44,0,2024,Hunter Henry,NE,9.4
3046439,2024_13_IND_NE,0,0,0,0,0,0,0,0,7,9,75,0,2024,Hunter Henry,NE,14.5
3046439,2024_15_NE_ARI,0,0,0,0,0,0,0,0,4,4,25,0,2024,Hunter Henry,NE,6.5
3046439,2024_16_NE_BUF,0,0,0,0,0,0,0,0,4,8,39,1,2024,Hunter Henry,NE,13.9
3046439,2024_17_LAC_NE,0,0,0,0,0,0,0,0,0,2,0,0,2024,Hunter Henry,NE,0.0
3046439,2025_01_LV_NE,0,0,0,0,0,0,0,0,4,8,66,0,2025,Hunter Henry,NE,10.6
3046439,2025_02_NE_MIA,0,0,0,0,0,0,0,0,1,3,9,0,2025,Hunter Henry,NE,1.9
3046439,2025_03_PIT_NE,0,0,0,0,0,0,0,0,8,11,90,2,2025,Hunter Henry,NE,29.0
3046439,2025_04_CAR_NE,0,0,0,0,0,0,0,0,2,2,39,1,2025,Hunter Henry,NE,11.9
3046439,2025_05_NE_BUF,0,0,0,0,0,0,0,0,2,4,46,0,2025,Hunter Henry,NE,6.6
3046439,2025_06_NE_NO,0,0,0,0,0,0,0,0,3,3,27,0,2025,Hunter Henry,NE,5.7
3046439,2025_07_NE_TEN,0,0,0,0,0,0,0,0,4,5,33,0,2025,Hunter Henry,NE,7.3
3046439,2025_08_CLE_NE,0,0,0,0,0,0,0,0,1,1,7,1,2025,Hunter Henry,NE,7.7
3046439,2025_09_ATL_NE,0,0,0,0,0,0,0,0,4,6,51,0,2025,Hunter Henry,NE,9.1
3046439,2025_10_NE_TB,0,0,0,0,0,0,0,0,1,4,9,0,2025,Hunter Henry,NE,1.9
3046439,2025_11_NYJ_NE,0,0,0,0,0,0,0,0,4,6,45,0,2025,Hunter Henry,NE,8.5
3046439,2025_12_NE_CIN,0,0,0,0,0,0,0,0,7,10,115,1,2025,Hunter Henry,NE,24.5
3046439,2025_13_NYG_NE,0,0,0,0,0,0,0,0,4,6,73,0,2025,Hunter Henry,NE,11.3
3046439,2025_15_BUF_NE,0,0,0,0,0,0,0,0,1,3,18,0,2025,Hunter Henry,NE,2.8
3046439,2025_16_NE_BAL,0,0,0,0,0,0,0,0,6,7,35,1,2025,Hunter Henry,NE,15.5
3046439,2025_17_NE_NYJ,0,0,0,0,0,0,0,0,3,3,49,1,2025,Hunter Henry,NE,13.9
3046439,2025_18_MIA_NE,0,0,0,0,0,0,0,0,5,5,56,0,2025,Hunter Henry,NE,10.6
4239944,2024_05_GB_LAR,0,0,0,0,0,0,0,0,2,2,16,0,2024,Hunter Long,LAR,3.6
4239944,2024_07_LV_LAR,0,0,0,0,0,0,0,0,1,1,5,0,2024,Hunter Long,LAR,1.5
4239944,2024_08_MIN_LAR,0,0,0,0,0,0,0,0,1,1,18,0,2024,Hunter Long,LAR,2.8
4239944,2024_09_LAR_SEA,0,0,0,0,0,0,0,0,1,1,4,0,2024,Hunter Long,LAR,1.4
4239944,2024_13_LAR_NO,0,0,0,0,0,0,0,0,0,1,0,0,2024,Hunter Long,LAR,0.0
4239944,2024_14_BUF_LAR,0,0,0,0,0,0,0,0,0,1,0,0,2024,Hunter Long,LAR,0.0
4239944,2024_15_LAR_SF,0,0,0,0,0,0,0,0,2,2,17,0,2024,Hunter Long,LAR,3.7
4239944,2025_01_CAR_JAX,0,0,0,0,0,0,0,0,1,1,6,1,2025,Hunter Long,JAX,7.6
4239944,2025_03_HOU_JAX,0,0,0,0,0,0,0,0,2,3,12,0,2025,Hunter Long,JAX,3.2
4239944,2025_04_JAX_SF,0,0,0,0,0,0,0,0,3,3,23,1,2025,Hunter Long,JAX,11.3
4239944,2025_05_KC_JAX,0,0,0,0,0,0,0,0,1,1,3,0,2025,Hunter Long,JAX,1.3
4239944,2025_06_SEA_JAX,0,0,0,0,0,0,0,0,2,3,19,0,2025,Hunter Long,JAX,3.9
4239944,2025_07_LAR_JAX,0,0,0,0,0,0,0,0,2,3,16,0,2025,Hunter Long,JAX,3.6
4239944,2025_09_JAX_LV,0,0,0,0,0,0,0,0,1,3,6,0,2025,Hunter Long,JAX,1.6
4383396,2024_01_DAL_CLE,0,0,0,0,0,0,0,0,2,2,18,0,2024,Hunter Luepke,DAL,3.8
4383396,2024_03_BAL_DAL,0,0,0,0,0,0,0,0,2,3,41,0,2024,Hunter Luepke,DAL,6.1
4383396,2024_04_DAL_NYG,0,0,0,0,0,2,8,0,2,2,14,0,2024,Hunter Luepke,DAL,4.2
4383396,2024_05_DAL_PIT,0,0,0,0,0,2,6,0,1,1,18,0,2024,Hunter Luepke,DAL,3.4
4383396,2024_09_DAL_ATL,0,0,0,0,0,1,5,0,2,2,4,0,2024,Hunter Luepke,DAL,2.9
4383396,2024_10_PHI_DAL,0,0,0,0,0,0,0,0,0,1,0,0,2024,Hunter Luepke,DAL,0.0
4383396,2024_12_DAL_WSH,0,0,0,0,0,0,0,0,1,1,10,0,2024,Hunter Luepke,DAL,2.0
4383396,2024_13_NYG_DAL,0,0,0,0,0,3,4,0,0,0,0,0,2024,Hunter Luepke,DAL,0.4
4383396,2024_14_CIN_DAL,0,0,0,0,0,0,0,0,1,1,5,0,2024,Hunter Luepke,DAL,1.5
4383396,2024_16_TB_DAL,0,0,0,0,0,0,0,0,0,2,0,0,2024,Hunter Luepke,DAL,0.0
4383396,2024_17_DAL_PHI,0,0,0,0,0,0,0,0,1,1,1,0,2024,Hunter Luepke,DAL,1.1
4383396,2024_18_WSH_DAL,0,0,0,0,0,3,15,0,0,0,0,0,2024,Hunter Luepke,DAL,1.5
4383396,2025_04_GB_DAL,0,0,0,0,0,1,6,0,0,1,0,0,2025,Hunter Luepke,DAL,0.6
4383396,2025_05_DAL_NYJ,0,0,0,0,0,0,0,0,1,1,10,0,2025,Hunter Luepke,DAL,2.0
4383396,2025_06_DAL_CAR,0,0,0,0,0,0,0,0,2,2,7,1,2025,Hunter Luepke,DAL,8.7
4383396,2025_07_WSH_DAL,0,0,0,0,0,0,0,0,1,1,3,0,2025,Hunter Luepke,DAL,1.3
4383396,2025_11_DAL_LV,0,0,0,0,0,1,5,0,3,3,36,0,2025,Hunter Luepke,DAL,7.1
4383396,2025_12_PHI_DAL,0,0,0,0,0,0,0,0,1,1,7,0,2025,Hunter Luepke,DAL,1.7
4383396,2025_15_MIN_DAL,0,0,0,0,0,3,16,0,2,2,14,0,2025,Hunter Luepke,DAL,5.0
4383396,2025_16_LAC_DAL,0,0,0,0,0,1,0,0,1,2,14,0,2025,Hunter Luepke,DAL,2.4
4383396,2025_17_DAL_WSH,0,0,0,0,0,7,30,0,1,1,14,0,2025,Hunter Luepke,DAL,5.4
4383396,2025_18_DAL_NYG,0,0,0,0,0,2,12,0,1,1,4,0,2025,Hunter Luepke,DAL,2.6
3135321,2025_01_CAR_JAX,0,0,0,0,0,0,0,0,2,6,11,0,2025,Hunter Renfrow,CAR,3.1
3135321,2025_02_CAR_ARI,0,0,0,0,0,0,0,0,7,9,48,2,2025,Hunter Renfrow,CAR,23.8
3135321,2025_03_ATL_CAR,0,0,0,0,0,0,0,0,2,4,6,0,2025,Hunter Renfrow,CAR,2.6
3135321,2025_04_CAR_NE,0,0,0,0,0,0,0,0,2,2,10,0,2025,Hunter Renfrow,CAR,3.0
3135321,2025_05_MIA_CAR,0,0,0,0,0,0,0,0,1,3,7,0,2025,Hunter Renfrow,CAR,1.7
3135321,2025_06_DAL_CAR,0,0,0,0,0,0,0,0,1,2,7,0,2025,Hunter Renfrow,CAR,1.7
4045305,2024_06_ATL_CAR,0,0,0,0,0,0,0,0,0,3,0,0,2024,Ian Thomas,CAR,0.0
4045305,2024_07_CAR_WSH,0,0,0,0,0,0,0,0,2,2,4,0,2024,Ian Thomas,CAR,2.4
4045305,2024_10_NYG_CAR,0,0,0,0,0,0,0,0,1,1,3,0,2024,Ian Thomas,CAR,1.3
4045305,2025_05_LV_IND,0,0,0,0,0,0,0,0,3,3,20,0,2025,Ian Thomas,LV,5.0
4045305,2025_06_TEN_LV,0,0,0,0,0,0,0,0,1,1,4,0,2025,Ian Thomas,LV,1.4
4045305,2025_09_JAX_LV,0,0,0,0,0,0,0,0,1,1,9,0,2025,Ian Thomas,LV,1.9
4045305,2025_11_DAL_LV,0,0,0,0,0,0,0,0,1,1,20,0,2025,Ian Thomas,LV,3.0
4045305,2025_12_CLE_LV,0,0,0,0,0,0,0,0,4,4,36,0,2025,Ian Thomas,LV,7.6
4045305,2025_13_LV_LAC,0,0,0,0,0,0,0,0,1,1,8,0,2025,Ian Thomas,LV,1.8
4045305,2025_14_DEN_LV,0,0,0,0,0,0,0,0,2,2,17,0,2025,Ian Thomas,LV,3.7
3929636,2024_07_NYJ_PIT,0,0,0,0,0,0,0,0,0,1,0,0,2024,Irv Charles,NYJ,0.0
4372561,2024_03_SF_LAR,0,0,0,0,0,5,19,0,0,0,0,0,2024,Isaac Guerendo,SF,1.9
4372561,2024_05_ARI_SF,0,0,0,0,0,5,22,0,0,0,0,0,2024,Isaac Guerendo,SF,2.2
4372561,2024_06_SF_SEA,0,0,0,0,0,10,99,0,0,0,0,0,2024,Isaac Guerendo,SF,9.9
4372561,2024_07_KC_SF,0,0,0,0,0,1,2,0,1,1,5,0,2024,Isaac Guerendo,SF,1.7
4372561,2024_08_DAL_SF,0,0,0,0,0,14,85,1,3,4,17,0,2024,Isaac Guerendo,SF,19.2
4372561,2024_13_SF_BUF,0,0,0,0,0,4,19,1,1,1,-3,0,2024,Isaac Guerendo,SF,8.6
4372561,2024_14_CHI_SF,0,0,0,0,0,15,78,2,2,2,50,0,2024,Isaac Guerendo,SF,26.8
4372561,2024_15_LAR_SF,0,0,0,0,0,16,57,0,4,4,18,0,2024,Isaac Guerendo,SF,11.5
4372561,2024_17_DET_SF,0,0,0,0,0,9,34,0,4,4,65,0,2024,Isaac Guerendo,SF,13.9
5123663,2025_01_DET_GB,0,0,0,0,0,0,0,0,1,1,13,1,2025,Isaac TeSlaa,DET,8.3
5123663,2025_02_CHI_DET,0,0,0,0,0,0,0,0,1,1,29,0,2025,Isaac TeSlaa,DET,3.9
5123663,2025_03_DET_BAL,0,0,0,0,0,0,0,0,0,2,0,0,2025,Isaac TeSlaa,DET,0.0
5123663,2025_05_DET_CIN,0,0,0,0,0,0,0,0,1,1,12,1,2025,Isaac TeSlaa,DET,8.2
5123663,2025_07_TB_DET,0,0,0,0,0,0,0,0,0,1,0,0,2025,Isaac TeSlaa,DET,0.0
5123663,2025_10_DET_WSH,0,0,0,0,0,0,0,0,1,1,11,0,2025,Isaac TeSlaa,DET,2.1
5123663,2025_11_DET_PHI,0,0,0,0,0,0,0,0,0,1,0,0,2025,Isaac TeSlaa,DET,0.0
5123663,2025_12_NYG_DET,0,0,0,0,0,0,0,0,0,1,0,0,2025,Isaac TeSlaa,DET,0.0
5123663,2025_13_GB_DET,0,0,0,0,0,0,0,0,2,2,35,1,2025,Isaac TeSlaa,DET,11.5
5123663,2025_14_DAL_DET,0,0,0,0,0,0,0,0,2,3,20,1,2025,Isaac TeSlaa,DET,10.0
5123663,2025_15_DET_LAR,0,0,0,0,0,0,0,0,0,1,0,0,2025,Isaac TeSlaa,DET,0.0
5123663,2025_16_PIT_DET,0,0,0,0,0,0,0,0,4,7,52,1,2025,Isaac TeSlaa,DET,15.2
5123663,2025_17_DET_MIN,0,0,0,0,0,0,0,0,3,4,49,1,2025,Isaac TeSlaa,DET,13.9
5123663,2025_18_DET_CHI,0,0,0,0,0,0,0,0,1,1,18,0,2025,Isaac TeSlaa,DET,2.8
4808839,2025_01_CIN_CLE,0,0,0,0,0,0,0,0,1,1,5,0,2025,Isaiah Bond,CLE,1.5
4808839,2025_02_CLE_BAL,0,0,0,0,0,1,9,0,1,3,6,0,2025,Isaiah Bond,CLE,2.5
4808839,2025_03_GB_CLE,0,0,0,0,0,0,0,0,2,4,16,0,2025,Isaiah Bond,CLE,3.6
4808839,2025_04_CLE_DET,0,0,0,0,0,0,0,0,3,6,58,0,2025,Isaiah Bond,CLE,8.8
4808839,2025_05_MIN_CLE,0,0,0,0,0,0,0,0,2,7,29,0,2025,Isaiah Bond,CLE,4.9
4808839,2025_06_CLE_PIT,0,0,0,0,0,0,0,0,2,5,9,0,2025,Isaiah Bond,CLE,2.9
4808839,2025_08_CLE_NE,0,0,0,0,0,0,0,0,0,4,0,0,2025,Isaiah Bond,CLE,0.0
4808839,2025_11_BAL_CLE,0,0,0,0,0,1,8,0,0,1,0,0,2025,Isaiah Bond,CLE,0.8
4808839,2025_12_CLE_LV,0,0,0,0,0,0,0,0,2,2,58,0,2025,Isaiah Bond,CLE,7.8
4808839,2025_13_SF_CLE,0,0,0,0,0,1,9,0,1,2,18,0,2025,Isaiah Bond,CLE,3.7
4808839,2025_14_TEN_CLE,0,0,0,0,0,0,0,0,0,2,0,0,2025,Isaiah Bond,CLE,0.0
4808839,2025_15_CLE_CHI,0,0,0,0,0,0,0,0,2,4,89,0,2025,Isaiah Bond,CLE,10.9
4808839,2025_17_PIT_CLE,0,0,0,0,0,0,0,0,1,1,16,0,2025,Isaiah Bond,CLE,2.6
4808839,2025_18_CLE_CIN,0,0,0,0,0,1,4,0,1,2,13,0,2025,Isaiah Bond,CLE,2.7
4695404,2024_03_NE_NYJ,0,0,0,0,0,3,6,0,0,0,0,0,2024,Isaiah Davis,NYJ,0.6
4695404,2024_10_NYJ_ARI,0,0,0,0,0,0,0,0,1,1,10,0,2024,Isaiah Davis,NYJ,2.0
4695404,2024_13_SEA_NYJ,0,0,0,0,0,1,4,0,3,3,28,1,2024,Isaiah Davis,NYJ,12.2
4695404,2024_14_NYJ_MIA,0,0,0,0,0,10,40,1,3,6,27,0,2024,Isaiah Davis,NYJ,15.7
4695404,2024_15_NYJ_JAX,0,0,0,0,0,5,24,0,1,1,2,0,2024,Isaiah Davis,NYJ,3.6
4695404,2024_16_LAR_NYJ,0,0,0,0,0,3,12,0,0,0,0,0,2024,Isaiah Davis,NYJ,1.2
4695404,2024_17_NYJ_BUF,0,0,0,0,0,3,35,0,1,1,8,0,2024,Isaiah Davis,NYJ,5.3
4695404,2024_18_MIA_NYJ,0,0,0,0,0,4,41,0,0,0,0,0,2024,Isaiah Davis,NYJ,4.1
4695404,2025_02_BUF_NYJ,0,0,0,0,0,0,0,0,1,3,6,0,2025,Isaiah Davis,NYJ,1.6
4695404,2025_04_NYJ_MIA,0,0,0,0,0,3,9,0,2,2,18,0,2025,Isaiah Davis,NYJ,4.7
4695404,2025_05_DAL_NYJ,0,0,0,0,0,1,5,0,3,4,28,0,2025,Isaiah Davis,NYJ,6.3
4695404,2025_06_DEN_NYJ,0,0,0,0,0,2,2,0,1,1,-1,0,2025,Isaiah Davis,NYJ,1.1
4695404,2025_07_CAR_NYJ,0,0,0,0,0,2,10,0,2,4,22,0,2025,Isaiah Davis,NYJ,5.2
4695404,2025_08_NYJ_CIN,0,0,0,0,0,7,65,0,5,5,44,0,2025,Isaiah Davis,NYJ,15.9
4695404,2025_10_CLE_NYJ,0,0,0,0,0,3,10,0,1,1,1,0,2025,Isaiah Davis,NYJ,2.1
4695404,2025_11_NYJ_NE,0,0,0,0,0,2,11,0,0,1,0,0,2025,Isaiah Davis,NYJ,1.1
4695404,2025_12_NYJ_BAL,0,0,0,0,0,4,7,0,0,0,0,0,2025,Isaiah Davis,NYJ,0.7
4695404,2025_13_ATL_NYJ,0,0,0,0,0,0,0,0,0,1,0,0,2025,Isaiah Davis,NYJ,0.0
4695404,2025_15_NYJ_JAX,0,0,0,0,0,9,58,1,1,1,7,0,2025,Isaiah Davis,NYJ,13.5
4695404,2025_16_NYJ_NO,0,0,0,0,0,3,8,0,4,4,52,0,2025,Isaiah Davis,NYJ,10.0
4695404,2025_17_NE_NYJ,0,0,0,0,0,3,11,0,1,1,9,0,2025,Isaiah Davis,NYJ,3.0
4242540,2024_06_CIN_NYG,0,0,0,0,0,0,0,0,1,1,5,0,2024,Isaiah Hodgins,NYG,1.5
4242540,2024_10_NYG_CAR,0,0,0,0,0,0,0,0,1,1,7,0,2024,Isaiah Hodgins,NYG,1.7
4242540,2025_11_GB_NYG,0,0,0,0,0,0,0,0,5,6,57,0,2025,Isaiah Hodgins,NYG,10.7
4242540,2025_12_NYG_DET,0,0,0,0,0,0,0,0,2,6,42,1,2025,Isaiah Hodgins,NYG,12.2
4242540,2025_13_NYG_NE,0,0,0,0,0,0,0,0,1,1,4,0,2025,Isaiah Hodgins,NYG,1.4
4242540,2025_15_WSH_NYG,0,0,0,0,0,0,0,0,1,2,4,0,2025,Isaiah Hodgins,NYG,1.4
4242540,2025_17_NYG_LV,0,0,0,0,0,0,0,0,1,2,8,0,2025,Isaiah Hodgins,NYG,1.8
4242540,2025_18_DAL_NYG,0,0,0,0,0,0,0,0,0,2,0,0,2025,Isaiah Hodgins,NYG,0.0
4361050,2024_01_BAL_KC,0,0,0,0,0,0,0,0,9,12,111,1,2024,Isaiah Likely,BAL,26.1
4361050,2024_02_LV_BAL,0,0,0,0,0,0,0,0,2,3,26,0,2024,Isaiah Likely,BAL,4.6
4361050,2024_03_BAL_DAL,0,0,0,0,0,0,0,0,1,1,4,0,2024,Isaiah Likely,BAL,1.4
4361050,2024_04_BUF_BAL,0,0,0,0,0,0,0,0,1,2,26,0,2024,Isaiah Likely,BAL,3.6
4361050,2024_05_BAL_CIN,0,0,0,0,0,0,0,0,3,3,13,2,2024,Isaiah Likely,BAL,16.3
4361050,2024_06_WSH_BAL,0,0,0,0,0,0,0,0,2,4,27,0,2024,Isaiah Likely,BAL,4.7
4361050,2024_07_BAL_TB,0,0,0,0,0,0,0,0,2,4,17,0,2024,Isaiah Likely,BAL,3.7
4361050,2024_08_BAL_CLE,0,0,0,0,0,0,0,0,4,4,47,0,2024,Isaiah Likely,BAL,8.7
4361050,2024_09_DEN_BAL,0,0,0,0,0,0,0,0,0,1,0,0,2024,Isaiah Likely,BAL,0.0
4361050,2024_11_BAL_PIT,0,0,0,0,0,0,0,0,4,5,75,0,2024,Isaiah Likely,BAL,11.5
4361050,2024_13_PHI_BAL,0,0,0,0,0,0,0,0,5,8,38,1,2024,Isaiah Likely,BAL,14.8
4361050,2024_15_BAL_NYG,0,0,0,0,0,0,0,0,2,2,17,0,2024,Isaiah Likely,BAL,3.7
4361050,2024_16_PIT_BAL,0,0,0,0,0,0,0,0,3,3,29,1,2024,Isaiah Likely,BAL,11.9
4361050,2024_17_BAL_HOU,0,0,0,0,0,0,0,0,1,1,9,1,2024,Isaiah Likely,BAL,7.9
4361050,2024_18_CLE_BAL,0,0,0,0,0,0,0,0,3,5,38,0,2024,Isaiah Likely,BAL,6.8
4361050,2025_05_HOU_BAL,0,0,0,0,0,0,0,0,1,1,12,0,2025,Isaiah Likely,BAL,2.2
4361050,2025_06_LAR_BAL,0,0,0,0,0,0,0,0,2,2,6,0,2025,Isaiah Likely,BAL,2.6
4361050,2025_08_CHI_BAL,0,0,0,0,0,0,0,0,2,2,8,0,2025,Isaiah Likely,BAL,2.8
4361050,2025_09_BAL_MIA,0,0,0,0,0,0,0,0,3,4,60,0,2025,Isaiah Likely,BAL,9.0
4361050,2025_10_BAL_MIN,0,0,0,0,0,0,0,0,2,5,17,0,2025,Isaiah Likely,BAL,3.7
4361050,2025_11_BAL_CLE,0,0,0,0,0,0,0,0,2,3,15,0,2025,Isaiah Likely,BAL,3.5
4361050,2025_12_NYJ_BAL,0,0,0,0,0,0,0,0,1,3,10,0,2025,Isaiah Likely,BAL,2.0
4361050,2025_13_CIN_BAL,0,0,0,0,0,0,0,0,5,6,95,0,2025,Isaiah Likely,BAL,14.5
4361050,2025_14_PIT_BAL,0,0,0,0,0,0,0,0,4,6,25,1,2025,Isaiah Likely,BAL,12.5
4361050,2025_17_BAL_GB,0,0,0,0,0,0,0,0,3,3,27,0,2025,Isaiah Likely,BAL,5.7
4361050,2025_18_BAL_PIT,0,0,0,0,0,0,0,0,2,2,32,0,2025,Isaiah Likely,BAL,5.2
4569371,2024_08_TEN_DET,0,0,0,0,0,0,0,0,2,3,6,0,2024,Isaiah Williams,DET,2.6
4569371,2025_08_NYJ_CIN,0,0,0,0,0,1,25,0,3,4,31,0,2025,Isaiah Williams,NYJ,8.6
4569371,2025_10_CLE_NYJ,0,0,0,0,0,0,0,0,1,1,4,0,2025,Isaiah Williams,NYJ,1.4
4569371,2025_11_NYJ_NE,0,1,0,0,0,1,4,0,1,4,2,0,2025,Isaiah Williams,NYJ,1.6
4569371,2025_13_ATL_NYJ,0,0,0,0,0,0,0,0,0,1,0,0,2025,Isaiah Williams,NYJ,0.0
4569371,2025_14_MIA_NYJ,0,0,0,0,0,0,0,0,2,3,24,0,2025,Isaiah Williams,NYJ,4.4
4569371,2025_15_NYJ_JAX,0,0,0,0,0,0,0,0,6,7,53,0,2025,Isaiah Williams,NYJ,11.3
4569371,2025_16_NYJ_NO,0,0,0,0,0,0,0,0,4,4,25,0,2025,Isaiah Williams,NYJ,6.5
4569371,2025_17_NE_NYJ,0,0,0,0,0,1,5,0,4,5,30,0,2025,Isaiah Williams,NYJ,7.5
4569371,2025_18_NYJ_BUF,0,0,0,0,0,0,0,0,5,7,24,0,2025,Isaiah Williams,NYJ,7.4
4361529,2024_01_BAL_KC,0,0,0,0,0,15,45,1,2,3,33,0,2024,Isiah Pacheco,KC,15.8
4361529,2024_02_CIN_KC,0,0,0,0,0,19,90,0,5,5,21,0,2024,Isiah Pacheco,KC,16.1
4361529,2024_13_LV_KC,0,0,0,0,0,7,44,0,1,1,5,0,2024,Isiah Pacheco,KC,5.9
4361529,2024_14_LAC_KC,0,0,0,0,0,14,55,0,2,4,6,0,2024,Isiah Pacheco,KC,8.1
4361529,2024_15_KC_CLE,0,0,0,0,0,13,32,0,1,1,15,0,2024,Isiah Pacheco,KC,5.7
4361529,2024_16_HOU_KC,0,0,0,0,0,9,26,0,1,2,-1,0,2024,Isiah Pacheco,KC,3.5
4361529,2024_17_KC_PIT,0,0,0,0,0,6,18,0,0,0,0,0,2024,Isiah Pacheco,KC,1.8
4361529,2025_01_KC_LAC,0,0,0,0,0,5,25,0,2,3,3,0,2025,Isiah Pacheco,KC,4.8
4361529,2025_02_PHI_KC,0,0,0,0,0,10,22,0,1,2,7,0,2025,Isiah Pacheco,KC,3.9
4361529,2025_03_KC_NYG,0,0,0,0,0,10,45,0,1,1,3,0,2025,Isiah Pacheco,KC,5.8
4361529,2025_04_BAL_KC,0,0,0,0,0,7,35,0,2,3,13,1,2025,Isiah Pacheco,KC,12.8
4361529,2025_05_KC_JAX,0,0,0,0,0,7,36,0,3,3,20,0,2025,Isiah Pacheco,KC,8.6
4361529,2025_06_DET_KC,0,0,0,0,0,12,51,0,1,3,0,0,2025,Isiah Pacheco,KC,6.1
4361529,2025_07_LV_KC,0,0,0,0,0,15,57,1,1,2,-3,0,2025,Isiah Pacheco,KC,12.4
4361529,2025_08_WSH_KC,0,0,0,0,0,12,58,0,0,0,0,0,2025,Isiah Pacheco,KC,5.8
4361529,2025_13_KC_DAL,0,0,0,0,0,3,16,0,2,2,17,0,2025,Isiah Pacheco,KC,5.3
4361529,2025_14_HOU_KC,0,0,0,0,0,9,30,0,0,0,0,0,2025,Isiah Pacheco,KC,3.0
4361529,2025_15_LAC_KC,0,0,0,0,0,11,21,0,0,0,0,0,2025,Isiah Pacheco,KC,2.1
4361529,2025_16_KC_TEN,0,0,0,0,0,8,34,0,6,7,41,0,2025,Isiah Pacheco,KC,13.5
4361529,2025_17_DEN_KC,0,0,0,0,0,9,32,0,0,0,0,0,2025,Isiah Pacheco,KC,3.2
4433970,2025_01_MIN_CHI,13,20,143,2,1,2,25,1,0,0,0,0,2025,J.J. McCarthy,MIN,21.22
4433970,2025_02_ATL_MIN,11,21,158,0,2,5,25,0,0,0,0,0,2025,J.J. McCarthy,MIN,6.82
4433970,2025_09_MIN_DET,14,25,143,2,1,9,12,1,0,0,0,0,2025,J.J. McCarthy,MIN,19.92
4433970,2025_10_BAL_MIN,20,42,248,1,2,5,48,0,0,0,0,0,2025,J.J. McCarthy,MIN,16.72
4433970,2025_11_CHI_MIN,16,32,150,1,2,0,0,0,0,0,0,0,2025,J.J. McCarthy,MIN,8.0
4433970,2025_12_MIN_GB,12,19,87,0,2,2,10,0,0,0,0,0,2025,J.J. McCarthy,MIN,2.48
4433970,2025_14_WSH_MIN,16,23,163,3,0,6,19,0,0,0,0,0,2025,J.J. McCarthy,MIN,20.42
4433970,2025_15_MIN_DAL,15,24,250,2,1,4,15,1,0,0,0,0,2025,J.J. McCarthy,MIN,24.5
4433970,2025_16_MIN_NYG,9,14,108,0,1,2,20,1,0,0,0,0,2025,J.J. McCarthy,MIN,11.32
4433970,2025_18_GB_MIN,14,23,182,0,0,2,7,0,0,0,0,0,2025,J.J. McCarthy,MIN,7.98
4039607,2024_03_HOU_MIN,0,0,0,0,0,1,3,0,2,2,0,0,2024,J.J. Taylor,HOU,2.3
4039607,2024_04_JAX_HOU,0,0,0,0,0,6,18,0,0,1,0,0,2024,J.J. Taylor,HOU,1.8
4039607,2024_09_HOU_NYJ,0,0,0,0,0,3,23,0,0,0,0,0,2024,J.J. Taylor,HOU,2.3
4241985,2024_01_LV_LAC,0,0,0,0,0,10,135,1,3,3,4,0,2024,J.K. Dobbins,LAC,22.9
4241985,2024_02_LAC_CAR,0,0,0,0,0,17,131,1,1,1,0,0,2024,J.K. Dobbins,LAC,20.1
4241985,2024_03_LAC_PIT,0,0,0,0,0,15,44,0,3,3,10,0,2024,J.K. Dobbins,LAC,8.4
4241985,2024_04_KC_LAC,0,0,0,0,0,14,32,0,3,4,30,0,2024,J.K. Dobbins,LAC,9.2
4241985,2024_06_LAC_DEN,0,0,0,0,0,25,96,1,2,2,6,0,2024,J.K. Dobbins,LAC,18.2
4241985,2024_07_LAC_ARI,0,0,0,0,0,14,40,0,3,3,26,0,2024,J.K. Dobbins,LAC,9.6
4241985,2024_08_NO_LAC,0,0,0,0,0,17,57,1,4,7,11,0,2024,J.K. Dobbins,LAC,16.8
4241985,2024_09_LAC_CLE,0,0,0,0,0,14,85,2,2,2,20,0,2024,J.K. Dobbins,LAC,24.5
4241985,2024_10_TEN_LAC,0,0,0,0,0,15,50,0,3,3,5,0,2024,J.K. Dobbins,LAC,8.5
4241985,2024_11_CIN_LAC,0,0,0,0,0,11,56,2,1,1,3,0,2024,J.K. Dobbins,LAC,18.9
4241985,2024_12_BAL_LAC,0,0,0,0,0,6,40,0,3,5,19,0,2024,J.K. Dobbins,LAC,8.9
4241985,2024_17_LAC_NE,0,0,0,0,0,19,76,1,1,1,7,0,2024,J.K. Dobbins,LAC,15.3
4241985,2024_18_LAC_LV,0,0,0,0,0,18,63,0,3,3,12,0,2024,J.K. Dobbins,LAC,10.5
4241985,2025_01_TEN_DEN,0,0,0,0,0,16,63,1,2,2,5,0,2025,J.K. Dobbins,DEN,14.8
4241985,2025_02_DEN_IND,0,0,0,0,0,14,76,1,1,2,9,0,2025,J.K. Dobbins,DEN,15.5
4241985,2025_03_DEN_LAC,0,0,0,0,0,11,83,1,1,2,0,0,2025,J.K. Dobbins,DEN,15.3
4241985,2025_04_CIN_DEN,0,0,0,0,0,16,101,0,1,1,4,0,2025,J.K. Dobbins,DEN,11.5
4241985,2025_05_DEN_PHI,0,0,0,0,0,20,79,1,1,1,5,0,2025,J.K. Dobbins,DEN,15.4
4241985,2025_06_DEN_NYJ,0,0,0,0,0,14,40,0,0,1,0,0,2025,J.K. Dobbins,DEN,4.0
4241985,2025_07_NYG_DEN,0,0,0,0,0,14,81,0,1,1,-1,0,2025,J.K. Dobbins,DEN,9.0
4241985,2025_08_DAL_DEN,0,0,0,0,0,15,111,0,2,2,10,0,2025,J.K. Dobbins,DEN,14.1
4241985,2025_09_DEN_HOU,0,0,0,0,0,15,61,0,1,1,-2,0,2025,J.K. Dobbins,DEN,6.9
4241985,2025_10_LV_DEN,0,0,0,0,0,18,77,0,1,1,7,0,2025,J.K. Dobbins,DEN,9.4
4431437,2024_13_TEN_WSH,0,0,0,0,0,0,0,0,1,1,0,0,2024,JC Latham,TEN,1.0
4430637,2024_01_NE_CIN,0,0,0,0,0,0,0,0,1,1,6,0,2024,Ja'Lynn Polk,NE,1.6
4430637,2024_02_SEA_NE,0,0,0,0,0,1,0,0,2,3,12,1,2024,Ja'Lynn Polk,NE,9.2
4430637,2024_03_NE_NYJ,0,0,0,0,0,0,0,0,2,2,13,0,2024,Ja'Lynn Polk,NE,3.3
4430637,2024_04_NE_SF,0,0,0,0,0,0,0,0,3,7,30,0,2024,Ja'Lynn Polk,NE,6.0
4430637,2024_05_MIA_NE,0,0,0,0,0,0,0,0,1,6,13,0,2024,Ja'Lynn Polk,NE,2.3
4430637,2024_06_HOU_NE,0,0,0,0,0,0,0,0,1,4,4,0,2024,Ja'Lynn Polk,NE,1.4
4430637,2024_07_NE_JAX,0,0,0,0,0,0,0,0,0,3,0,0,2024,Ja'Lynn Polk,NE,0.0
4430637,2024_09_NE_TEN,0,0,0,0,0,0,0,0,0,1,0,0,2024,Ja'Lynn Polk,NE,0.0
4430637,2024_10_NE_CHI,0,0,0,0,0,0,0,0,1,1,2,1,2024,Ja'Lynn Polk,NE,7.2
4430637,2024_12_NE_MIA,0,0,0,0,0,0,0,0,1,2,7,0,2024,Ja'Lynn Polk,NE,1.7
4430637,2024_13_IND_NE,0,0,0,0,0,0,0,0,0,1,0,0,2024,Ja'Lynn Polk,NE,0.0
4430637,2024_15_NE_ARI,0,0,0,0,0,0,0,0,0,1,0,0,2024,Ja'Lynn Polk,NE,0.0
4430637,2024_17_LAC_NE,0,0,0,0,0,0,0,0,0,1,0,0,2024,Ja'Lynn Polk,NE,0.0
4362628,2024_01_NE_CIN,0,0,0,0,0,0,0,0,6,6,62,0,2024,Ja'Marr Chase,CIN,12.2
4362628,2024_02_CIN_KC,0,0,0,0,0,0,0,0,4,5,35,0,2024,Ja'Marr Chase,CIN,7.5
4362628,2024_03_WSH_CIN,0,0,0,0,0,0,0,0,6,7,118,2,2024,Ja'Marr Chase,CIN,29.8
4362628,2024_04_CIN_CAR,0,0,0,0,0,0,0,0,3,6,85,1,2024,Ja'Marr Chase,CIN,17.5
4362628,2024_05_BAL_CIN,0,0,0,0,0,0,0,0,10,12,193,2,2024,Ja'Marr Chase,CIN,41.3
4362628,2024_06_CIN_NYG,0,0,0,0,0,0,0,0,5,6,72,0,2024,Ja'Marr Chase,CIN,12.2
4362628,2024_07_CIN_CLE,0,0,0,0,0,1,11,0,5,6,55,1,2024,Ja'Marr Chase,CIN,17.6
4362628,2024_08_PHI_CIN,0,0,0,0,0,0,0,0,9,11,54,1,2024,Ja'Marr Chase,CIN,20.4
4362628,2024_09_LV_CIN,0,0,0,0,0,0,0,0,7,11,43,0,2024,Ja'Marr Chase,CIN,11.3
4362628,2024_10_CIN_BAL,0,0,0,0,0,0,0,0,11,17,264,3,2024,Ja'Marr Chase,CIN,55.4
4362628,2024_11_CIN_LAC,0,0,0,0,0,0,0,0,7,13,75,2,2024,Ja'Marr Chase,CIN,26.5
4362628,2024_13_PIT_CIN,0,0,0,0,0,0,0,0,6,9,86,1,2024,Ja'Marr Chase,CIN,20.6
4362628,2024_14_CIN_DAL,0,0,0,0,0,1,14,0,14,18,177,2,2024,Ja'Marr Chase,CIN,45.1
4362628,2024_15_CIN_TEN,0,0,0,0,0,0,0,0,9,11,94,0,2024,Ja'Marr Chase,CIN,18.4
4362628,2024_16_CLE_CIN,0,0,0,0,0,1,7,0,6,8,97,1,2024,Ja'Marr Chase,CIN,22.4
4362628,2024_17_DEN_CIN,0,0,0,0,0,0,0,0,9,15,102,0,2024,Ja'Marr Chase,CIN,19.2
4362628,2024_18_CIN_PIT,0,0,0,0,0,0,0,0,10,14,96,1,2024,Ja'Marr Chase,CIN,25.6
4362628,2025_01_CIN_CLE,0,0,0,0,0,0,0,0,2,5,26,0,2025,Ja'Marr Chase,CIN,4.6
4362628,2025_02_JAX_CIN,0,0,0,0,0,0,0,0,14,16,165,1,2025,Ja'Marr Chase,CIN,36.5
4362628,2025_03_CIN_MIN,0,0,0,0,0,1,9,0,5,6,50,0,2025,Ja'Marr Chase,CIN,10.9
4362628,2025_04_CIN_DEN,0,0,0,0,0,0,0,0,5,8,23,0,2025,Ja'Marr Chase,CIN,7.3
4362628,2025_05_DET_CIN,0,0,0,0,0,0,0,0,6,10,110,2,2025,Ja'Marr Chase,CIN,29.0
4362628,2025_06_CIN_GB,0,0,0,0,0,1,-3,0,10,12,94,1,2025,Ja'Marr Chase,CIN,25.1
4362628,2025_07_PIT_CIN,0,0,0,0,0,0,0,0,16,23,161,1,2025,Ja'Marr Chase,CIN,38.1
4362628,2025_08_NYJ_CIN,0,0,0,0,0,0,0,0,12,19,91,0,2025,Ja'Marr Chase,CIN,21.1
4362628,2025_09_CHI_CIN,0,0,0,0,0,0,0,0,6,8,111,0,2025,Ja'Marr Chase,CIN,17.1
4362628,2025_11_CIN_PIT,0,0,0,0,0,0,0,0,3,10,30,0,2025,Ja'Marr Chase,CIN,6.0
4362628,2025_13_CIN_BAL,0,0,0,0,0,0,0,0,7,14,110,0,2025,Ja'Marr Chase,CIN,18.0
4362628,2025_14_CIN_BUF,0,0,0,0,0,1,8,0,5,8,44,0,2025,Ja'Marr Chase,CIN,10.2
4362628,2025_15_BAL_CIN,0,0,0,0,0,0,0,0,10,16,132,0,2025,Ja'Marr Chase,CIN,23.2
4362628,2025_16_CIN_MIA,0,0,0,0,0,0,0,0,9,11,109,0,2025,Ja'Marr Chase,CIN,19.9
4362628,2025_17_ARI_CIN,0,0,0,0,0,0,0,0,7,9,60,2,2025,Ja'Marr Chase,CIN,25.0
4362628,2025_18_CLE_CIN,0,0,0,0,0,0,0,0,8,10,96,1,2025,Ja'Marr Chase,CIN,23.6
4431588,2024_01_CAR_NO,0,0,0,0,0,0,0,0,1,1,4,0,2024,Ja'Tavion Sanders,CAR,1.4
4431588,2024_02_LAC_CAR,0,0,0,0,0,0,0,0,2,2,8,0,2024,Ja'Tavion Sanders,CAR,2.8
4431588,2024_03_CAR_LV,0,0,0,0,0,0,0,0,0,1,0,0,2024,Ja'Tavion Sanders,CAR,0.0
4431588,2024_04_CIN_CAR,0,0,0,0,0,0,0,0,2,2,16,0,2024,Ja'Tavion Sanders,CAR,3.6
4431588,2024_05_CAR_CHI,0,0,0,0,0,0,0,0,3,5,13,0,2024,Ja'Tavion Sanders,CAR,4.3
4431588,2024_06_ATL_CAR,0,0,0,0,0,0,0,0,5,7,49,0,2024,Ja'Tavion Sanders,CAR,9.9
4431588,2024_07_CAR_WSH,0,0,0,0,0,0,0,0,6,6,61,0,2024,Ja'Tavion Sanders,CAR,12.1
4431588,2024_08_CAR_DEN,0,0,0,0,0,0,0,0,1,1,7,0,2024,Ja'Tavion Sanders,CAR,1.7
4431588,2024_09_NO_CAR,0,0,0,0,0,0,0,0,4,5,87,0,2024,Ja'Tavion Sanders,CAR,12.7
4431588,2024_10_NYG_CAR,0,0,0,0,0,0,0,0,2,2,8,1,2024,Ja'Tavion Sanders,CAR,8.8
4431588,2024_12_KC_CAR,0,0,0,0,0,0,0,0,3,3,49,0,2024,Ja'Tavion Sanders,CAR,7.9
4431588,2024_14_CAR_PHI,0,0,0,0,0,0,0,0,0,1,0,0,2024,Ja'Tavion Sanders,CAR,0.0
4431588,2024_15_DAL_CAR,0,0,0,0,0,0,0,0,0,1,0,0,2024,Ja'Tavion Sanders,CAR,0.0
4431588,2024_17_CAR_TB,0,0,0,0,0,0,0,0,1,1,5,0,2024,Ja'Tavion Sanders,CAR,1.5
4431588,2024_18_CAR_ATL,0,0,0,0,0,0,0,0,3,5,35,0,2024,Ja'Tavion Sanders,CAR,6.5
4431588,2025_01_CAR_JAX,0,0,0,0,0,0,0,0,2,3,27,0,2025,Ja'Tavion Sanders,CAR,4.7
4431588,2025_02_CAR_ARI,0,0,0,0,0,0,0,0,7,9,54,0,2025,Ja'Tavion Sanders,CAR,12.4
4431588,2025_03_ATL_CAR,0,0,0,0,0,0,0,0,2,2,11,0,2025,Ja'Tavion Sanders,CAR,3.1
4431588,2025_07_CAR_NYJ,0,0,0,0,0,0,0,0,0,2,0,0,2025,Ja'Tavion Sanders,CAR,0.0
4431588,2025_08_BUF_CAR,0,0,0,0,0,0,0,0,3,3,19,0,2025,Ja'Tavion Sanders,CAR,4.9
4431588,2025_09_CAR_GB,0,0,0,0,0,0,0,0,1,1,5,0,2025,Ja'Tavion Sanders,CAR,1.5
4431588,2025_10_NO_CAR,0,0,0,0,0,0,0,0,5,5,32,0,2025,Ja'Tavion Sanders,CAR,8.2
4431588,2025_11_CAR_ATL,0,0,0,0,0,0,0,0,4,4,22,0,2025,Ja'Tavion Sanders,CAR,6.2
4431588,2025_12_CAR_SF,0,0,0,0,0,0,0,0,1,1,6,0,2025,Ja'Tavion Sanders,CAR,1.6
4431588,2025_15_CAR_NO,0,0,0,0,0,0,0,0,2,2,5,0,2025,Ja'Tavion Sanders,CAR,2.5
4431588,2025_16_TB_CAR,0,0,0,0,0,0,0,0,2,2,9,1,2025,Ja'Tavion Sanders,CAR,8.9
3928925,2024_04_NE_SF,0,0,0,0,0,3,15,0,0,1,0,0,2024,JaMycal Hasty,NE,1.5
3928925,2024_06_HOU_NE,0,0,0,0,0,3,12,0,1,2,9,0,2024,JaMycal Hasty,NE,3.1
3928925,2024_07_NE_JAX,0,0,0,0,0,2,-2,0,5,5,49,1,2024,JaMycal Hasty,NE,15.7
3928925,2024_09_NE_TEN,0,0,0,0,0,1,0,0,1,1,-3,0,2024,JaMycal Hasty,NE,0.7
3928925,2024_10_NE_CHI,0,0,0,0,0,6,20,0,1,1,4,0,2024,JaMycal Hasty,NE,3.4
3928925,2024_12_NE_MIA,0,0,0,0,0,1,15,0,2,2,0,0,2024,JaMycal Hasty,NE,3.5
4428943,2025_03_NO_SEA,0,0,0,0,0,5,20,0,0,0,0,0,2025,Jacardia Wright,SEA,2.0
4603186,2025_01_LV_NE,0,0,0,0,0,0,0,0,1,1,23,0,2025,Jack Bech,LV,3.3
4603186,2025_03_LV_WSH,0,0,0,0,0,0,0,0,1,1,10,0,2025,Jack Bech,LV,2.0
4603186,2025_05_LV_IND,0,0,0,0,0,0,0,0,3,5,27,0,2025,Jack Bech,LV,5.7
4603186,2025_06_TEN_LV,0,0,0,0,0,0,0,0,0,1,0,0,2025,Jack Bech,LV,0.0
4603186,2025_07_LV_KC,0,0,0,0,0,0,0,0,2,2,13,0,2025,Jack Bech,LV,3.3
4603186,2025_10_LV_DEN,0,0,0,0,0,0,0,0,0,1,0,0,2025,Jack Bech,LV,0.0
4603186,2025_11_DAL_LV,0,0,0,0,0,0,0,0,1,1,19,0,2025,Jack Bech,LV,2.9
4603186,2025_13_LV_LAC,0,0,0,0,0,0,0,0,2,3,22,0,2025,Jack Bech,LV,4.2
4603186,2025_14_DEN_LV,0,0,0,0,0,0,0,0,6,6,50,0,2025,Jack Bech,LV,11.0
4603186,2025_15_LV_PHI,0,0,0,0,0,0,0,0,2,3,17,0,2025,Jack Bech,LV,3.7
4603186,2025_16_LV_HOU,0,0,0,0,0,0,0,0,2,3,43,0,2025,Jack Bech,LV,6.3
4603186,2025_18_KC_LV,0,0,0,0,0,0,0,0,0,2,0,0,2025,Jack Bech,LV,0.0
4034862,2024_04_PHI_TB,0,0,0,0,0,0,0,0,1,2,4,0,2024,Jack Stoll,PHI,1.4
4034862,2024_08_PHI_CIN,0,0,0,0,0,0,0,0,1,1,6,0,2024,Jack Stoll,PHI,1.6
4034862,2025_03_NO_SEA,0,0,0,0,0,0,0,0,2,3,21,1,2025,Jack Stoll,NO,10.1
4034862,2025_04_NO_BUF,0,0,0,0,0,0,0,0,1,1,7,0,2025,Jack Stoll,NO,1.7
4034862,2025_07_NO_CHI,0,0,0,0,0,0,0,0,0,1,0,0,2025,Jack Stoll,NO,0.0
4034862,2025_08_TB_NO,0,0,0,0,0,0,0,0,0,1,0,0,2025,Jack Stoll,NO,0.0
4034862,2025_12_ATL_NO,0,0,0,0,0,0,0,0,1,1,7,0,2025,Jack Stoll,NO,1.7
4034862,2025_14_NO_TB,0,0,0,0,0,0,0,0,0,1,0,0,2025,Jack Stoll,NO,0.0
4034862,2025_15_CAR_NO,0,0,0,0,0,0,0,0,1,1,7,0,2025,Jack Stoll,NO,1.7
4034862,2025_16_NYJ_NO,0,0,0,0,0,0,0,0,1,2,4,0,2025,Jack Stoll,NO,1.4
4361100,2025_10_NE_TB,0,0,0,0,0,0,0,0,0,1,0,0,2025,Jack Westover,NE,0.0
4361100,2025_18_MIA_NE,0,0,0,0,0,0,0,0,1,1,0,0,2025,Jack Westover,NE,1.0
4573699,2025_01_BAL_BUF,0,0,0,0,0,0,0,0,1,1,29,0,2025,Jackson Hawes,BUF,3.9
4573699,2025_02_BUF_NYJ,0,0,0,0,0,0,0,0,1,1,5,0,2025,Jackson Hawes,BUF,1.5
4573699,2025_03_MIA_BUF,0,0,0,0,0,0,0,0,1,1,5,1,2025,Jackson Hawes,BUF,7.5
4573699,2025_04_NO_BUF,0,0,0,0,0,0,0,0,1,1,15,0,2025,Jackson Hawes,BUF,2.5
4573699,2025_08_BUF_CAR,0,0,0,0,0,0,0,0,2,3,15,0,2025,Jackson Hawes,BUF,3.5
4573699,2025_09_KC_BUF,0,0,0,0,0,0,0,0,1,2,18,0,2025,Jackson Hawes,BUF,2.8
4573699,2025_10_BUF_MIA,0,0,0,0,0,0,0,0,1,2,26,1,2025,Jackson Hawes,BUF,9.6
4573699,2025_12_BUF_HOU,0,0,0,0,0,0,0,0,2,2,26,0,2025,Jackson Hawes,BUF,4.6
4573699,2025_13_BUF_PIT,0,0,0,0,0,0,0,0,1,1,10,0,2025,Jackson Hawes,BUF,2.0
4573699,2025_14_CIN_BUF,0,0,0,0,0,0,0,0,1,1,3,1,2025,Jackson Hawes,BUF,7.3
4573699,2025_15_BUF_NE,0,0,0,0,0,0,0,0,1,1,9,0,2025,Jackson Hawes,BUF,1.9
4573699,2025_16_BUF_CLE,0,0,0,0,0,0,0,0,2,2,26,0,2025,Jackson Hawes,BUF,4.6
4573699,2025_18_NYJ_BUF,0,0,0,0,0,0,0,0,1,1,0,0,2025,Jackson Hawes,BUF,1.0
4575665,2024_07_KC_SF,0,0,0,0,0,0,0,0,2,3,50,0,2024,Jacob Cowing,SF,7.0
4575665,2024_14_CHI_SF,0,0,0,0,0,0,0,0,0,1,0,0,2024,Jacob Cowing,SF,0.0
4575665,2024_18_SF_ARI,0,0,0,0,0,1,7,0,2,2,30,0,2024,Jacob Cowing,SF,5.7
4240911,2024_18_CLE_BAL,0,0,0,0,0,5,24,0,1,3,15,0,2024,Jacob Kibodi,CLE,4.9
2578570,2024_01_NE_CIN,15,24,121,0,0,7,32,0,0,0,0,0,2024,Jacoby Brissett,NE,8.04
2578570,2024_02_SEA_NE,15,27,149,1,0,2,6,0,0,0,0,0,2024,Jacoby Brissett,NE,10.56
2578570,2024_03_NE_NYJ,12,18,98,0,0,0,0,0,0,0,0,0,2024,Jacoby Brissett,NE,3.92
2578570,2024_04_NE_SF,19,32,168,1,1,2,3,0,0,0,0,0,2024,Jacoby Brissett,NE,10.02
2578570,2024_05_MIA_NE,18,34,160,0,0,1,10,0,0,0,0,0,2024,Jacoby Brissett,NE,7.4
2578570,2024_08_NYJ_NE,15,24,132,0,0,3,11,0,0,0,0,0,2024,Jacoby Brissett,NE,6.38
2578570,2025_06_ARI_IND,27,44,320,2,1,3,19,0,0,0,0,0,2025,Jacoby Brissett,ARI,21.7
2578570,2025_07_GB_ARI,25,36,279,2,0,6,26,0,0,0,0,0,2025,Jacoby Brissett,ARI,21.76
2578570,2025_09_ARI_DAL,21,31,261,2,0,5,4,1,0,0,0,0,2025,Jacoby Brissett,ARI,24.84
2578570,2025_10_ARI_SEA,22,44,258,2,0,4,31,0,0,0,0,0,2025,Jacoby Brissett,ARI,21.42
2578570,2025_11_SF_ARI,47,57,452,2,2,2,-2,0,0,0,0,0,2025,Jacoby Brissett,ARI,23.88
2578570,2025_12_JAX_ARI,33,49,317,1,0,3,20,0,0,0,0,0,2025,Jacoby Brissett,ARI,18.68
2578570,2025_13_ARI_TB,29,40,301,2,1,3,16,0,0,0,0,0,2025,Jacoby Brissett,ARI,20.64
2578570,2025_14_LAR_ARI,25,44,271,2,1,4,22,0,0,0,0,0,2025,Jacoby Brissett,ARI,20.04
2578570,2025_15_ARI_HOU,27,40,249,3,1,3,6,0,0,0,0,0,2025,Jacoby Brissett,ARI,21.56
2578570,2025_16_ATL_ARI,16,31,203,1,1,1,5,0,0,0,0,0,2025,Jacoby Brissett,ARI,11.62
2578570,2025_17_ARI_CIN,21,37,212,2,0,0,0,0,0,0,0,0,2025,Jacoby Brissett,ARI,16.48
2578570,2025_18_ARI_LAR,22,31,243,2,1,3,19,0,0,0,0,0,2025,Jacoby Brissett,ARI,18.62
5083297,2025_11_WSH_MIA,0,0,0,0,0,0,0,0,1,1,25,0,2025,Jacoby Jones,WSH,3.5
4575131,2025_01_NYG_WSH,0,0,0,0,0,10,82,1,0,1,0,0,2025,Jacory Croskey-Merritt,WSH,14.2
4575131,2025_02_WSH_GB,0,0,0,0,0,4,17,0,0,1,0,0,2025,Jacory Croskey-Merritt,WSH,1.7
4575131,2025_03_LV_WSH,0,0,0,0,0,8,26,1,1,1,5,0,2025,Jacory Croskey-Merritt,WSH,10.1
4575131,2025_04_WSH_ATL,0,0,0,0,0,7,47,0,2,2,10,0,2025,Jacory Croskey-Merritt,WSH,7.7
4575131,2025_05_WSH_LAC,0,0,0,0,0,14,111,2,2,2,39,0,2025,Jacory Croskey-Merritt,WSH,29.0
4575131,2025_06_CHI_WSH,0,0,0,0,0,17,61,0,1,1,7,0,2025,Jacory Croskey-Merritt,WSH,7.8
4575131,2025_07_WSH_DAL,0,0,0,0,0,13,33,0,1,2,-1,0,2025,Jacory Croskey-Merritt,WSH,4.2
4575131,2025_08_WSH_KC,0,0,0,0,0,9,25,0,0,1,0,0,2025,Jacory Croskey-Merritt,WSH,2.5
4575131,2025_09_SEA_WSH,0,0,0,0,0,12,38,0,1,1,3,0,2025,Jacory Croskey-Merritt,WSH,5.1
4575131,2025_10_DET_WSH,0,0,0,0,0,11,30,0,0,0,0,0,2025,Jacory Croskey-Merritt,WSH,3.0
4575131,2025_11_WSH_MIA,0,0,0,0,0,9,28,0,1,1,5,0,2025,Jacory Croskey-Merritt,WSH,4.3
4575131,2025_13_DEN_WSH,0,0,0,0,0,4,20,0,0,0,0,0,2025,Jacory Croskey-Merritt,WSH,2.0
4575131,2025_14_WSH_MIN,0,0,0,0,0,7,32,0,0,0,0,0,2025,Jacory Croskey-Merritt,WSH,3.2
4575131,2025_15_WSH_NYG,0,0,0,0,0,18,96,1,0,0,0,0,2025,Jacory Croskey-Merritt,WSH,15.6
4575131,2025_16_PHI_WSH,0,0,0,0,0,8,25,1,0,0,0,0,2025,Jacory Croskey-Merritt,WSH,8.5
4575131,2025_17_DAL_WSH,0,0,0,0,0,11,105,2,0,0,0,0,2025,Jacory Croskey-Merritt,WSH,22.5
4575131,2025_18_WSH_PHI,0,0,0,0,0,13,29,0,0,0,0,0,2025,Jacory Croskey-Merritt,WSH,2.9
4243830,2024_06_CLE_PHI,0,0,0,0,0,0,0,0,1,1,6,0,2024,Jaelon Darden,CLE,1.6
4361409,2024_01_GB_PHI,0,0,0,0,0,0,0,0,0,1,0,0,2024,Jahan Dotson,PHI,0.0
4361409,2024_02_ATL_PHI,0,0,0,0,0,0,0,0,1,1,6,0,2024,Jahan Dotson,PHI,1.6
4361409,2024_03_PHI_NO,0,0,0,0,0,0,0,0,2,3,8,0,2024,Jahan Dotson,PHI,2.8
4361409,2024_04_PHI_TB,0,0,0,0,0,0,0,0,2,4,11,0,2024,Jahan Dotson,PHI,3.1
4361409,2024_06_CLE_PHI,0,0,0,0,0,1,13,0,1,3,10,0,2024,Jahan Dotson,PHI,3.3
4361409,2024_07_PHI_NYG,0,0,0,0,0,0,0,0,0,1,0,0,2024,Jahan Dotson,PHI,0.0
4361409,2024_09_JAX_PHI,0,0,0,0,0,0,0,0,1,1,36,0,2024,Jahan Dotson,PHI,4.6
4361409,2024_10_PHI_DAL,0,0,0,0,0,0,0,0,1,1,27,0,2024,Jahan Dotson,PHI,3.7
4361409,2024_11_WSH_PHI,0,0,0,0,0,0,0,0,1,2,8,0,2024,Jahan Dotson,PHI,1.8
4361409,2024_12_PHI_LAR,0,0,0,0,0,0,0,0,1,1,4,0,2024,Jahan Dotson,PHI,1.4
4361409,2024_13_PHI_BAL,0,0,0,0,0,0,0,0,1,1,7,0,2024,Jahan Dotson,PHI,1.7
4361409,2024_14_CAR_PHI,0,0,0,0,0,0,0,0,1,2,5,0,2024,Jahan Dotson,PHI,1.5
4361409,2024_15_PIT_PHI,0,0,0,0,0,0,0,0,0,1,0,0,2024,Jahan Dotson,PHI,0.0
4361409,2024_18_NYG_PHI,0,0,0,0,0,0,0,0,7,11,94,0,2024,Jahan Dotson,PHI,16.4
4361409,2025_01_DAL_PHI,0,0,0,0,0,0,0,0,3,3,59,0,2025,Jahan Dotson,PHI,8.9
4361409,2025_02_PHI_KC,0,0,0,0,0,0,0,0,1,1,4,0,2025,Jahan Dotson,PHI,1.4
4361409,2025_03_LAR_PHI,0,0,0,0,0,0,0,0,1,3,7,0,2025,Jahan Dotson,PHI,1.7
4361409,2025_05_DEN_PHI,0,0,0,0,0,0,0,0,1,3,24,0,2025,Jahan Dotson,PHI,3.4
4361409,2025_06_PHI_NYG,0,0,0,0,0,0,0,0,1,2,17,0,2025,Jahan Dotson,PHI,2.7
4361409,2025_08_NYG_PHI,0,0,0,0,0,0,0,0,1,2,40,1,2025,Jahan Dotson,PHI,11.0
4361409,2025_10_PHI_GB,0,0,0,0,0,0,0,0,0,1,0,0,2025,Jahan Dotson,PHI,0.0
4361409,2025_11_DET_PHI,0,0,0,0,0,0,0,0,2,2,43,0,2025,Jahan Dotson,PHI,6.3
4361409,2025_12_PHI_DAL,0,0,0,0,0,0,0,0,0,1,0,0,2025,Jahan Dotson,PHI,0.0
4361409,2025_13_CHI_PHI,0,0,0,0,0,0,0,0,1,3,12,0,2025,Jahan Dotson,PHI,2.2
4361409,2025_14_PHI_LAC,0,0,0,0,0,0,0,0,1,3,3,0,2025,Jahan Dotson,PHI,1.3
4361409,2025_16_PHI_WSH,0,0,0,0,0,0,0,0,3,3,13,0,2025,Jahan Dotson,PHI,4.3
4361409,2025_17_PHI_BUF,0,0,0,0,0,0,0,0,0,1,0,0,2025,Jahan Dotson,PHI,0.0
4361409,2025_18_WSH_PHI,0,0,0,0,0,0,0,0,3,8,40,0,2025,Jahan Dotson,PHI,7.0
5160110,2025_16_GB_CHI,0,0,0,0,0,0,0,0,2,3,21,1,2025,Jahdae Walker,CHI,10.1
5160110,2025_17_CHI_SF,0,0,0,0,0,0,0,0,2,4,30,0,2025,Jahdae Walker,CHI,5.0
5160110,2025_18_DET_CHI,0,0,0,0,0,0,0,0,2,3,36,1,2025,Jahdae Walker,CHI,11.6
4429262,2024_09_NE_TEN,0,0,0,0,0,0,0,0,1,1,1,0,2024,Jaheim Bell,NE,1.1
4429262,2024_11_LAR_NE,0,0,0,0,0,0,0,0,0,1,0,0,2024,Jaheim Bell,NE,0.0
4429262,2024_18_BUF_NE,0,0,0,0,0,0,0,0,1,1,19,0,2024,Jaheim Bell,NE,2.9
4429795,2024_01_LAR_DET,0,0,0,0,0,11,40,1,4,6,34,0,2024,Jahmyr Gibbs,DET,17.4
4429795,2024_02_TB_DET,0,0,0,0,0,13,84,0,7,7,22,0,2024,Jahmyr Gibbs,DET,17.6
4429795,2024_03_DET_ARI,0,0,0,0,0,16,83,0,0,0,20,1,2024,Jahmyr Gibbs,DET,16.3
4429795,2024_04_SEA_DET,0,0,0,0,0,14,78,2,0,0,0,0,2024,Jahmyr Gibbs,DET,19.8
4429795,2024_06_DET_DAL,0,0,0,0,0,12,63,0,3,5,28,0,2024,Jahmyr Gibbs,DET,12.1
4429795,2024_07_DET_MIN,0,0,0,0,0,15,116,2,4,4,44,0,2024,Jahmyr Gibbs,DET,32.0
4429795,2024_08_TEN_DET,0,0,0,0,0,11,127,1,1,1,6,0,2024,Jahmyr Gibbs,DET,20.3
4429795,2024_09_DET_GB,0,0,0,0,0,11,65,1,1,2,11,0,2024,Jahmyr Gibbs,DET,14.6
4429795,2024_10_DET_HOU,0,0,0,0,0,19,71,0,2,3,37,0,2024,Jahmyr Gibbs,DET,12.8
4429795,2024_11_JAX_DET,0,0,0,0,0,11,69,1,1,1,54,0,2024,Jahmyr Gibbs,DET,19.3
4429795,2024_12_DET_IND,0,0,0,0,0,21,90,2,3,3,9,0,2024,Jahmyr Gibbs,DET,24.9
4429795,2024_13_CHI_DET,0,0,0,0,0,9,87,0,2,4,17,0,2024,Jahmyr Gibbs,DET,12.4
4429795,2024_14_GB_DET,0,0,0,0,0,15,43,0,6,6,30,1,2024,Jahmyr Gibbs,DET,19.3
4429795,2024_15_BUF_DET,0,0,0,0,0,8,31,1,5,7,83,1,2024,Jahmyr Gibbs,DET,28.4
4429795,2024_16_DET_CHI,0,0,0,0,0,23,109,1,4,5,45,0,2024,Jahmyr Gibbs,DET,25.4
4429795,2024_17_DET_SF,0,0,0,0,0,18,117,1,4,4,46,0,2024,Jahmyr Gibbs,DET,26.3
4429795,2024_18_MIN_DET,0,0,0,0,0,23,139,3,5,5,31,1,2024,Jahmyr Gibbs,DET,46.0
4429795,2025_01_DET_GB,0,0,0,0,0,9,19,0,10,10,31,0,2025,Jahmyr Gibbs,DET,15.0
4429795,2025_02_CHI_DET,0,0,0,0,0,12,94,1,3,3,10,0,2025,Jahmyr Gibbs,DET,19.4
4429795,2025_03_DET_BAL,0,0,0,0,0,22,67,2,5,6,32,0,2025,Jahmyr Gibbs,DET,26.9
4429795,2025_04_CLE_DET,0,0,0,0,0,15,91,1,2,2,6,0,2025,Jahmyr Gibbs,DET,17.7
4429795,2025_05_DET_CIN,0,0,0,0,0,12,54,0,2,2,33,1,2025,Jahmyr Gibbs,DET,16.7
4429795,2025_06_DET_KC,0,0,0,0,0,17,65,0,1,2,0,0,2025,Jahmyr Gibbs,DET,7.5
4429795,2025_07_TB_DET,0,0,0,0,0,17,136,2,3,3,82,0,2025,Jahmyr Gibbs,DET,36.8
4429795,2025_09_MIN_DET,0,0,0,0,0,9,25,0,3,3,3,0,2025,Jahmyr Gibbs,DET,5.8
4429795,2025_10_DET_WSH,0,0,0,0,0,15,142,2,3,4,30,1,2025,Jahmyr Gibbs,DET,38.2
4429795,2025_11_DET_PHI,0,0,0,0,0,12,39,0,5,8,107,0,2025,Jahmyr Gibbs,DET,19.6
4429795,2025_12_NYG_DET,0,0,0,0,0,15,219,2,11,12,45,1,2025,Jahmyr Gibbs,DET,55.4
4429795,2025_13_GB_DET,0,0,0,0,0,20,68,0,3,4,18,0,2025,Jahmyr Gibbs,DET,11.6
4429795,2025_14_DAL_DET,0,0,0,0,0,12,43,3,7,7,77,0,2025,Jahmyr Gibbs,DET,37.0
4429795,2025_15_DET_LAR,0,0,0,0,0,13,38,0,4,7,20,0,2025,Jahmyr Gibbs,DET,9.8
4429795,2025_16_PIT_DET,0,0,0,0,0,7,2,0,10,13,66,1,2025,Jahmyr Gibbs,DET,22.8
4429795,2025_17_DET_MIN,0,0,0,0,0,17,41,0,2,3,23,0,2025,Jahmyr Gibbs,DET,8.4
4429795,2025_18_DET_CHI,0,0,0,0,0,19,80,0,3,5,33,1,2025,Jahmyr Gibbs,DET,20.3
4360405,2024_02_SEA_NE,0,0,0,0,0,0,0,0,2,2,15,0,2024,Jake Bobo,SEA,3.5
4360405,2024_04_SEA_DET,0,0,0,0,0,0,0,0,3,3,30,0,2024,Jake Bobo,SEA,6.0
4360405,2024_05_NYG_SEA,0,0,0,0,0,0,0,0,1,1,3,0,2024,Jake Bobo,SEA,1.3
4360405,2024_06_SF_SEA,0,0,0,0,0,0,0,0,2,4,18,0,2024,Jake Bobo,SEA,3.8
4360405,2024_07_SEA_ATL,0,0,0,0,0,0,0,0,0,1,0,0,2024,Jake Bobo,SEA,0.0
4360405,2024_08_BUF_SEA,0,0,0,0,0,0,0,0,1,1,15,0,2024,Jake Bobo,SEA,2.5
4360405,2024_09_LAR_SEA,0,0,0,0,0,0,0,0,0,1,0,0,2024,Jake Bobo,SEA,0.0
4360405,2024_12_ARI_SEA,0,0,0,0,0,0,0,0,1,1,8,0,2024,Jake Bobo,SEA,1.8
4360405,2024_15_GB_SEA,0,0,0,0,0,0,0,0,1,1,8,0,2024,Jake Bobo,SEA,1.8
4360405,2024_16_MIN_SEA,0,0,0,0,0,0,0,0,1,1,6,0,2024,Jake Bobo,SEA,1.6
4360405,2024_18_SEA_LAR,0,0,0,0,0,0,0,0,1,1,4,1,2024,Jake Bobo,SEA,7.4
4360405,2025_04_SEA_ARI,0,0,0,0,0,0,0,0,1,1,17,0,2025,Jake Bobo,SEA,2.7
4360405,2025_07_HOU_SEA,0,0,0,0,0,0,0,0,1,1,3,0,2025,Jake Bobo,SEA,1.3
3886812,2025_02_JAX_CIN,21,32,241,2,3,1,1,1,0,0,0,0,2025,Jake Browning,CIN,20.74
3886812,2025_03_CIN_MIN,19,27,140,1,2,1,3,0,0,0,0,0,2025,Jake Browning,CIN,7.9
3886812,2025_04_CIN_DEN,14,25,125,0,0,3,4,0,0,0,0,0,2025,Jake Browning,CIN,5.4
3886812,2025_05_DET_CIN,26,40,251,3,3,4,31,0,0,0,0,0,2025,Jake Browning,CIN,22.14
4242355,2024_01_DAL_CLE,0,0,0,0,0,0,0,0,3,5,15,0,2024,Jake Ferguson,DAL,4.5
4242355,2024_03_BAL_DAL,0,0,0,0,0,0,0,0,6,11,95,0,2024,Jake Ferguson,DAL,15.5
4242355,2024_04_DAL_NYG,0,0,0,0,0,0,0,0,7,7,49,0,2024,Jake Ferguson,DAL,11.9
4242355,2024_05_DAL_PIT,0,0,0,0,0,0,0,0,6,7,70,0,2024,Jake Ferguson,DAL,13.0
4242355,2024_06_DET_DAL,0,0,0,0,0,0,0,0,3,4,11,0,2024,Jake Ferguson,DAL,4.1
4242355,2024_08_DAL_SF,0,0,0,0,0,0,0,0,6,8,23,0,2024,Jake Ferguson,DAL,8.3
4242355,2024_09_DAL_ATL,0,0,0,0,0,0,0,0,7,10,71,0,2024,Jake Ferguson,DAL,14.1
4242355,2024_10_PHI_DAL,0,0,0,0,0,0,0,0,4,5,24,0,2024,Jake Ferguson,DAL,6.4
4242355,2024_11_HOU_DAL,0,0,0,0,0,0,0,0,1,1,11,0,2024,Jake Ferguson,DAL,2.1
4242355,2024_14_CIN_DAL,0,0,0,0,0,0,0,0,3,6,32,0,2024,Jake Ferguson,DAL,6.2
4242355,2024_15_DAL_CAR,0,0,0,0,0,0,0,0,2,4,23,0,2024,Jake Ferguson,DAL,4.3
4242355,2024_16_TB_DAL,0,0,0,0,0,0,0,0,6,9,40,0,2024,Jake Ferguson,DAL,10.0
4242355,2024_17_DAL_PHI,0,0,0,0,0,0,0,0,3,5,18,0,2024,Jake Ferguson,DAL,4.8
4242355,2024_18_WSH_DAL,0,0,0,0,0,0,0,0,2,4,12,0,2024,Jake Ferguson,DAL,3.2
4242355,2025_01_DAL_PHI,0,0,0,0,0,0,0,0,5,6,23,0,2025,Jake Ferguson,DAL,7.3
4242355,2025_02_NYG_DAL,0,0,0,0,0,0,0,0,9,12,78,0,2025,Jake Ferguson,DAL,16.8
4242355,2025_03_DAL_CHI,0,0,0,0,0,0,0,0,13,14,82,0,2025,Jake Ferguson,DAL,21.2
4242355,2025_04_GB_DAL,0,0,0,0,0,0,0,0,7,7,40,1,2025,Jake Ferguson,DAL,17.0
4242355,2025_05_DAL_NYJ,0,0,0,0,0,0,0,0,7,9,49,2,2025,Jake Ferguson,DAL,23.9
4242355,2025_06_DAL_CAR,0,0,0,0,0,0,0,0,3,3,33,1,2025,Jake Ferguson,DAL,12.3
4242355,2025_07_WSH_DAL,0,0,0,0,0,0,0,0,7,7,29,2,2025,Jake Ferguson,DAL,21.9
4242355,2025_08_DAL_DEN,0,0,0,0,0,0,0,0,0,1,0,0,2025,Jake Ferguson,DAL,0.0
4242355,2025_09_ARI_DAL,0,0,0,0,0,0,0,0,5,7,50,0,2025,Jake Ferguson,DAL,10.0
4242355,2025_11_DAL_LV,0,0,0,0,0,0,0,0,4,5,16,1,2025,Jake Ferguson,DAL,11.6
4242355,2025_12_PHI_DAL,0,0,0,0,0,1,1,0,5,6,60,0,2025,Jake Ferguson,DAL,11.1
4242355,2025_13_KC_DAL,0,0,0,0,0,0,0,0,5,6,36,0,2025,Jake Ferguson,DAL,8.6
4242355,2025_14_DAL_DET,0,0,0,0,0,0,0,0,5,7,58,0,2025,Jake Ferguson,DAL,10.8
4242355,2025_15_MIN_DAL,0,0,0,0,0,0,0,0,2,4,16,0,2025,Jake Ferguson,DAL,3.6
4242355,2025_16_LAC_DAL,0,0,0,0,0,0,0,0,3,4,19,0,2025,Jake Ferguson,DAL,4.9
4242355,2025_17_DAL_WSH,0,0,0,0,0,0,0,0,1,2,6,1,2025,Jake Ferguson,DAL,7.6
4242355,2025_18_DAL_NYG,0,0,0,0,0,0,0,0,1,2,5,0,2025,Jake Ferguson,DAL,1.5
4243322,2024_02_NO_DAL,0,0,0,0,0,3,-3,0,0,0,0,0,2024,Jake Haener,NO,-0.3
4243322,2024_05_NO_KC,2,7,17,0,0,2,11,0,0,0,0,0,2024,Jake Haener,NO,1.78
4243322,2024_08_NO_LAC,9,17,122,0,0,2,10,0,0,0,0,0,2024,Jake Haener,NO,5.88
4243322,2024_15_WSH_NO,4,10,49,0,1,1,7,0,0,0,0,0,2024,Jake Haener,NO,1.66
16713,2025_16_ATL_ARI,0,0,0,0,0,0,0,0,0,1,0,0,2025,Jake Matthews,ATL,0.0
4259147,2025_01_SF_SEA,0,0,0,0,0,0,0,0,3,3,15,1,2025,Jake Tonges,SF,10.5
4259147,2025_02_SF_NO,0,0,0,0,0,0,0,0,4,5,31,0,2025,Jake Tonges,SF,7.1
4259147,2025_03_ARI_SF,0,0,0,0,0,0,0,0,2,3,21,0,2025,Jake Tonges,SF,4.1
4259147,2025_04_JAX_SF,0,0,0,0,0,0,0,0,3,5,58,1,2025,Jake Tonges,SF,14.8
4259147,2025_05_SF_LAR,0,0,0,0,0,0,0,0,7,11,41,1,2025,Jake Tonges,SF,17.1
4259147,2025_06_SF_TB,0,0,0,0,0,0,0,0,6,7,58,0,2025,Jake Tonges,SF,11.8
4259147,2025_08_SF_HOU,0,0,0,0,0,0,0,0,1,1,2,1,2025,Jake Tonges,SF,7.2
4259147,2025_16_SF_IND,0,0,0,0,0,0,0,0,1,2,7,0,2025,Jake Tonges,SF,1.7
4259147,2025_17_CHI_SF,0,0,0,0,0,0,0,0,7,9,60,1,2025,Jake Tonges,SF,19.0
3916433,2024_01_LV_LAC,0,0,0,0,0,1,3,0,3,3,61,0,2024,Jakobi Meyers,LV,9.4
3916433,2024_02_LV_BAL,0,0,0,0,0,0,0,0,4,5,29,0,2024,Jakobi Meyers,LV,6.9
3916433,2024_03_CAR_LV,0,0,0,0,0,0,0,0,7,9,62,1,2024,Jakobi Meyers,LV,19.2
3916433,2024_04_CLE_LV,0,0,0,0,0,0,0,0,5,10,49,0,2024,Jakobi Meyers,LV,9.9
3916433,2024_05_LV_DEN,0,0,0,0,0,0,0,0,6,9,72,0,2024,Jakobi Meyers,LV,13.2
3916433,2024_08_KC_LV,0,0,0,0,0,0,0,0,6,7,52,1,2024,Jakobi Meyers,LV,17.2
3916433,2024_09_LV_CIN,0,0,0,0,0,0,0,0,8,11,105,0,2024,Jakobi Meyers,LV,18.5
3916433,2024_11_LV_MIA,0,0,0,0,0,1,20,0,4,6,28,0,2024,Jakobi Meyers,LV,8.8
3916433,2024_12_DEN_LV,0,0,0,0,0,0,0,0,10,15,121,0,2024,Jakobi Meyers,LV,22.1
3916433,2024_13_LV_KC,0,0,0,0,0,0,0,0,6,11,97,0,2024,Jakobi Meyers,LV,15.7
3916433,2024_14_LV_TB,0,0,0,0,0,0,0,0,7,10,67,0,2024,Jakobi Meyers,LV,13.7
3916433,2024_15_ATL_LV,0,0,0,0,0,0,0,0,5,9,59,0,2024,Jakobi Meyers,LV,10.9
3916433,2024_16_JAX_LV,0,0,0,0,0,0,0,0,2,5,41,0,2024,Jakobi Meyers,LV,6.1
3916433,2024_17_LV_NO,0,0,0,0,0,0,0,0,5,9,61,1,2024,Jakobi Meyers,LV,17.1
3916433,2024_18_LAC_LV,0,0,0,0,0,0,0,0,9,10,123,1,2024,Jakobi Meyers,LV,27.3
3916433,2025_01_LV_NE,0,0,0,0,0,0,0,0,8,10,97,0,2025,Jakobi Meyers,LV,17.7
3916433,2025_02_LAC_LV,0,0,0,0,0,0,0,0,6,12,68,0,2025,Jakobi Meyers,LV,12.8
3916433,2025_03_LV_WSH,0,0,0,0,0,0,0,0,3,4,63,0,2025,Jakobi Meyers,LV,9.3
3916433,2025_04_CHI_LV,0,0,0,0,0,0,0,0,4,7,30,0,2025,Jakobi Meyers,LV,7.0
3916433,2025_05_LV_IND,0,0,0,0,0,0,0,0,4,6,32,0,2025,Jakobi Meyers,LV,7.2
3916433,2025_06_TEN_LV,0,0,0,0,0,0,0,0,4,4,39,0,2025,Jakobi Meyers,LV,7.9
3916433,2025_09_JAX_LV,0,0,0,0,0,0,0,0,4,6,23,0,2025,Jakobi Meyers,LV,6.3
3916433,2025_10_JAX_HOU,0,0,0,0,0,0,0,0,3,3,41,0,2025,Jakobi Meyers,JAX,7.1
3916433,2025_11_LAC_JAX,0,0,0,0,0,0,0,0,5,6,64,0,2025,Jakobi Meyers,JAX,11.4
3916433,2025_12_JAX_ARI,0,0,0,0,0,0,0,0,4,6,50,1,2025,Jakobi Meyers,JAX,15.0
3916433,2025_13_JAX_TEN,0,0,0,0,0,1,3,0,6,6,90,1,2025,Jakobi Meyers,JAX,21.3
3916433,2025_14_IND_JAX,0,0,0,0,0,3,9,0,4,10,39,1,2025,Jakobi Meyers,JAX,14.8
3916433,2025_15_NYJ_JAX,0,0,0,0,0,0,0,0,5,7,71,0,2025,Jakobi Meyers,JAX,12.1
3916433,2025_16_JAX_DEN,0,0,0,0,0,1,1,0,4,8,45,0,2025,Jakobi Meyers,JAX,8.6
3916433,2025_17_JAX_IND,0,0,0,0,0,0,0,0,6,9,39,0,2025,Jakobi Meyers,JAX,9.9
3916433,2025_18_TEN_JAX,0,0,0,0,0,0,0,0,5,6,44,0,2025,Jakobi Meyers,JAX,9.4
5178972,2025_18_GB_MIN,0,0,0,0,0,0,0,0,2,2,15,0,2025,Jakobie Keeney-James,GB,3.5
4722893,2024_01_DEN_SEA,0,0,0,0,0,10,27,0,5,5,1,0,2024,Jaleel McLaughlin,DEN,7.8
4722893,2024_02_PIT_DEN,0,0,0,0,0,3,6,0,0,0,0,0,2024,Jaleel McLaughlin,DEN,0.6
4722893,2024_03_DEN_TB,0,0,0,0,0,5,7,1,1,1,7,0,2024,Jaleel McLaughlin,DEN,8.4
4722893,2024_04_DEN_NYJ,0,0,0,0,0,9,46,0,1,1,0,0,2024,Jaleel McLaughlin,DEN,5.6
4722893,2024_05_LV_DEN,0,0,0,0,0,6,22,0,3,4,3,1,2024,Jaleel McLaughlin,DEN,11.5
4722893,2024_06_LAC_DEN,0,0,0,0,0,3,8,0,2,2,17,0,2024,Jaleel McLaughlin,DEN,4.5
4722893,2024_07_DEN_NO,0,0,0,0,0,4,35,0,0,0,0,0,2024,Jaleel McLaughlin,DEN,3.5
4722893,2024_08_CAR_DEN,0,0,0,0,0,8,47,0,1,1,9,1,2024,Jaleel McLaughlin,DEN,12.6
4722893,2024_09_DEN_BAL,0,0,0,0,0,5,10,0,3,3,10,0,2024,Jaleel McLaughlin,DEN,5.0
4722893,2024_11_ATL_DEN,0,0,0,0,0,4,19,0,0,0,0,0,2024,Jaleel McLaughlin,DEN,1.9
4722893,2024_12_DEN_LV,0,0,0,0,0,7,44,0,0,1,0,0,2024,Jaleel McLaughlin,DEN,4.4
4722893,2024_13_CLE_DEN,0,0,0,0,0,14,84,0,1,2,0,0,2024,Jaleel McLaughlin,DEN,9.4
4722893,2024_15_IND_DEN,0,0,0,0,0,7,21,0,3,3,13,0,2024,Jaleel McLaughlin,DEN,6.4
4722893,2024_17_DEN_CIN,0,0,0,0,0,10,69,0,2,2,7,0,2024,Jaleel McLaughlin,DEN,9.6
4722893,2024_18_KC_DEN,0,0,0,0,0,16,39,0,2,2,9,0,2024,Jaleel McLaughlin,DEN,6.8
4722893,2025_06_DEN_NYJ,0,0,0,0,0,1,0,0,0,1,0,0,2025,Jaleel McLaughlin,DEN,0.0
4722893,2025_11_KC_DEN,0,0,0,0,0,6,19,1,1,1,-5,0,2025,Jaleel McLaughlin,DEN,8.4
4722893,2025_13_DEN_WSH,0,0,0,0,0,6,24,0,1,1,6,0,2025,Jaleel McLaughlin,DEN,4.0
4722893,2025_14_DEN_LV,0,0,0,0,0,4,22,0,1,1,9,0,2025,Jaleel McLaughlin,DEN,4.1
4722893,2025_16_JAX_DEN,0,0,0,0,0,5,37,0,0,0,0,0,2025,Jaleel McLaughlin,DEN,3.7
4722893,2025_17_DEN_KC,0,0,0,0,0,7,40,0,0,0,0,0,2025,Jaleel McLaughlin,DEN,4.0
4722893,2025_18_LAC_DEN,0,0,0,0,0,6,41,0,1,2,17,0,2025,Jaleel McLaughlin,DEN,6.8
4692835,2024_01_DAL_CLE,0,0,0,0,0,0,0,0,1,1,18,0,2024,Jalen Brooks,DAL,2.8
4692835,2024_02_NO_DAL,0,0,0,0,0,0,0,0,1,3,10,0,2024,Jalen Brooks,DAL,2.0
4692835,2024_03_BAL_DAL,0,0,0,0,0,0,0,0,1,3,24,0,2024,Jalen Brooks,DAL,3.4
4692835,2024_05_DAL_PIT,0,0,0,0,0,0,0,0,1,1,10,0,2024,Jalen Brooks,DAL,2.0
4692835,2024_06_DET_DAL,0,0,0,0,0,0,0,0,1,6,15,0,2024,Jalen Brooks,DAL,2.5
4692835,2024_08_DAL_SF,0,0,0,0,0,0,0,0,0,1,0,0,2024,Jalen Brooks,DAL,0.0
4692835,2024_09_DAL_ATL,0,0,0,0,0,0,0,0,2,5,26,0,2024,Jalen Brooks,DAL,4.6
4692835,2024_10_PHI_DAL,0,0,0,0,0,0,0,0,1,4,4,0,2024,Jalen Brooks,DAL,1.4
4692835,2024_12_DAL_WSH,0,0,0,0,0,0,0,0,1,3,41,0,2024,Jalen Brooks,DAL,5.1
4692835,2024_13_NYG_DAL,0,0,0,0,0,0,0,0,1,1,0,0,2024,Jalen Brooks,DAL,1.0
4692835,2024_15_DAL_CAR,0,0,0,0,0,0,0,0,1,1,17,1,2024,Jalen Brooks,DAL,8.7
4692835,2024_17_DAL_PHI,0,0,0,0,0,0,0,0,1,1,12,0,2024,Jalen Brooks,DAL,2.2
4692835,2025_14_LAR_ARI,0,0,0,0,0,0,0,0,2,3,32,0,2025,Jalen Brooks,ARI,5.2
4692835,2025_15_ARI_HOU,0,0,0,0,0,0,0,0,1,3,19,0,2025,Jalen Brooks,ARI,2.9
4695883,2024_04_CIN_CAR,0,0,0,0,0,0,0,0,0,1,0,0,2024,Jalen Coker,CAR,0.0
4695883,2024_05_CAR_CHI,0,0,0,0,0,0,0,0,4,4,68,0,2024,Jalen Coker,CAR,10.8
4695883,2024_06_ATL_CAR,0,0,0,0,0,0,0,0,3,3,30,0,2024,Jalen Coker,CAR,6.0
4695883,2024_07_CAR_WSH,0,0,0,0,0,0,0,0,1,1,10,0,2024,Jalen Coker,CAR,2.0
4695883,2024_08_CAR_DEN,0,0,0,0,0,0,0,0,4,6,78,1,2024,Jalen Coker,CAR,17.8
4695883,2024_09_NO_CAR,0,0,0,0,0,0,0,0,2,3,36,0,2024,Jalen Coker,CAR,5.6
4695883,2024_10_NYG_CAR,0,0,0,0,0,0,0,0,3,8,41,0,2024,Jalen Coker,CAR,7.1
4695883,2024_15_DAL_CAR,0,0,0,0,0,0,0,0,4,6,110,1,2024,Jalen Coker,CAR,21.0
4695883,2024_16_ARI_CAR,0,0,0,0,0,0,0,0,2,5,8,0,2024,Jalen Coker,CAR,2.8
4695883,2024_17_CAR_TB,0,0,0,0,0,0,0,0,2,2,35,0,2024,Jalen Coker,CAR,5.5
4695883,2024_18_CAR_ATL,1,1,19,0,0,0,0,0,7,7,62,0,2024,Jalen Coker,CAR,13.96
4695883,2025_07_CAR_NYJ,0,0,0,0,0,0,0,0,0,2,0,0,2025,Jalen Coker,CAR,0.0
4695883,2025_08_BUF_CAR,0,0,0,0,0,0,0,0,3,4,36,0,2025,Jalen Coker,CAR,6.6
4695883,2025_09_CAR_GB,0,0,0,0,0,0,0,0,1,1,9,0,2025,Jalen Coker,CAR,1.9
4695883,2025_10_NO_CAR,0,0,0,0,0,0,0,0,3,4,21,0,2025,Jalen Coker,CAR,5.1
4695883,2025_11_CAR_ATL,0,0,0,0,0,0,0,0,4,4,52,0,2025,Jalen Coker,CAR,9.2
4695883,2025_12_CAR_SF,0,0,0,0,0,0,0,0,3,4,32,0,2025,Jalen Coker,CAR,6.2
4695883,2025_13_LAR_CAR,0,0,0,0,0,0,0,0,4,6,74,1,2025,Jalen Coker,CAR,17.4
4695883,2025_15_CAR_NO,0,0,0,0,0,0,0,0,4,4,60,1,2025,Jalen Coker,CAR,16.0
4695883,2025_16_TB_CAR,0,0,0,0,0,0,0,0,3,5,47,0,2025,Jalen Coker,CAR,7.7
4695883,2025_17_SEA_CAR,0,0,0,0,0,0,0,0,2,2,16,0,2025,Jalen Coker,CAR,3.6
4695883,2025_18_CAR_TB,0,0,0,0,0,0,0,0,6,7,47,1,2025,Jalen Coker,CAR,16.7
4040715,2024_01_GB_PHI,20,34,278,2,2,13,33,0,0,0,0,0,2024,Jalen Hurts,PHI,20.42
4040715,2024_02_ATL_PHI,23,30,183,1,1,13,85,1,0,0,0,0,2024,Jalen Hurts,PHI,24.82
4040715,2024_03_PHI_NO,29,38,311,0,1,8,25,0,0,0,0,0,2024,Jalen Hurts,PHI,13.94
4040715,2024_04_PHI_TB,18,30,158,1,0,8,20,1,0,0,0,0,2024,Jalen Hurts,PHI,18.32
4040715,2024_06_CLE_PHI,16,25,264,2,0,14,33,0,0,0,0,0,2024,Jalen Hurts,PHI,21.86
4040715,2024_07_PHI_NYG,10,14,114,1,0,7,22,2,0,0,0,0,2024,Jalen Hurts,PHI,22.76
4040715,2024_08_PHI_CIN,16,20,236,1,0,10,37,3,0,0,0,0,2024,Jalen Hurts,PHI,35.14
4040715,2024_09_JAX_PHI,18,24,230,2,0,13,67,1,0,0,0,0,2024,Jalen Hurts,PHI,29.9
4040715,2024_10_PHI_DAL,14,20,202,2,1,7,56,2,0,0,0,0,2024,Jalen Hurts,PHI,32.68
4040715,2024_11_WSH_PHI,18,28,221,0,0,10,39,1,0,0,0,0,2024,Jalen Hurts,PHI,18.74
4040715,2024_12_PHI_LAR,15,22,179,1,0,12,39,0,0,0,0,0,2024,Jalen Hurts,PHI,15.06
4040715,2024_13_PHI_BAL,11,19,118,1,0,9,29,1,0,0,0,0,2024,Jalen Hurts,PHI,17.62
4040715,2024_14_CAR_PHI,14,21,108,2,0,8,59,1,0,0,0,0,2024,Jalen Hurts,PHI,24.22
4040715,2024_15_PIT_PHI,25,32,290,2,0,15,45,1,0,0,0,0,2024,Jalen Hurts,PHI,30.1
4040715,2024_16_PHI_WSH,1,4,11,0,0,3,41,0,0,0,0,0,2024,Jalen Hurts,PHI,4.54
4040715,2025_01_DAL_PHI,19,23,152,0,0,14,62,2,0,0,0,0,2025,Jalen Hurts,PHI,24.28
4040715,2025_02_PHI_KC,15,22,101,0,0,9,15,1,0,0,0,0,2025,Jalen Hurts,PHI,11.54
4040715,2025_03_LAR_PHI,21,32,226,3,0,9,40,1,0,0,0,0,2025,Jalen Hurts,PHI,31.04
4040715,2025_04_PHI_TB,15,24,130,2,0,9,62,0,0,0,0,0,2025,Jalen Hurts,PHI,19.4
4040715,2025_05_DEN_PHI,23,38,280,2,0,2,3,0,0,0,0,0,2025,Jalen Hurts,PHI,19.5
4040715,2025_06_PHI_NYG,24,33,283,1,1,7,13,1,0,0,0,0,2025,Jalen Hurts,PHI,21.62
4040715,2025_07_PHI_MIN,19,23,326,3,0,4,-10,0,0,0,0,0,2025,Jalen Hurts,PHI,24.04
4040715,2025_08_NYG_PHI,15,20,179,4,0,4,22,0,0,0,0,0,2025,Jalen Hurts,PHI,25.36
4040715,2025_10_PHI_GB,15,26,183,1,0,5,27,0,0,0,0,0,2025,Jalen Hurts,PHI,14.02
4040715,2025_11_DET_PHI,14,28,135,0,0,10,31,1,0,0,0,0,2025,Jalen Hurts,PHI,14.5
4040715,2025_12_PHI_DAL,27,39,289,1,0,7,33,2,0,0,0,0,2025,Jalen Hurts,PHI,30.86
4040715,2025_13_CHI_PHI,19,34,230,2,1,4,31,0,0,0,0,0,2025,Jalen Hurts,PHI,19.3
4040715,2025_14_PHI_LAC,21,40,240,0,4,4,8,0,0,0,0,0,2025,Jalen Hurts,PHI,6.4
4040715,2025_15_LV_PHI,12,15,175,3,0,7,39,0,0,0,0,0,2025,Jalen Hurts,PHI,22.9
4040715,2025_16_PHI_WSH,22,30,185,2,0,7,40,0,0,0,0,0,2025,Jalen Hurts,PHI,19.4
4040715,2025_17_PHI_BUF,13,27,110,1,0,3,5,0,0,0,0,0,2025,Jalen Hurts,PHI,8.9
4430834,2024_01_WSH_TB,0,0,0,0,0,0,0,0,1,3,32,1,2024,Jalen McMillan,TB,10.2
4430834,2024_02_TB_DET,0,0,0,0,0,0,0,0,1,2,21,0,2024,Jalen McMillan,TB,3.1
4430834,2024_03_DEN_TB,0,0,0,0,0,0,0,0,1,1,6,0,2024,Jalen McMillan,TB,1.6
4430834,2024_06_TB_NO,0,0,0,0,0,0,0,0,0,1,0,0,2024,Jalen McMillan,TB,0.0
4430834,2024_07_BAL_TB,0,0,0,0,0,1,11,0,3,8,15,0,2024,Jalen McMillan,TB,5.6
4430834,2024_08_ATL_TB,0,0,0,0,0,1,17,0,4,7,35,0,2024,Jalen McMillan,TB,9.2
4430834,2024_12_TB_NYG,0,0,0,0,0,0,0,0,1,2,11,0,2024,Jalen McMillan,TB,2.1
4430834,2024_13_TB_CAR,0,0,0,0,0,0,0,0,2,3,25,0,2024,Jalen McMillan,TB,4.5
4430834,2024_14_LV_TB,0,0,0,0,0,0,0,0,4,7,59,2,2024,Jalen McMillan,TB,21.9
4430834,2024_15_TB_LAC,0,0,0,0,0,0,0,0,5,6,75,1,2024,Jalen McMillan,TB,18.5
4430834,2024_16_TB_DAL,0,0,0,0,0,0,0,0,5,7,57,1,2024,Jalen McMillan,TB,16.7
4430834,2024_17_CAR_TB,0,0,0,0,0,1,9,0,5,5,51,2,2024,Jalen McMillan,TB,23.0
4430834,2024_18_NO_TB,0,0,0,0,0,1,6,0,5,6,74,1,2024,Jalen McMillan,TB,19.0
4430834,2025_15_ATL_TB,0,0,0,0,0,0,0,0,2,2,38,0,2025,Jalen McMillan,TB,5.8
4430834,2025_16_TB_CAR,0,0,0,0,0,1,1,0,2,3,15,0,2025,Jalen McMillan,TB,3.6
4430834,2025_17_TB_MIA,0,0,0,0,0,0,0,0,7,9,114,0,2025,Jalen McMillan,TB,18.4
4430834,2025_18_CAR_TB,0,0,0,0,0,0,0,0,1,1,11,0,2025,Jalen McMillan,TB,2.1
4382466,2024_01_MIN_NYG,0,0,0,0,0,0,0,0,1,1,21,1,2024,Jalen Nailor,MIN,9.1
4382466,2024_02_SF_MIN,0,0,0,0,0,0,0,0,3,4,54,1,2024,Jalen Nailor,MIN,14.4
4382466,2024_03_HOU_MIN,0,0,0,0,0,1,3,0,3,4,31,1,2024,Jalen Nailor,MIN,12.4
4382466,2024_04_MIN_GB,0,0,0,0,0,1,0,0,1,2,31,0,2024,Jalen Nailor,MIN,4.1
4382466,2024_07_DET_MIN,0,0,0,0,0,0,0,0,4,5,76,0,2024,Jalen Nailor,MIN,11.6
4382466,2024_08_MIN_LAR,0,0,0,0,0,0,0,0,2,4,16,0,2024,Jalen Nailor,MIN,3.6
4382466,2024_09_IND_MIN,0,0,0,0,0,0,0,0,1,1,7,1,2024,Jalen Nailor,MIN,7.7
4382466,2024_10_MIN_JAX,0,0,0,0,0,1,-7,0,1,3,11,0,2024,Jalen Nailor,MIN,1.4
4382466,2024_11_MIN_TEN,0,0,0,0,0,0,0,0,0,2,0,0,2024,Jalen Nailor,MIN,0.0
4382466,2024_12_MIN_CHI,0,0,0,0,0,0,0,0,1,2,5,1,2024,Jalen Nailor,MIN,7.5
4382466,2024_13_ARI_MIN,0,0,0,0,0,0,0,0,1,2,18,0,2024,Jalen Nailor,MIN,2.8
4382466,2024_15_CHI_MIN,0,0,0,0,0,0,0,0,1,1,5,0,2024,Jalen Nailor,MIN,1.5
4382466,2024_16_MIN_SEA,0,0,0,0,0,0,0,0,1,2,5,0,2024,Jalen Nailor,MIN,1.5
4382466,2024_17_GB_MIN,0,0,0,0,0,0,0,0,5,5,81,1,2024,Jalen Nailor,MIN,19.1
4382466,2024_18_MIN_DET,0,0,0,0,0,0,0,0,3,4,53,0,2024,Jalen Nailor,MIN,8.3
4382466,2025_01_MIN_CHI,0,0,0,0,0,0,0,0,1,3,28,0,2025,Jalen Nailor,MIN,3.8
4382466,2025_02_ATL_MIN,0,0,0,0,0,0,0,0,3,5,31,0,2025,Jalen Nailor,MIN,6.1
4382466,2025_03_CIN_MIN,0,0,0,0,0,0,0,0,3,5,37,0,2025,Jalen Nailor,MIN,6.7
4382466,2025_04_MIN_PIT,0,0,0,0,0,0,0,0,1,4,2,1,2025,Jalen Nailor,MIN,7.2
4382466,2025_05_MIN_CLE,0,0,0,0,0,1,15,0,3,4,27,0,2025,Jalen Nailor,MIN,7.2
4382466,2025_07_PHI_MIN,0,0,0,0,0,0,0,0,2,4,37,0,2025,Jalen Nailor,MIN,5.7
4382466,2025_08_MIN_LAC,0,0,0,0,0,0,0,0,0,1,0,0,2025,Jalen Nailor,MIN,0.0
4382466,2025_09_MIN_DET,0,0,0,0,0,0,0,0,1,4,16,0,2025,Jalen Nailor,MIN,2.6
4382466,2025_10_BAL_MIN,0,0,0,0,0,0,0,0,5,6,124,1,2025,Jalen Nailor,MIN,23.4
4382466,2025_11_CHI_MIN,0,0,0,0,0,0,0,0,1,1,16,0,2025,Jalen Nailor,MIN,2.6
4382466,2025_12_MIN_GB,0,0,0,0,0,0,0,0,0,1,0,0,2025,Jalen Nailor,MIN,0.0
4382466,2025_13_MIN_SEA,0,0,0,0,0,0,0,0,0,1,0,0,2025,Jalen Nailor,MIN,0.0
4382466,2025_14_WSH_MIN,0,0,0,0,0,0,0,0,3,3,30,0,2025,Jalen Nailor,MIN,6.0
4382466,2025_15_MIN_DAL,0,0,0,0,0,1,-2,0,3,5,47,2,2025,Jalen Nailor,MIN,19.5
4382466,2025_16_MIN_NYG,0,0,0,0,0,0,0,0,0,2,0,0,2025,Jalen Nailor,MIN,0.0
4382466,2025_17_DET_MIN,0,0,0,0,0,0,0,0,0,1,0,0,2025,Jalen Nailor,MIN,0.0
4382466,2025_18_GB_MIN,0,0,0,0,0,0,0,0,3,3,49,0,2025,Jalen Nailor,MIN,7.9
4241802,2024_07_LAC_ARI,0,0,0,0,0,1,-1,0,1,1,41,0,2024,Jalen Reagor,LAC,5.0
4241802,2024_08_NO_LAC,0,0,0,0,0,0,0,0,2,2,35,0,2024,Jalen Reagor,LAC,5.5
4241802,2024_09_LAC_CLE,0,0,0,0,0,0,0,0,1,2,0,0,2024,Jalen Reagor,LAC,1.0
4241802,2024_10_TEN_LAC,0,0,0,0,0,2,-2,0,0,1,0,0,2024,Jalen Reagor,LAC,-0.2
4241802,2024_11_CIN_LAC,0,0,0,0,0,0,0,0,0,1,0,0,2024,Jalen Reagor,LAC,0.0
4241802,2024_12_BAL_LAC,0,0,0,0,0,0,0,0,2,4,20,0,2024,Jalen Reagor,LAC,4.0
4241802,2024_14_LAC_KC,0,0,0,0,0,0,0,0,1,1,4,0,2024,Jalen Reagor,LAC,1.4
5082630,2025_18_KC_LV,0,0,0,0,0,0,0,0,2,3,4,0,2025,Jalen Royals,KC,2.4
4249417,2024_01_DAL_CLE,0,0,0,0,0,0,0,0,1,2,12,0,2024,Jalen Tolbert,DAL,2.2
4249417,2024_02_NO_DAL,0,0,0,0,0,0,0,0,6,9,82,0,2024,Jalen Tolbert,DAL,14.2
4249417,2024_03_BAL_DAL,0,0,0,0,0,0,0,0,3,5,42,1,2024,Jalen Tolbert,DAL,13.2
4249417,2024_04_DAL_NYG,0,0,0,0,0,0,0,0,3,3,24,0,2024,Jalen Tolbert,DAL,5.4
4249417,2024_05_DAL_PIT,0,0,0,0,0,0,0,0,7,10,87,1,2024,Jalen Tolbert,DAL,21.7
4249417,2024_06_DET_DAL,0,0,0,0,0,0,0,0,4,5,43,0,2024,Jalen Tolbert,DAL,8.3
4249417,2024_08_DAL_SF,0,0,0,0,0,0,0,0,3,3,44,0,2024,Jalen Tolbert,DAL,7.4
4249417,2024_09_DAL_ATL,0,0,0,0,0,0,0,0,3,6,19,1,2024,Jalen Tolbert,DAL,10.9
4249417,2024_10_PHI_DAL,0,0,0,0,0,0,0,0,3,5,14,0,2024,Jalen Tolbert,DAL,4.4
4249417,2024_11_HOU_DAL,0,0,0,0,0,0,0,0,2,5,21,0,2024,Jalen Tolbert,DAL,4.1
4249417,2024_12_DAL_WSH,0,0,0,0,0,0,0,0,2,4,22,1,2024,Jalen Tolbert,DAL,10.2
4249417,2024_13_NYG_DAL,0,0,0,0,0,0,0,0,2,4,41,0,2024,Jalen Tolbert,DAL,6.1
4249417,2024_14_CIN_DAL,0,0,0,0,0,0,0,0,0,3,0,0,2024,Jalen Tolbert,DAL,0.0
4249417,2024_15_DAL_CAR,0,0,0,0,0,0,0,0,1,2,11,1,2024,Jalen Tolbert,DAL,8.1
4249417,2024_16_TB_DAL,0,0,0,0,0,0,0,0,2,3,20,1,2024,Jalen Tolbert,DAL,10.0
4249417,2024_17_DAL_PHI,0,0,0,0,0,0,0,0,3,4,30,1,2024,Jalen Tolbert,DAL,12.0
4249417,2024_18_WSH_DAL,0,0,0,0,0,0,0,0,4,6,98,0,2024,Jalen Tolbert,DAL,13.8
4249417,2025_01_DAL_PHI,0,0,0,0,0,0,0,0,1,2,0,0,2025,Jalen Tolbert,DAL,1.0
4249417,2025_02_NYG_DAL,0,0,0,0,0,0,0,0,2,4,16,0,2025,Jalen Tolbert,DAL,3.6
4249417,2025_03_DAL_CHI,0,0,0,0,0,0,0,0,3,6,24,0,2025,Jalen Tolbert,DAL,5.4
4249417,2025_04_GB_DAL,0,0,0,0,0,0,0,0,4,6,61,0,2025,Jalen Tolbert,DAL,10.1
4249417,2025_05_DAL_NYJ,0,0,0,0,0,0,0,0,0,1,0,0,2025,Jalen Tolbert,DAL,0.0
4249417,2025_06_DAL_CAR,0,0,0,0,0,0,0,0,1,1,8,0,2025,Jalen Tolbert,DAL,1.8
4249417,2025_07_WSH_DAL,0,0,0,0,0,0,0,0,1,2,16,0,2025,Jalen Tolbert,DAL,2.6
4249417,2025_08_DAL_DEN,0,0,0,0,0,0,0,0,2,2,47,1,2025,Jalen Tolbert,DAL,12.7
4249417,2025_11_DAL_LV,0,0,0,0,0,0,0,0,0,1,0,0,2025,Jalen Tolbert,DAL,0.0
4249417,2025_17_DAL_WSH,0,0,0,0,0,0,0,0,4,8,31,0,2025,Jalen Tolbert,DAL,7.1
4249417,2025_18_DAL_NYG,0,0,0,0,0,0,0,0,0,1,0,0,2025,Jalen Tolbert,DAL,0.0
4692590,2024_01_MIN_NYG,0,0,0,0,0,0,0,0,0,1,0,0,2024,Jalin Hyatt,NYG,0.0
4692590,2024_03_NYG_CLE,0,0,0,0,0,0,0,0,0,1,0,0,2024,Jalin Hyatt,NYG,0.0
4692590,2024_04_DAL_NYG,0,0,0,0,0,0,0,0,0,1,0,0,2024,Jalin Hyatt,NYG,0.0
4692590,2024_06_CIN_NYG,0,0,0,0,0,0,0,0,1,4,6,0,2024,Jalin Hyatt,NYG,1.6
4692590,2024_07_PHI_NYG,0,0,0,0,0,0,0,0,0,1,0,0,2024,Jalin Hyatt,NYG,0.0
4692590,2024_10_NYG_CAR,0,0,0,0,0,0,0,0,4,4,39,0,2024,Jalin Hyatt,NYG,7.9
4692590,2024_13_NYG_DAL,0,0,0,0,0,0,0,0,2,2,8,0,2024,Jalin Hyatt,NYG,2.8
4692590,2024_14_NO_NYG,0,0,0,0,0,0,0,0,0,2,0,0,2024,Jalin Hyatt,NYG,0.0
4692590,2024_16_NYG_ATL,0,0,0,0,0,0,0,0,1,2,9,0,2024,Jalin Hyatt,NYG,1.9
4692590,2024_18_NYG_PHI,0,0,0,0,0,0,0,0,0,1,0,0,2024,Jalin Hyatt,NYG,0.0
4692590,2025_05_NYG_NO,0,0,0,0,0,0,0,0,0,3,0,0,2025,Jalin Hyatt,NYG,0.0
4692590,2025_06_PHI_NYG,0,0,0,0,0,0,0,0,3,5,17,0,2025,Jalin Hyatt,NYG,4.7
4692590,2025_07_NYG_DEN,0,0,0,0,0,0,0,0,0,1,0,0,2025,Jalin Hyatt,NYG,0.0
4692590,2025_11_GB_NYG,0,0,0,0,0,0,0,0,2,4,18,0,2025,Jalin Hyatt,NYG,3.8
4692590,2025_15_WSH_NYG,0,0,0,0,0,0,0,0,0,1,0,0,2025,Jalin Hyatt,NYG,0.0
2980453,2024_01_CAR_NO,0,0,0,0,0,11,38,1,1,1,13,0,2024,Jamaal Williams,NO,12.1
2980453,2024_02_NO_DAL,0,0,0,0,0,8,39,0,0,0,0,0,2024,Jamaal Williams,NO,3.9
2980453,2024_03_PHI_NO,0,0,0,0,0,1,-1,0,1,3,0,0,2024,Jamaal Williams,NO,0.9
2980453,2024_04_NO_ATL,0,0,0,0,0,3,11,0,2,2,8,0,2024,Jamaal Williams,NO,3.9
2980453,2024_07_DEN_NO,0,0,0,0,0,3,17,0,0,0,0,0,2024,Jamaal Williams,NO,1.7
2980453,2024_13_LAR_NO,0,0,0,0,0,0,0,0,1,1,7,0,2024,Jamaal Williams,NO,1.7
2980453,2024_14_NO_NYG,0,0,0,0,0,3,5,0,2,2,10,0,2024,Jamaal Williams,NO,3.5
2980453,2024_16_NO_GB,0,0,0,0,0,3,8,0,0,0,0,0,2024,Jamaal Williams,NO,0.8
2980453,2024_17_LV_NO,0,0,0,0,0,2,12,0,1,1,12,0,2024,Jamaal Williams,NO,3.4
2980453,2024_18_NO_TB,0,0,0,0,0,8,15,0,1,1,7,0,2024,Jamaal Williams,NO,3.2
4428678,2024_11_CLE_NO,0,0,0,0,0,0,0,0,1,1,11,0,2024,Jamari Thrash,CLE,2.1
4428678,2024_13_CLE_DEN,0,0,0,0,0,0,0,0,2,2,11,0,2024,Jamari Thrash,CLE,3.1
4428678,2024_15_KC_CLE,0,0,0,0,0,0,0,0,0,1,0,0,2024,Jamari Thrash,CLE,0.0
4428678,2024_16_CLE_CIN,0,0,0,0,0,0,0,0,0,1,0,0,2024,Jamari Thrash,CLE,0.0
4428678,2024_17_MIA_CLE,0,0,0,0,0,0,0,0,0,1,0,0,2024,Jamari Thrash,CLE,0.0
4428678,2024_18_CLE_BAL,0,0,0,0,0,0,0,0,0,1,0,0,2024,Jamari Thrash,CLE,0.0
4428678,2025_01_CIN_CLE,0,0,0,0,0,0,0,0,1,1,6,0,2025,Jamari Thrash,CLE,1.6
4428678,2025_02_CLE_BAL,0,0,0,0,0,0,0,0,1,1,5,0,2025,Jamari Thrash,CLE,1.5
4428678,2025_03_GB_CLE,0,0,0,0,0,0,0,0,2,3,7,0,2025,Jamari Thrash,CLE,2.7
4428678,2025_05_MIN_CLE,0,0,0,0,0,0,0,0,1,1,22,0,2025,Jamari Thrash,CLE,3.2
4428678,2025_06_CLE_PIT,0,0,0,0,0,0,0,0,2,3,13,0,2025,Jamari Thrash,CLE,3.3
4428678,2025_07_MIA_CLE,0,0,0,0,0,0,0,0,1,2,23,0,2025,Jamari Thrash,CLE,3.3
4428678,2025_08_CLE_NE,0,0,0,0,0,0,0,0,2,3,31,0,2025,Jamari Thrash,CLE,5.1
4428678,2025_10_CLE_NYJ,0,0,0,0,0,0,0,0,0,1,0,0,2025,Jamari Thrash,CLE,0.0
2969939,2024_05_CLE_WSH,1,1,16,0,0,1,-3,0,0,0,0,0,2024,Jameis Winston,CLE,0.34
2969939,2024_07_CIN_CLE,5,11,67,1,0,0,0,0,0,0,0,0,2024,Jameis Winston,CLE,6.68
2969939,2024_08_BAL_CLE,27,41,334,3,0,2,2,0,0,0,0,0,2024,Jameis Winston,CLE,25.56
2969939,2024_09_LAC_CLE,26,46,235,1,3,5,27,0,0,0,0,0,2024,Jameis Winston,CLE,13.1
2969939,2024_11_CLE_NO,30,46,395,2,0,1,8,0,0,0,0,0,2024,Jameis Winston,CLE,24.6
2969939,2024_12_PIT_CLE,18,27,219,0,1,3,7,1,0,0,0,0,2024,Jameis Winston,CLE,14.46
2969939,2024_13_CLE_DEN,34,58,497,4,3,3,11,0,0,0,0,0,2024,Jameis Winston,CLE,33.98
2969939,2024_14_CLE_PIT,24,41,212,2,2,4,28,0,0,0,0,0,2024,Jameis Winston,CLE,17.28
2969939,2024_15_KC_CLE,16,25,146,0,3,2,-2,0,0,0,0,0,2024,Jameis Winston,CLE,2.64
2969939,2025_11_GB_NYG,19,29,201,0,1,3,10,1,0,0,0,0,2025,Jameis Winston,NYG,14.04
2969939,2025_12_NYG_DET,18,36,366,2,1,4,13,0,1,1,33,1,2025,Jameis Winston,NYG,33.24
3045147,2024_01_ARI_BUF,0,0,0,0,0,16,50,1,3,4,33,0,2024,James Conner,ARI,17.3
3045147,2024_02_LAR_ARI,0,0,0,0,0,21,122,1,1,1,2,0,2024,James Conner,ARI,19.4
3045147,2024_03_DET_ARI,0,0,0,0,0,9,17,0,1,1,8,0,2024,James Conner,ARI,3.5
3045147,2024_04_WSH_ARI,0,0,0,0,0,18,104,1,1,1,9,0,2024,James Conner,ARI,18.3
3045147,2024_05_ARI_SF,0,0,0,0,0,19,86,0,2,3,14,0,2024,James Conner,ARI,12.0
3045147,2024_06_ARI_GB,0,0,0,0,0,7,24,0,4,5,22,0,2024,James Conner,ARI,8.6
3045147,2024_07_LAC_ARI,0,0,0,0,0,19,101,0,2,4,51,0,2024,James Conner,ARI,17.2
3045147,2024_08_ARI_MIA,0,0,0,0,0,20,53,1,2,3,16,0,2024,James Conner,ARI,14.9
3045147,2024_09_CHI_ARI,0,0,0,0,0,18,107,0,3,3,12,0,2024,James Conner,ARI,14.9
3045147,2024_10_NYJ_ARI,0,0,0,0,0,12,33,1,5,5,80,0,2024,James Conner,ARI,22.3
3045147,2024_12_ARI_SEA,0,0,0,0,0,7,8,0,5,5,41,0,2024,James Conner,ARI,9.9
3045147,2024_13_ARI_MIN,0,0,0,0,0,17,68,0,3,4,13,0,2024,James Conner,ARI,11.1
3045147,2024_14_SEA_ARI,0,0,0,0,0,18,90,0,4,4,32,1,2024,James Conner,ARI,22.2
3045147,2024_15_NE_ARI,0,0,0,0,0,16,110,2,5,5,28,0,2024,James Conner,ARI,30.8
3045147,2024_16_ARI_CAR,0,0,0,0,0,15,117,1,4,4,49,0,2024,James Conner,ARI,26.6
3045147,2024_17_ARI_LAR,0,0,0,0,0,4,4,0,2,3,4,0,2024,James Conner,ARI,2.8
3045147,2025_01_ARI_NO,0,0,0,0,0,12,39,0,4,4,5,1,2025,James Conner,ARI,14.4
3045147,2025_02_CAR_ARI,0,0,0,0,0,11,34,1,1,1,18,0,2025,James Conner,ARI,12.2
3045147,2025_03_ARI_SF,0,0,0,0,0,9,22,0,3,4,15,0,2025,James Conner,ARI,6.7
4379399,2024_01_ARI_BUF,0,0,0,0,0,19,71,0,3,3,32,0,2024,James Cook III,BUF,13.3
4379399,2024_02_BUF_MIA,0,0,0,0,0,11,78,2,1,1,17,1,2024,James Cook III,BUF,28.5
4379399,2024_03_JAX_BUF,0,0,0,0,0,11,39,1,4,5,48,0,2024,James Cook III,BUF,18.7
4379399,2024_04_BUF_BAL,0,0,0,0,0,9,39,0,1,1,9,0,2024,James Cook III,BUF,5.8
4379399,2024_05_BUF_HOU,0,0,0,0,0,20,82,1,2,3,17,0,2024,James Cook III,BUF,17.9
4379399,2024_07_TEN_BUF,0,0,0,0,0,12,32,1,0,0,0,0,2024,James Cook III,BUF,9.2
4379399,2024_08_BUF_SEA,0,0,0,0,0,17,111,2,3,3,22,0,2024,James Cook III,BUF,28.3
4379399,2024_09_MIA_BUF,0,0,0,0,0,10,44,0,5,6,25,0,2024,James Cook III,BUF,11.9
4379399,2024_10_BUF_IND,0,0,0,0,0,19,80,1,1,3,5,0,2024,James Cook III,BUF,15.5
4379399,2024_11_KC_BUF,0,0,0,0,0,9,20,2,5,6,7,0,2024,James Cook III,BUF,19.7
4379399,2024_13_SF_BUF,0,0,0,0,0,14,107,1,1,1,13,0,2024,James Cook III,BUF,19.0
4379399,2024_14_BUF_LAR,0,0,0,0,0,6,20,0,2,2,9,0,2024,James Cook III,BUF,4.9
4379399,2024_15_BUF_DET,0,0,0,0,0,14,105,2,1,1,28,0,2024,James Cook III,BUF,26.3
4379399,2024_16_NE_BUF,0,0,0,0,0,11,100,1,3,3,26,1,2024,James Cook III,BUF,27.6
4379399,2024_17_NYJ_BUF,0,0,0,0,0,15,53,1,0,0,0,0,2024,James Cook III,BUF,11.3
4379399,2024_18_BUF_NE,0,0,0,0,0,10,28,1,0,0,0,0,2024,James Cook III,BUF,8.8
4379399,2025_01_BAL_BUF,0,0,0,0,0,13,44,1,5,5,58,0,2025,James Cook III,BUF,21.2
4379399,2025_02_BUF_NYJ,0,0,0,0,0,21,132,2,1,1,3,0,2025,James Cook III,BUF,26.5
4379399,2025_03_MIA_BUF,0,0,0,0,0,19,108,1,3,3,10,0,2025,James Cook III,BUF,20.8
4379399,2025_04_NO_BUF,0,0,0,0,0,22,117,1,3,4,18,0,2025,James Cook III,BUF,22.5
4379399,2025_05_NE_BUF,0,0,0,0,0,15,49,0,0,1,0,0,2025,James Cook III,BUF,4.9
4379399,2025_06_BUF_ATL,0,0,0,0,0,17,87,0,0,0,0,0,2025,James Cook III,BUF,8.7
4379399,2025_08_BUF_CAR,0,0,0,0,0,19,216,2,0,0,0,0,2025,James Cook III,BUF,33.6
4379399,2025_09_KC_BUF,0,0,0,0,0,27,114,0,1,1,11,0,2025,James Cook III,BUF,13.5
4379399,2025_10_BUF_MIA,0,0,0,0,0,13,53,0,5,5,24,0,2025,James Cook III,BUF,12.7
4379399,2025_11_TB_BUF,0,0,0,0,0,16,48,0,3,3,66,1,2025,James Cook III,BUF,20.4
4379399,2025_12_BUF_HOU,0,0,0,0,0,17,116,1,3,3,13,0,2025,James Cook III,BUF,21.9
4379399,2025_13_BUF_PIT,0,0,0,0,0,32,144,0,3,3,33,0,2025,James Cook III,BUF,20.7
4379399,2025_14_CIN_BUF,0,0,0,0,0,18,80,0,2,2,31,0,2025,James Cook III,BUF,13.1
4379399,2025_15_BUF_NE,0,0,0,0,0,22,107,2,2,3,4,1,2025,James Cook III,BUF,31.1
4379399,2025_16_BUF_CLE,0,0,0,0,0,16,117,2,1,2,17,0,2025,James Cook III,BUF,26.4
4379399,2025_17_PHI_BUF,0,0,0,0,0,20,74,0,1,4,3,0,2025,James Cook III,BUF,8.7
4361988,2025_04_CAR_NE,0,0,0,0,0,0,0,0,2,2,17,0,2025,James Mitchell,CAR,3.7
4361988,2025_05_MIA_CAR,0,0,0,0,0,0,0,0,1,1,11,0,2025,James Mitchell,CAR,2.1
4259252,2024_10_PIT_WSH,0,0,0,0,0,0,0,0,0,1,0,0,2024,James Pierre,PIT,0.0
3916204,2024_04_CLE_LV,0,0,0,0,0,0,0,0,1,1,3,0,2024,James Proche II,CLE,1.3
3916204,2024_14_CLE_PIT,0,0,0,0,0,0,0,0,2,2,18,0,2024,James Proche II,CLE,3.8
3916204,2025_12_SEA_TEN,0,0,0,0,0,0,0,0,3,3,42,0,2025,James Proche II,TEN,7.2
3916204,2025_13_JAX_TEN,0,0,0,0,0,0,0,0,1,1,13,0,2025,James Proche II,TEN,2.3
3916204,2025_14_TEN_CLE,0,0,0,0,0,0,0,0,0,1,0,0,2025,James Proche II,TEN,0.0
3916204,2025_15_TEN_SF,0,0,0,0,0,0,0,0,0,1,0,0,2025,James Proche II,TEN,0.0
3916204,2025_17_NO_TEN,0,0,0,0,0,0,0,0,1,5,5,0,2025,James Proche II,TEN,1.5
3916204,2025_18_TEN_JAX,0,0,0,0,0,0,0,0,1,1,5,0,2025,James Proche II,TEN,1.5
4426388,2024_01_LAR_DET,0,0,0,0,0,1,13,0,5,9,121,1,2024,Jameson Williams,DET,24.4
4426388,2024_02_TB_DET,0,0,0,0,0,1,15,0,5,11,79,0,2024,Jameson Williams,DET,14.4
4426388,2024_03_DET_ARI,0,0,0,0,0,1,-7,0,1,3,9,0,2024,Jameson Williams,DET,1.2
4426388,2024_04_SEA_DET,0,0,0,0,0,0,0,0,2,2,80,1,2024,Jameson Williams,DET,16.0
4426388,2024_06_DET_DAL,0,0,0,0,0,1,11,0,3,4,76,1,2024,Jameson Williams,DET,17.7
4426388,2024_07_DET_MIN,0,0,0,0,0,0,0,0,1,1,-4,0,2024,Jameson Williams,DET,0.6
4426388,2024_10_DET_HOU,0,0,0,0,0,0,0,0,3,5,53,0,2024,Jameson Williams,DET,8.3
4426388,2024_11_JAX_DET,0,0,0,0,0,1,2,0,4,6,124,1,2024,Jameson Williams,DET,22.6
4426388,2024_12_DET_IND,0,0,0,0,0,1,4,0,5,7,64,0,2024,Jameson Williams,DET,11.8
4426388,2024_13_CHI_DET,0,0,0,0,0,2,18,0,5,7,28,0,2024,Jameson Williams,DET,9.6
4426388,2024_14_GB_DET,0,0,0,0,0,0,0,0,5,8,80,0,2024,Jameson Williams,DET,13.0
4426388,2024_15_BUF_DET,0,0,0,0,0,0,0,0,3,5,37,1,2024,Jameson Williams,DET,12.7
4426388,2024_16_DET_CHI,0,0,0,0,0,1,7,0,5,7,143,1,2024,Jameson Williams,DET,26.0
4426388,2024_17_DET_SF,0,0,0,0,0,2,-2,1,5,8,77,1,2024,Jameson Williams,DET,24.5
4426388,2024_18_MIN_DET,0,0,0,0,0,0,0,0,6,8,34,0,2024,Jameson Williams,DET,9.4
4426388,2025_01_DET_GB,0,0,0,0,0,1,3,0,4,5,23,0,2025,Jameson Williams,DET,6.6
4426388,2025_02_CHI_DET,0,0,0,0,0,0,0,0,2,4,108,1,2025,Jameson Williams,DET,18.8
4426388,2025_03_DET_BAL,0,0,0,0,0,0,0,0,2,3,43,0,2025,Jameson Williams,DET,6.3
4426388,2025_04_CLE_DET,0,0,0,0,0,1,-3,0,2,8,40,0,2025,Jameson Williams,DET,5.7
4426388,2025_05_DET_CIN,0,0,0,0,0,1,1,0,1,1,9,0,2025,Jameson Williams,DET,2.0
4426388,2025_06_DET_KC,0,0,0,0,0,0,0,0,6,7,66,1,2025,Jameson Williams,DET,18.6
4426388,2025_07_TB_DET,0,0,0,0,0,0,0,0,0,2,0,0,2025,Jameson Williams,DET,0.0
4426388,2025_09_MIN_DET,0,0,0,0,0,0,0,0,4,6,66,1,2025,Jameson Williams,DET,16.6
4426388,2025_10_DET_WSH,0,0,0,0,0,0,0,0,6,7,119,1,2025,Jameson Williams,DET,23.9
4426388,2025_11_DET_PHI,0,0,0,0,0,1,9,0,4,7,88,1,2025,Jameson Williams,DET,19.7
4426388,2025_12_NYG_DET,0,0,0,0,0,0,0,0,0,3,0,0,2025,Jameson Williams,DET,0.0
4426388,2025_13_GB_DET,0,0,0,0,0,1,-5,0,7,10,144,1,2025,Jameson Williams,DET,26.9
4426388,2025_14_DAL_DET,0,0,0,0,0,1,7,0,7,9,96,0,2025,Jameson Williams,DET,17.3
4426388,2025_15_DET_LAR,0,0,0,0,0,0,0,0,7,10,134,1,2025,Jameson Williams,DET,26.4
4426388,2025_16_PIT_DET,0,0,0,0,0,0,0,0,5,9,70,0,2025,Jameson Williams,DET,12.0
4426388,2025_17_DET_MIN,0,0,0,0,0,0,0,0,2,3,37,0,2025,Jameson Williams,DET,5.7
4426388,2025_18_DET_CHI,0,0,0,0,0,0,0,0,6,8,74,0,2025,Jameson Williams,DET,13.4
2576716,2024_01_WSH_TB,0,0,0,0,0,0,0,0,1,1,5,0,2024,Jamison Crowder,WSH,1.5
2576716,2024_15_WSH_NO,0,0,0,0,0,0,0,0,3,3,27,0,2024,Jamison Crowder,WSH,5.7
2576716,2024_16_PHI_WSH,0,0,0,0,0,0,0,0,2,4,15,2,2024,Jamison Crowder,WSH,15.5
2576716,2024_17_ATL_WSH,0,0,0,0,0,0,0,0,3,5,25,0,2024,Jamison Crowder,WSH,5.5
3046779,2024_01_LAR_DET,18,28,217,1,1,1,7,0,0,0,0,0,2024,Jared Goff,DET,12.38
3046779,2024_02_TB_DET,34,55,307,0,2,2,5,0,0,0,0,0,2024,Jared Goff,DET,10.78
3046779,2024_03_DET_ARI,18,23,199,2,1,3,6,0,0,0,0,0,2024,Jared Goff,DET,15.56
3046779,2024_04_SEA_DET,18,18,292,2,0,2,-2,0,1,1,7,1,2024,Jared Goff,DET,27.18
3046779,2024_06_DET_DAL,18,25,315,3,0,3,5,0,0,0,0,0,2024,Jared Goff,DET,25.1
3046779,2024_07_DET_MIN,22,25,280,2,0,2,-4,0,0,0,0,0,2024,Jared Goff,DET,18.8
3046779,2024_08_TEN_DET,12,15,85,3,0,1,1,0,0,0,0,0,2024,Jared Goff,DET,15.5
3046779,2024_09_DET_GB,18,22,145,1,0,3,-2,0,0,0,0,0,2024,Jared Goff,DET,9.6
3046779,2024_10_DET_HOU,15,30,240,2,5,1,2,0,0,0,0,0,2024,Jared Goff,DET,12.8
3046779,2024_11_JAX_DET,24,29,412,4,0,4,21,0,0,0,0,0,2024,Jared Goff,DET,34.58
3046779,2024_12_DET_IND,26,36,269,0,0,2,0,0,0,0,0,0,2024,Jared Goff,DET,10.76
3046779,2024_13_CHI_DET,21,34,221,2,0,1,1,0,0,0,0,0,2024,Jared Goff,DET,16.94
3046779,2024_14_GB_DET,32,41,283,3,1,4,7,0,0,0,0,0,2024,Jared Goff,DET,23.02
3046779,2024_15_BUF_DET,38,59,494,5,0,2,13,0,0,0,0,0,2024,Jared Goff,DET,41.06
3046779,2024_16_DET_CHI,23,32,336,3,0,1,-1,0,0,0,0,0,2024,Jared Goff,DET,25.34
3046779,2024_17_DET_SF,26,34,303,3,0,3,-3,0,0,0,0,0,2024,Jared Goff,DET,23.82
3046779,2024_18_MIN_DET,27,33,231,1,2,0,0,0,0,0,0,0,2024,Jared Goff,DET,11.24
3046779,2025_01_DET_GB,31,39,225,1,1,1,-1,0,0,0,0,0,2025,Jared Goff,DET,11.9
3046779,2025_02_CHI_DET,23,28,334,5,0,1,6,0,0,0,0,0,2025,Jared Goff,DET,33.96
3046779,2025_03_DET_BAL,20,28,202,1,0,4,6,0,0,0,0,0,2025,Jared Goff,DET,12.68
3046779,2025_04_CLE_DET,16,27,168,2,1,0,0,0,0,0,0,0,2025,Jared Goff,DET,13.72
3046779,2025_05_DET_CIN,19,23,258,3,0,2,-2,0,0,0,0,0,2025,Jared Goff,DET,22.12
3046779,2025_06_DET_KC,23,29,203,2,0,1,7,0,0,0,0,0,2025,Jared Goff,DET,16.82
3046779,2025_07_TB_DET,20,29,241,1,1,2,7,0,0,0,0,0,2025,Jared Goff,DET,13.34
3046779,2025_09_MIN_DET,25,37,284,2,0,0,0,0,0,0,0,0,2025,Jared Goff,DET,19.36
3046779,2025_10_DET_WSH,25,33,320,3,0,0,0,0,0,0,0,0,2025,Jared Goff,DET,24.8
3046779,2025_11_DET_PHI,14,37,255,1,1,1,-1,0,0,0,0,0,2025,Jared Goff,DET,13.1
3046779,2025_12_NYG_DET,28,42,279,2,1,0,0,0,0,0,0,0,2025,Jared Goff,DET,18.16
3046779,2025_13_GB_DET,20,26,256,2,0,1,24,0,0,0,0,0,2025,Jared Goff,DET,20.64
3046779,2025_14_DAL_DET,25,34,309,1,0,2,-2,0,0,0,0,0,2025,Jared Goff,DET,16.16
3046779,2025_15_DET_LAR,25,41,338,3,0,0,0,0,0,0,0,0,2025,Jared Goff,DET,25.52
3046779,2025_16_PIT_DET,34,54,364,3,0,1,-1,0,0,0,0,0,2025,Jared Goff,DET,26.46
3046779,2025_17_DET_MIN,18,29,197,1,2,3,2,0,0,0,0,0,2025,Jared Goff,DET,10.08
3046779,2025_18_DET_CHI,27,42,331,1,1,0,0,0,0,0,0,0,2025,Jared Goff,DET,16.24
4430681,2025_08_SF_HOU,0,0,0,0,0,0,0,0,2,2,20,0,2025,Jared Wayne,HOU,4.0
4430723,2024_02_CIN_KC,0,0,0,0,0,0,0,0,1,1,7,0,2024,Jared Wiley,KC,1.7
4430723,2025_13_KC_DAL,0,0,0,0,0,0,0,0,1,1,4,0,2025,Jared Wiley,KC,1.4
4362452,2025_08_MIN_LAC,0,0,0,0,0,11,30,0,0,0,0,0,2025,Jaret Patterson,LAC,3.0
4362452,2025_09_LAC_TEN,0,0,0,0,0,9,44,0,0,0,0,0,2025,Jaret Patterson,LAC,4.4
4362452,2025_13_LV_LAC,0,0,0,0,0,11,54,1,0,0,0,0,2025,Jaret Patterson,LAC,11.4
4362452,2025_18_LAC_DEN,0,0,0,0,0,8,29,0,3,4,8,0,2025,Jaret Patterson,LAC,6.7
4429001,2024_07_SEA_ATL,0,0,0,0,0,5,17,0,0,0,0,0,2024,Jase McClellan,ATL,1.7
4429001,2024_11_ATL_DEN,0,0,0,0,0,8,15,0,0,0,0,0,2024,Jase McClellan,ATL,1.5
4689988,2025_01_KC_LAC,0,0,0,0,0,0,0,0,0,1,0,0,2025,Jason Brownlee,KC,0.0
3886598,2024_01_NYJ_SF,0,0,0,0,0,0,0,0,5,5,64,0,2024,Jauan Jennings,SF,11.4
3886598,2024_02_SF_MIN,0,0,0,0,0,0,0,0,2,4,37,0,2024,Jauan Jennings,SF,5.7
3886598,2024_03_SF_LAR,0,0,0,0,0,0,0,0,11,12,175,3,2024,Jauan Jennings,SF,46.5
3886598,2024_04_NE_SF,0,0,0,0,0,0,0,0,3,6,88,0,2024,Jauan Jennings,SF,11.8
3886598,2024_05_ARI_SF,0,0,0,0,0,0,0,0,1,4,13,0,2024,Jauan Jennings,SF,2.3
3886598,2024_06_SF_SEA,0,0,0,0,0,0,0,0,3,5,27,0,2024,Jauan Jennings,SF,5.7
3886598,2024_10_SF_TB,0,0,0,0,0,0,0,0,7,11,93,0,2024,Jauan Jennings,SF,16.3
3886598,2024_11_SEA_SF,0,0,0,0,0,0,0,0,10,11,91,1,2024,Jauan Jennings,SF,25.1
3886598,2024_12_SF_GB,0,0,0,0,0,0,0,0,5,7,40,0,2024,Jauan Jennings,SF,9.0
3886598,2024_13_SF_BUF,0,0,0,0,0,0,0,0,3,5,56,0,2024,Jauan Jennings,SF,8.6
3886598,2024_14_CHI_SF,0,0,0,0,0,0,0,0,7,8,90,2,2024,Jauan Jennings,SF,28.0
3886598,2024_15_LAR_SF,0,0,0,0,0,0,0,0,2,9,31,0,2024,Jauan Jennings,SF,5.1
3886598,2024_16_SF_MIA,0,0,0,0,0,0,0,0,4,6,51,0,2024,Jauan Jennings,SF,9.1
3886598,2024_17_DET_SF,0,0,0,0,0,0,0,0,7,10,67,0,2024,Jauan Jennings,SF,13.7
3886598,2024_18_SF_ARI,0,0,0,0,0,0,0,0,7,10,52,0,2024,Jauan Jennings,SF,12.2
3886598,2025_01_SF_SEA,0,0,0,0,0,0,0,0,2,5,16,0,2025,Jauan Jennings,SF,3.6
3886598,2025_02_SF_NO,0,0,0,0,0,0,0,0,5,10,89,1,2025,Jauan Jennings,SF,19.9
3886598,2025_04_JAX_SF,0,0,0,0,0,0,0,0,2,4,24,0,2025,Jauan Jennings,SF,4.4
3886598,2025_06_SF_TB,0,0,0,0,0,0,0,0,1,3,7,0,2025,Jauan Jennings,SF,1.7
3886598,2025_07_ATL_SF,0,0,0,0,0,0,0,0,4,7,31,0,2025,Jauan Jennings,SF,7.1
3886598,2025_08_SF_HOU,0,0,0,0,0,0,0,0,4,7,45,0,2025,Jauan Jennings,SF,8.5
3886598,2025_09_SF_NYG,0,0,0,0,0,0,0,0,4,5,41,1,2025,Jauan Jennings,SF,14.1
3886598,2025_10_LAR_SF,0,0,0,0,0,0,0,0,6,9,71,1,2025,Jauan Jennings,SF,19.1
3886598,2025_11_SF_ARI,0,0,0,0,0,0,0,0,4,6,54,0,2025,Jauan Jennings,SF,9.4
3886598,2025_12_CAR_SF,0,0,0,0,0,0,0,0,5,7,41,1,2025,Jauan Jennings,SF,15.1
3886598,2025_13_SF_CLE,0,0,0,0,0,0,0,0,4,6,39,1,2025,Jauan Jennings,SF,13.9
3886598,2025_15_TEN_SF,0,0,0,0,0,0,0,0,3,5,37,2,2025,Jauan Jennings,SF,18.7
3886598,2025_16_SF_IND,0,0,0,0,0,0,0,0,5,6,71,1,2025,Jauan Jennings,SF,18.1
3886598,2025_17_CHI_SF,0,0,0,0,0,0,0,0,2,4,42,1,2025,Jauan Jennings,SF,12.2
3886598,2025_18_SEA_SF,0,0,0,0,0,0,0,0,4,6,35,0,2025,Jauan Jennings,SF,7.5
4692022,2024_12_NE_MIA,0,0,0,0,0,0,0,0,0,1,0,0,2024,Javon Baker,NE,0.0
4692022,2024_16_NE_BUF,0,0,0,0,0,0,0,0,0,1,0,0,2024,Javon Baker,NE,0.0
4692022,2024_17_LAC_NE,0,0,0,0,0,0,0,0,0,1,0,0,2024,Javon Baker,NE,0.0
4692022,2024_18_BUF_NE,0,0,0,0,0,0,0,0,1,1,12,0,2024,Javon Baker,NE,2.2
4361579,2024_01_DEN_SEA,0,0,0,0,0,8,23,0,1,2,0,0,2024,Javonte Williams,DEN,3.3
4361579,2024_02_PIT_DEN,0,0,0,0,0,11,17,0,5,5,48,0,2024,Javonte Williams,DEN,11.5
4361579,2024_03_DEN_TB,0,0,0,0,0,5,12,0,4,4,29,0,2024,Javonte Williams,DEN,8.1
4361579,2024_04_DEN_NYJ,0,0,0,0,0,16,77,0,2,3,3,0,2024,Javonte Williams,DEN,10.0
4361579,2024_05_LV_DEN,0,0,0,0,0,13,61,0,5,6,50,0,2024,Javonte Williams,DEN,16.1
4361579,2024_06_LAC_DEN,0,0,0,0,0,6,23,0,3,6,13,0,2024,Javonte Williams,DEN,6.6
4361579,2024_07_DEN_NO,0,0,0,0,0,14,88,2,3,3,23,0,2024,Javonte Williams,DEN,26.1
4361579,2024_08_CAR_DEN,0,0,0,0,0,17,44,0,4,5,8,0,2024,Javonte Williams,DEN,9.2
4361579,2024_09_DEN_BAL,0,0,0,0,0,12,42,0,2,3,42,0,2024,Javonte Williams,DEN,10.4
4361579,2024_10_DEN_KC,0,0,0,0,0,1,1,0,2,2,6,0,2024,Javonte Williams,DEN,2.7
4361579,2024_11_ATL_DEN,0,0,0,0,0,9,59,1,4,5,28,0,2024,Javonte Williams,DEN,18.7
4361579,2024_12_DEN_LV,0,0,0,0,0,8,-2,0,2,4,6,0,2024,Javonte Williams,DEN,2.4
4361579,2024_13_CLE_DEN,0,0,0,0,0,4,1,1,1,2,3,0,2024,Javonte Williams,DEN,7.4
4361579,2024_15_IND_DEN,0,0,0,0,0,6,15,0,2,3,8,0,2024,Javonte Williams,DEN,4.3
4361579,2024_16_DEN_LAC,0,0,0,0,0,4,24,0,7,11,29,0,2024,Javonte Williams,DEN,12.3
4361579,2024_17_DEN_CIN,0,0,0,0,0,0,0,0,2,2,0,0,2024,Javonte Williams,DEN,2.0
4361579,2024_18_KC_DEN,0,0,0,0,0,5,28,0,3,4,50,0,2024,Javonte Williams,DEN,10.8
4361579,2025_01_DAL_PHI,0,0,0,0,0,15,54,2,2,3,10,0,2025,Javonte Williams,DAL,20.4
4361579,2025_02_NYG_DAL,0,0,0,0,0,18,97,1,6,7,33,0,2025,Javonte Williams,DAL,25.0
4361579,2025_03_DAL_CHI,0,0,0,0,0,10,76,0,5,5,16,0,2025,Javonte Williams,DAL,14.2
4361579,2025_04_GB_DAL,0,0,0,0,0,20,85,1,3,3,15,0,2025,Javonte Williams,DAL,19.0
4361579,2025_05_DAL_NYJ,0,0,0,0,0,16,135,1,1,2,4,1,2025,Javonte Williams,DAL,26.9
4361579,2025_06_DAL_CAR,0,0,0,0,0,13,29,0,5,8,5,0,2025,Javonte Williams,DAL,8.4
4361579,2025_07_WSH_DAL,0,0,0,0,0,19,116,1,1,4,2,0,2025,Javonte Williams,DAL,18.8
4361579,2025_08_DAL_DEN,0,0,0,0,0,13,41,2,1,2,8,0,2025,Javonte Williams,DAL,17.9
4361579,2025_09_ARI_DAL,0,0,0,0,0,15,83,0,1,1,0,0,2025,Javonte Williams,DAL,9.3
4361579,2025_11_DAL_LV,0,0,0,0,0,22,93,0,1,1,0,0,2025,Javonte Williams,DAL,10.3
4361579,2025_12_PHI_DAL,0,0,0,0,0,20,87,0,2,3,14,0,2025,Javonte Williams,DAL,12.1
4361579,2025_13_KC_DAL,0,0,0,0,0,17,59,0,3,3,21,1,2025,Javonte Williams,DAL,17.0
4361579,2025_14_DAL_DET,0,0,0,0,0,17,67,1,2,4,0,0,2025,Javonte Williams,DAL,14.7
4361579,2025_15_MIN_DAL,0,0,0,0,0,15,91,1,0,0,0,0,2025,Javonte Williams,DAL,15.1
4361579,2025_16_LAC_DAL,0,0,0,0,0,9,34,0,2,3,9,0,2025,Javonte Williams,DAL,6.3
4361579,2025_17_DAL_WSH,0,0,0,0,0,13,54,1,0,2,0,0,2025,Javonte Williams,DAL,11.4
4429939,2025_15_ARI_HOU,0,0,0,0,0,15,101,0,2,2,17,0,2025,Jawhar Jordan,HOU,13.8
4429939,2025_16_LV_HOU,0,0,0,0,0,15,53,0,5,5,17,0,2025,Jawhar Jordan,HOU,12.0
4429939,2025_17_HOU_LAC,0,0,0,0,0,8,36,0,0,0,0,0,2025,Jawhar Jordan,HOU,3.6
4429939,2025_18_IND_HOU,0,0,0,0,0,5,3,0,0,0,0,0,2025,Jawhar Jordan,HOU,0.3
4430878,2024_01_DEN_SEA,0,0,0,0,0,0,0,0,2,2,19,0,2024,Jaxon Smith-Njigba,SEA,3.9
4430878,2024_02_SEA_NE,0,0,0,0,0,0,0,0,12,16,117,0,2024,Jaxon Smith-Njigba,SEA,23.7
4430878,2024_03_MIA_SEA,0,0,0,0,0,0,0,0,3,3,39,0,2024,Jaxon Smith-Njigba,SEA,6.9
4430878,2024_04_SEA_DET,0,0,0,0,0,0,0,0,8,12,51,0,2024,Jaxon Smith-Njigba,SEA,13.1
4430878,2024_05_NYG_SEA,0,0,0,0,0,0,0,0,4,7,31,1,2024,Jaxon Smith-Njigba,SEA,13.1
4430878,2024_06_SF_SEA,0,0,0,0,0,0,0,0,5,9,53,0,2024,Jaxon Smith-Njigba,SEA,10.3
4430878,2024_07_SEA_ATL,1,1,35,0,0,0,0,0,3,6,9,0,2024,Jaxon Smith-Njigba,SEA,5.3
4430878,2024_08_BUF_SEA,0,0,0,0,0,0,0,0,6,7,69,0,2024,Jaxon Smith-Njigba,SEA,12.9
4430878,2024_09_LAR_SEA,0,0,0,0,0,0,0,0,7,13,180,2,2024,Jaxon Smith-Njigba,SEA,37.0
4430878,2024_11_SEA_SF,0,0,0,0,0,1,8,0,10,11,110,0,2024,Jaxon Smith-Njigba,SEA,21.8
4430878,2024_12_ARI_SEA,0,0,0,0,0,0,0,0,6,7,77,1,2024,Jaxon Smith-Njigba,SEA,19.7
4430878,2024_13_SEA_NYJ,0,0,0,0,0,1,5,0,4,4,74,0,2024,Jaxon Smith-Njigba,SEA,11.9
4430878,2024_14_SEA_ARI,0,0,0,0,0,1,4,0,5,5,82,1,2024,Jaxon Smith-Njigba,SEA,19.6
4430878,2024_15_GB_SEA,0,0,0,0,0,0,0,0,10,12,83,0,2024,Jaxon Smith-Njigba,SEA,18.3
4430878,2024_16_MIN_SEA,0,0,0,0,0,1,5,0,8,12,95,1,2024,Jaxon Smith-Njigba,SEA,24.0
4430878,2024_17_SEA_CHI,0,0,0,0,0,0,0,0,3,6,32,0,2024,Jaxon Smith-Njigba,SEA,6.2
4430878,2024_18_SEA_LAR,0,0,0,0,0,1,4,0,4,5,9,0,2024,Jaxon Smith-Njigba,SEA,5.3
4430878,2025_01_SF_SEA,0,0,0,0,0,0,0,0,9,13,124,0,2025,Jaxon Smith-Njigba,SEA,21.4
4430878,2025_02_SEA_PIT,0,0,0,0,0,0,0,0,8,10,103,0,2025,Jaxon Smith-Njigba,SEA,18.3
4430878,2025_03_NO_SEA,0,0,0,0,0,0,0,0,5,6,96,1,2025,Jaxon Smith-Njigba,SEA,20.6
4430878,2025_04_SEA_ARI,0,0,0,0,0,3,11,0,4,5,79,0,2025,Jaxon Smith-Njigba,SEA,13.0
4430878,2025_05_TB_SEA,0,0,0,0,0,0,0,0,8,9,132,1,2025,Jaxon Smith-Njigba,SEA,27.2
4430878,2025_06_SEA_JAX,0,0,0,0,0,0,0,0,8,13,162,1,2025,Jaxon Smith-Njigba,SEA,30.2
4430878,2025_07_HOU_SEA,0,0,0,0,0,0,0,0,8,14,123,1,2025,Jaxon Smith-Njigba,SEA,26.3
4430878,2025_09_SEA_WSH,0,0,0,0,0,1,11,0,8,9,129,0,2025,Jaxon Smith-Njigba,SEA,22.0
4430878,2025_10_ARI_SEA,0,0,0,0,0,0,0,0,5,6,93,1,2025,Jaxon Smith-Njigba,SEA,20.3
4430878,2025_11_SEA_LAR,0,0,0,0,0,1,11,0,9,12,105,0,2025,Jaxon Smith-Njigba,SEA,20.6
4430878,2025_12_SEA_TEN,0,0,0,0,0,1,4,0,8,10,167,2,2025,Jaxon Smith-Njigba,SEA,37.1
4430878,2025_13_MIN_SEA,0,0,0,0,0,0,0,0,2,4,23,0,2025,Jaxon Smith-Njigba,SEA,4.3
4430878,2025_14_SEA_ATL,0,0,0,0,0,1,-1,0,7,10,92,2,2025,Jaxon Smith-Njigba,SEA,28.1
4430878,2025_15_IND_SEA,0,0,0,0,0,0,0,0,7,9,113,0,2025,Jaxon Smith-Njigba,SEA,18.3
4430878,2025_16_LAR_SEA,0,0,0,0,0,0,0,0,8,13,96,1,2025,Jaxon Smith-Njigba,SEA,23.6
4430878,2025_17_SEA_CAR,0,0,0,0,0,0,0,0,9,12,72,0,2025,Jaxon Smith-Njigba,SEA,16.2
4430878,2025_18_SEA_SF,0,0,0,0,0,0,0,0,6,8,84,0,2025,Jaxon Smith-Njigba,SEA,14.4
4689114,2025_04_LAC_NYG,13,20,111,1,0,10,54,1,0,0,0,0,2025,Jaxson Dart,NYG,19.84
4689114,2025_05_NYG_NO,26,40,202,2,2,7,55,0,0,0,0,0,2025,Jaxson Dart,NYG,19.58
4689114,2025_06_PHI_NYG,17,25,195,1,0,13,58,1,0,0,0,0,2025,Jaxson Dart,NYG,23.6
4689114,2025_07_NYG_DEN,15,33,283,3,1,5,11,1,0,0,0,0,2025,Jaxson Dart,NYG,29.42
4689114,2025_08_NYG_PHI,14,24,193,1,0,6,17,1,0,0,0,0,2025,Jaxson Dart,NYG,19.42
4689114,2025_09_SF_NYG,24,33,191,2,0,8,56,1,0,0,0,0,2025,Jaxson Dart,NYG,27.24
4689114,2025_10_NYG_CHI,19,29,242,0,0,6,66,2,0,0,0,0,2025,Jaxson Dart,NYG,28.28
4689114,2025_13_NYG_NE,17,24,139,1,0,4,20,0,0,0,0,0,2025,Jaxson Dart,NYG,11.56
4689114,2025_15_WSH_NYG,20,36,246,2,1,9,63,0,0,0,0,0,2025,Jaxson Dart,NYG,23.14
4689114,2025_16_MIN_NYG,7,13,33,0,1,2,7,0,0,0,0,0,2025,Jaxson Dart,NYG,1.02
4689114,2025_17_NYG_LV,22,30,207,0,0,9,48,2,0,0,0,0,2025,Jaxson Dart,NYG,25.08
4689114,2025_18_DAL_NYG,22,32,230,2,0,5,32,0,0,0,0,0,2025,Jaxson Dart,NYG,20.4
4426348,2024_01_WSH_TB,17,24,184,0,0,16,88,2,0,0,0,0,2024,Jayden Daniels,WSH,28.16
4426348,2024_02_NYG_WSH,23,29,226,0,0,10,44,0,0,0,0,0,2024,Jayden Daniels,WSH,13.44
4426348,2024_03_WSH_CIN,21,23,254,2,0,12,39,1,0,0,0,0,2024,Jayden Daniels,WSH,28.06
4426348,2024_04_WSH_ARI,26,30,233,1,1,8,47,1,0,0,0,0,2024,Jayden Daniels,WSH,23.02
4426348,2024_05_CLE_WSH,14,25,238,1,1,11,82,0,0,0,0,0,2024,Jayden Daniels,WSH,20.72
4426348,2024_06_WSH_BAL,24,35,269,2,0,6,22,0,0,0,0,0,2024,Jayden Daniels,WSH,20.96
4426348,2024_07_CAR_WSH,2,2,6,0,0,3,50,0,0,0,0,0,2024,Jayden Daniels,WSH,5.24
4426348,2024_08_CHI_WSH,21,38,326,1,0,8,52,0,0,0,0,0,2024,Jayden Daniels,WSH,22.24
4426348,2024_09_WSH_NYG,15,22,209,2,0,8,35,0,0,0,0,0,2024,Jayden Daniels,WSH,19.86
4426348,2024_10_PIT_WSH,17,34,202,0,0,3,5,0,0,0,0,0,2024,Jayden Daniels,WSH,8.58
4426348,2024_11_WSH_PHI,22,32,191,1,1,7,18,0,0,0,0,0,2024,Jayden Daniels,WSH,12.44
4426348,2024_12_DAL_WSH,25,38,275,2,2,7,74,1,0,0,0,0,2024,Jayden Daniels,WSH,30.4
4426348,2024_13_TEN_WSH,25,30,206,3,1,9,34,1,0,0,0,0,2024,Jayden Daniels,WSH,28.64
4426348,2024_15_WSH_NO,25,31,226,2,0,11,66,0,0,0,0,0,2024,Jayden Daniels,WSH,23.64
4426348,2024_16_PHI_WSH,24,39,258,5,2,9,81,0,0,0,0,0,2024,Jayden Daniels,WSH,36.42
4426348,2024_17_ATL_WSH,24,36,227,3,1,16,127,0,0,0,0,0,2024,Jayden Daniels,WSH,32.78
4426348,2024_18_WSH_DAL,6,12,38,0,0,4,27,0,0,0,0,0,2024,Jayden Daniels,WSH,4.22
4426348,2025_01_NYG_WSH,19,30,233,1,0,11,68,0,0,0,0,0,2025,Jayden Daniels,WSH,20.12
4426348,2025_02_WSH_GB,24,42,200,2,0,7,17,0,0,0,0,0,2025,Jayden Daniels,WSH,17.7
4426348,2025_05_WSH_LAC,15,26,231,1,0,8,39,0,0,0,0,0,2025,Jayden Daniels,WSH,17.14
4426348,2025_06_CHI_WSH,19,26,211,3,1,10,52,0,0,0,0,0,2025,Jayden Daniels,WSH,24.64
4426348,2025_07_WSH_DAL,12,22,156,1,0,8,35,1,0,0,0,0,2025,Jayden Daniels,WSH,19.74
4426348,2025_09_SEA_WSH,16,22,153,0,1,10,51,1,0,0,0,0,2025,Jayden Daniels,WSH,16.22
4426348,2025_14_WSH_MIN,9,20,78,0,1,4,16,0,0,0,0,0,2025,Jayden Daniels,WSH,3.72
4877706,2025_01_HOU_LAR,0,0,0,0,0,0,0,0,2,3,32,0,2025,Jayden Higgins,HOU,5.2
4877706,2025_02_TB_HOU,0,0,0,0,0,0,0,0,1,1,28,0,2025,Jayden Higgins,HOU,3.8
4877706,2025_03_HOU_JAX,0,0,0,0,0,0,0,0,1,1,5,0,2025,Jayden Higgins,HOU,1.5
4877706,2025_04_TEN_HOU,0,0,0,0,0,0,0,0,1,1,24,1,2025,Jayden Higgins,HOU,9.4
4877706,2025_05_HOU_BAL,0,0,0,0,0,0,0,0,4,4,32,0,2025,Jayden Higgins,HOU,7.2
4877706,2025_07_HOU_SEA,0,0,0,0,0,0,0,0,0,3,0,0,2025,Jayden Higgins,HOU,0.0
4877706,2025_08_SF_HOU,0,0,0,0,0,0,0,0,4,8,34,1,2025,Jayden Higgins,HOU,13.4
4877706,2025_09_DEN_HOU,0,0,0,0,0,0,0,0,1,1,4,0,2025,Jayden Higgins,HOU,1.4
4877706,2025_10_JAX_HOU,0,0,0,0,0,0,0,0,5,7,42,1,2025,Jayden Higgins,HOU,15.2
4877706,2025_11_HOU_TEN,0,0,0,0,0,0,0,0,4,7,55,0,2025,Jayden Higgins,HOU,9.5
4877706,2025_12_BUF_HOU,0,0,0,0,0,0,0,0,4,9,38,1,2025,Jayden Higgins,HOU,13.8
4877706,2025_13_HOU_IND,0,0,0,0,0,0,0,0,5,5,65,0,2025,Jayden Higgins,HOU,11.5
4877706,2025_14_HOU_KC,0,0,0,0,0,0,0,0,3,5,34,0,2025,Jayden Higgins,HOU,6.4
4877706,2025_15_ARI_HOU,0,0,0,0,0,0,0,0,1,1,4,0,2025,Jayden Higgins,HOU,1.4
4877706,2025_16_LV_HOU,0,0,0,0,0,0,0,0,1,3,17,0,2025,Jayden Higgins,HOU,2.7
4877706,2025_17_HOU_LAC,0,0,0,0,0,0,0,0,2,4,88,1,2025,Jayden Higgins,HOU,16.8
4877706,2025_18_IND_HOU,0,0,0,0,0,0,0,0,2,5,23,1,2025,Jayden Higgins,HOU,10.3
4362249,2024_01_GB_PHI,0,0,0,0,0,1,33,1,4,6,138,1,2024,Jayden Reed,GB,33.1
4362249,2024_02_IND_GB,0,0,0,0,0,2,37,0,2,2,9,0,2024,Jayden Reed,GB,6.6
4362249,2024_03_GB_TEN,0,0,0,0,0,2,19,0,4,6,50,0,2024,Jayden Reed,GB,10.9
4362249,2024_04_MIN_GB,0,0,0,0,0,1,2,0,7,8,139,1,2024,Jayden Reed,GB,27.1
4362249,2024_05_GB_LAR,0,0,0,0,0,2,19,0,4,6,78,0,2024,Jayden Reed,GB,13.7
4362249,2024_06_ARI_GB,0,0,0,0,0,1,0,0,6,6,28,1,2024,Jayden Reed,GB,14.8
4362249,2024_07_HOU_GB,0,0,0,0,0,1,0,0,2,4,10,0,2024,Jayden Reed,GB,3.0
4362249,2024_08_GB_JAX,0,0,0,0,0,1,0,0,2,3,55,0,2024,Jayden Reed,GB,7.5
4362249,2024_09_DET_GB,0,0,0,0,0,0,0,0,5,6,113,0,2024,Jayden Reed,GB,16.3
4362249,2024_11_GB_CHI,0,0,0,0,0,1,-5,0,2,2,23,1,2024,Jayden Reed,GB,9.8
4362249,2024_12_SF_GB,0,0,0,0,0,0,0,0,3,3,26,0,2024,Jayden Reed,GB,5.6
4362249,2024_13_MIA_GB,0,0,0,0,0,1,23,0,3,6,24,2,2024,Jayden Reed,GB,19.7
4362249,2024_14_GB_DET,0,0,0,0,0,0,0,0,0,1,0,0,2024,Jayden Reed,GB,0.0
4362249,2024_15_GB_SEA,0,0,0,0,0,3,27,0,5,6,34,0,2024,Jayden Reed,GB,11.1
4362249,2024_16_NO_GB,0,0,0,0,0,1,5,0,3,4,76,0,2024,Jayden Reed,GB,11.1
4362249,2024_17_GB_MIN,0,0,0,0,0,0,0,0,1,4,6,0,2024,Jayden Reed,GB,1.6
4362249,2024_18_CHI_GB,0,0,0,0,0,3,3,0,2,2,48,0,2024,Jayden Reed,GB,7.1
4362249,2025_01_DET_GB,0,0,0,0,0,0,0,0,3,5,45,1,2025,Jayden Reed,GB,13.5
4362249,2025_14_CHI_GB,0,0,0,0,0,2,22,0,4,4,31,0,2025,Jayden Reed,GB,9.3
4362249,2025_15_GB_DEN,0,0,0,0,0,0,0,0,5,6,55,0,2025,Jayden Reed,GB,10.5
4362249,2025_16_GB_CHI,0,0,0,0,0,1,6,0,3,3,35,0,2025,Jayden Reed,GB,7.1
4362249,2025_17_BAL_GB,0,0,0,0,0,0,0,0,4,4,41,0,2025,Jayden Reed,GB,8.1
4685279,2025_05_DAL_NYJ,0,0,0,0,0,4,7,0,0,0,0,0,2025,Jaydon Blue,DAL,0.7
4685279,2025_06_DAL_CAR,0,0,0,0,0,3,0,0,0,0,0,0,2025,Jaydon Blue,DAL,0.0
4685279,2025_07_WSH_DAL,0,0,0,0,0,7,29,0,1,1,5,0,2025,Jaydon Blue,DAL,4.4
4685279,2025_08_DAL_DEN,0,0,0,0,0,8,29,0,0,0,0,0,2025,Jaydon Blue,DAL,2.9
4685279,2025_18_DAL_NYG,0,0,0,0,0,16,64,1,0,0,0,0,2025,Jaydon Blue,DAL,12.4
4372016,2024_01_JAX_MIA,0,0,0,0,0,1,3,0,5,5,109,0,2024,Jaylen Waddle,MIA,16.2
4372016,2024_02_BUF_MIA,0,0,0,0,0,1,4,0,4,4,41,0,2024,Jaylen Waddle,MIA,8.5
4372016,2024_03_MIA_SEA,0,0,0,0,0,0,0,0,4,5,26,0,2024,Jaylen Waddle,MIA,6.6
4372016,2024_04_TEN_MIA,0,0,0,0,0,0,0,0,4,6,36,0,2024,Jaylen Waddle,MIA,7.6
4372016,2024_05_MIA_NE,0,0,0,0,0,0,0,0,4,8,46,0,2024,Jaylen Waddle,MIA,8.6
4372016,2024_07_MIA_IND,0,0,0,0,0,0,0,0,1,2,11,0,2024,Jaylen Waddle,MIA,2.1
4372016,2024_08_ARI_MIA,0,0,0,0,0,0,0,0,4,6,45,0,2024,Jaylen Waddle,MIA,8.5
4372016,2024_09_MIA_BUF,0,0,0,0,0,0,0,0,2,2,-4,1,2024,Jaylen Waddle,MIA,7.6
4372016,2024_10_MIA_LAR,0,0,0,0,0,1,-1,0,3,6,57,0,2024,Jaylen Waddle,MIA,8.6
4372016,2024_11_LV_MIA,0,0,0,0,0,0,0,0,2,3,37,0,2024,Jaylen Waddle,MIA,5.7
4372016,2024_12_NE_MIA,0,0,0,0,0,0,0,0,8,9,144,1,2024,Jaylen Waddle,MIA,28.4
4372016,2024_13_MIA_GB,0,0,0,0,0,0,0,0,4,4,53,0,2024,Jaylen Waddle,MIA,9.3
4372016,2024_14_NYJ_MIA,0,0,0,0,0,0,0,0,9,12,99,0,2024,Jaylen Waddle,MIA,18.9
4372016,2024_15_MIA_HOU,0,0,0,0,0,0,0,0,0,2,0,0,2024,Jaylen Waddle,MIA,0.0
4372016,2024_18_MIA_NYJ,0,0,0,0,0,1,6,0,4,9,44,0,2024,Jaylen Waddle,MIA,9.0
4372016,2025_01_MIA_IND,0,0,0,0,0,0,0,0,4,5,30,0,2025,Jaylen Waddle,MIA,7.0
4372016,2025_02_NE_MIA,0,0,0,0,0,0,0,0,5,6,68,1,2025,Jaylen Waddle,MIA,17.8
4372016,2025_03_MIA_BUF,0,0,0,0,0,0,0,0,5,6,39,1,2025,Jaylen Waddle,MIA,14.9
4372016,2025_04_NYJ_MIA,0,0,0,0,0,0,0,0,3,6,48,0,2025,Jaylen Waddle,MIA,7.8
4372016,2025_05_MIA_CAR,0,0,0,0,0,0,0,0,6,9,110,1,2025,Jaylen Waddle,MIA,23.0
4372016,2025_06_LAC_MIA,1,1,8,0,0,0,0,0,6,8,95,0,2025,Jaylen Waddle,MIA,15.82
4372016,2025_07_MIA_CLE,0,0,0,0,0,0,0,0,1,4,15,0,2025,Jaylen Waddle,MIA,2.5
4372016,2025_08_MIA_ATL,0,0,0,0,0,0,0,0,5,6,99,1,2025,Jaylen Waddle,MIA,20.9
4372016,2025_09_BAL_MIA,0,0,0,0,0,0,0,0,6,9,82,0,2025,Jaylen Waddle,MIA,14.2
4372016,2025_10_BUF_MIA,0,0,0,0,0,0,0,0,5,7,84,1,2025,Jaylen Waddle,MIA,19.4
4372016,2025_11_WSH_MIA,0,0,0,0,0,0,0,0,3,7,52,0,2025,Jaylen Waddle,MIA,8.2
4372016,2025_13_NO_MIA,0,0,0,0,0,0,0,0,3,6,40,0,2025,Jaylen Waddle,MIA,7.0
4372016,2025_14_MIA_NYJ,0,0,0,0,0,1,21,0,5,7,50,1,2025,Jaylen Waddle,MIA,18.1
4372016,2025_15_MIA_PIT,0,0,0,0,0,0,0,0,2,4,26,0,2025,Jaylen Waddle,MIA,4.6
4372016,2025_16_CIN_MIA,0,0,0,0,0,0,0,0,5,9,72,0,2025,Jaylen Waddle,MIA,12.2
4372016,2025_17_TB_MIA,0,0,0,0,0,1,7,0,0,1,0,0,2025,Jaylen Waddle,MIA,0.7
4569987,2024_01_PIT_ATL,0,0,0,0,0,2,7,0,2,2,13,0,2024,Jaylen Warren,PIT,4.0
4569987,2024_02_PIT_DEN,0,0,0,0,0,9,42,0,2,2,19,0,2024,Jaylen Warren,PIT,8.1
4569987,2024_03_LAC_PIT,0,0,0,0,0,3,5,0,1,1,-4,0,2024,Jaylen Warren,PIT,1.1
4569987,2024_06_PIT_LV,0,0,0,0,0,6,7,0,3,3,11,0,2024,Jaylen Warren,PIT,4.8
4569987,2024_07_NYJ_PIT,0,0,0,0,0,12,44,0,2,3,15,0,2024,Jaylen Warren,PIT,7.9
4569987,2024_08_NYG_PIT,0,0,0,0,0,9,46,0,2,3,13,0,2024,Jaylen Warren,PIT,7.9
4569987,2024_10_PIT_WSH,0,0,0,0,0,14,66,0,2,2,29,0,2024,Jaylen Warren,PIT,11.5
4569987,2024_11_BAL_PIT,0,0,0,0,0,9,41,0,4,4,27,0,2024,Jaylen Warren,PIT,10.8
4569987,2024_12_PIT_CLE,0,0,0,0,0,11,45,1,3,4,19,0,2024,Jaylen Warren,PIT,15.4
4569987,2024_13_PIT_CIN,0,0,0,0,0,3,9,0,4,4,55,0,2024,Jaylen Warren,PIT,10.4
4569987,2024_14_CLE_PIT,0,0,0,0,0,9,47,0,2,5,25,0,2024,Jaylen Warren,PIT,9.2
4569987,2024_15_PIT_PHI,0,0,0,0,0,4,12,0,1,2,3,0,2024,Jaylen Warren,PIT,2.5
4569987,2024_16_PIT_BAL,0,0,0,0,0,12,48,0,5,5,44,0,2024,Jaylen Warren,PIT,14.2
4569987,2024_17_KC_PIT,0,0,0,0,0,11,71,0,5,6,41,0,2024,Jaylen Warren,PIT,16.2
4569987,2024_18_CIN_PIT,0,0,0,0,0,6,21,0,0,1,0,0,2024,Jaylen Warren,PIT,2.1
4569987,2025_01_PIT_NYJ,0,0,0,0,0,11,37,0,2,2,22,1,2025,Jaylen Warren,PIT,13.9
4569987,2025_02_SEA_PIT,0,0,0,0,0,14,48,0,4,4,86,0,2025,Jaylen Warren,PIT,17.4
4569987,2025_03_PIT_NE,0,0,0,0,0,18,47,0,5,6,34,0,2025,Jaylen Warren,PIT,13.1
4569987,2025_06_CLE_PIT,0,0,0,0,0,11,52,0,2,2,11,0,2025,Jaylen Warren,PIT,8.3
4569987,2025_07_PIT_CIN,0,0,0,0,0,16,127,0,4,5,31,0,2025,Jaylen Warren,PIT,19.8
4569987,2025_08_GB_PIT,0,0,0,0,0,13,62,0,2,3,11,0,2025,Jaylen Warren,PIT,9.3
4569987,2025_09_IND_PIT,0,0,0,0,0,16,31,2,2,2,-2,0,2025,Jaylen Warren,PIT,16.9
4569987,2025_10_PIT_LAC,0,0,0,0,0,14,70,0,2,2,21,0,2025,Jaylen Warren,PIT,11.1
4569987,2025_11_CIN_PIT,0,0,0,0,0,10,62,0,2,2,5,0,2025,Jaylen Warren,PIT,8.7
4569987,2025_12_PIT_CHI,0,0,0,0,0,18,68,1,0,0,0,0,2025,Jaylen Warren,PIT,12.8
4569987,2025_13_BUF_PIT,0,0,0,0,0,10,35,1,2,4,9,0,2025,Jaylen Warren,PIT,12.4
4569987,2025_14_PIT_BAL,0,0,0,0,0,8,13,0,3,3,49,1,2025,Jaylen Warren,PIT,15.2
4569987,2025_15_MIA_PIT,0,0,0,0,0,12,33,0,3,3,15,0,2025,Jaylen Warren,PIT,7.8
4569987,2025_16_PIT_DET,0,0,0,0,0,14,143,2,2,2,8,0,2025,Jaylen Warren,PIT,29.1
4569987,2025_17_PIT_CLE,0,0,0,0,0,12,64,0,0,0,0,0,2025,Jaylen Warren,PIT,6.4
4569987,2025_18_BAL_PIT,0,0,0,0,0,14,66,0,5,5,33,0,2025,Jaylen Warren,PIT,14.9
4682745,2024_02_BUF_MIA,0,0,0,0,0,5,4,0,0,0,0,0,2024,Jaylen Wright,MIA,0.4
4682745,2024_04_TEN_MIA,0,0,0,0,0,9,32,0,0,1,0,0,2024,Jaylen Wright,MIA,3.2
4682745,2024_05_MIA_NE,0,0,0,0,0,13,86,0,0,0,0,0,2024,Jaylen Wright,MIA,8.6
4682745,2024_07_MIA_IND,0,0,0,0,0,5,33,0,0,0,0,0,2024,Jaylen Wright,MIA,3.3
4682745,2024_09_MIA_BUF,0,0,0,0,0,6,18,0,0,0,0,0,2024,Jaylen Wright,MIA,1.8
4682745,2024_10_MIA_LAR,0,0,0,0,0,5,3,0,0,0,0,0,2024,Jaylen Wright,MIA,0.3
4682745,2024_11_LV_MIA,0,0,0,0,0,5,4,0,1,1,2,0,2024,Jaylen Wright,MIA,1.6
4682745,2024_12_NE_MIA,0,0,0,0,0,7,28,0,0,1,0,0,2024,Jaylen Wright,MIA,2.8
4682745,2024_14_NYJ_MIA,0,0,0,0,0,2,7,0,2,3,6,0,2024,Jaylen Wright,MIA,3.3
4682745,2024_18_MIA_NYJ,0,0,0,0,0,6,-4,0,0,0,0,0,2024,Jaylen Wright,MIA,-0.4
4682745,2025_08_MIA_ATL,0,0,0,0,0,9,28,0,1,1,0,0,2025,Jaylen Wright,MIA,3.8
4682745,2025_10_BUF_MIA,0,0,0,0,0,5,17,0,0,0,0,0,2025,Jaylen Wright,MIA,1.7
4682745,2025_13_NO_MIA,0,0,0,0,0,3,16,0,0,0,0,0,2025,Jaylen Wright,MIA,1.6
4682745,2025_14_MIA_NYJ,0,0,0,0,0,24,107,1,0,3,0,0,2025,Jaylen Wright,MIA,16.7
4682745,2025_15_MIA_PIT,0,0,0,0,0,1,2,0,1,1,9,0,2025,Jaylen Wright,MIA,2.1
4682745,2025_16_CIN_MIA,0,0,0,0,0,9,35,1,1,2,18,0,2025,Jaylen Wright,MIA,12.3
4682745,2025_17_TB_MIA,0,0,0,0,0,5,56,0,0,0,0,0,2025,Jaylen Wright,MIA,5.6
4682745,2025_18_MIA_NE,0,0,0,0,0,13,23,0,2,2,17,0,2025,Jaylen Wright,MIA,6.0
4602667,2025_01_NYG_WSH,0,0,0,0,0,0,0,0,1,2,11,0,2025,Jaylin Lane,WSH,2.1
4602667,2025_02_WSH_GB,0,0,0,0,0,0,0,0,1,4,2,0,2025,Jaylin Lane,WSH,1.2
4602667,2025_03_LV_WSH,0,0,0,0,0,0,0,0,1,2,-2,0,2025,Jaylin Lane,WSH,0.8
4602667,2025_04_WSH_ATL,0,0,0,0,0,0,0,0,2,3,18,0,2025,Jaylin Lane,WSH,3.8
4602667,2025_05_WSH_LAC,0,0,0,0,0,0,0,0,1,2,16,0,2025,Jaylin Lane,WSH,2.6
4602667,2025_06_CHI_WSH,0,0,0,0,0,1,7,0,1,2,37,0,2025,Jaylin Lane,WSH,5.4
4602667,2025_07_WSH_DAL,0,0,0,0,0,0,0,0,3,6,60,0,2025,Jaylin Lane,WSH,9.0
4602667,2025_08_WSH_KC,0,0,0,0,0,0,0,0,1,2,0,0,2025,Jaylin Lane,WSH,1.0
4602667,2025_09_SEA_WSH,0,0,0,0,0,0,0,0,3,5,29,0,2025,Jaylin Lane,WSH,5.9
4602667,2025_10_DET_WSH,0,0,0,0,0,0,0,0,1,1,41,0,2025,Jaylin Lane,WSH,5.1
4602667,2025_11_WSH_MIA,0,0,0,0,0,0,0,0,1,1,13,0,2025,Jaylin Lane,WSH,2.3
4602667,2025_13_DEN_WSH,0,0,0,0,0,0,0,0,0,1,0,0,2025,Jaylin Lane,WSH,0.0
4602667,2025_15_WSH_NYG,0,0,0,0,0,0,0,0,0,1,0,0,2025,Jaylin Lane,WSH,0.0
4586312,2025_01_HOU_LAR,0,0,0,0,0,0,0,0,1,2,7,0,2025,Jaylin Noel,HOU,1.7
4586312,2025_03_HOU_JAX,0,0,0,0,0,0,0,0,1,1,4,0,2025,Jaylin Noel,HOU,1.4
4586312,2025_04_TEN_HOU,0,0,0,0,0,1,2,0,1,1,-2,0,2025,Jaylin Noel,HOU,1.0
4586312,2025_05_HOU_BAL,0,0,0,0,0,1,5,0,2,3,13,1,2025,Jaylin Noel,HOU,9.8
4586312,2025_07_HOU_SEA,0,0,0,0,0,0,0,0,4,7,77,0,2025,Jaylin Noel,HOU,11.7
4586312,2025_08_SF_HOU,0,0,0,0,0,0,0,0,5,6,63,0,2025,Jaylin Noel,HOU,11.3
4586312,2025_10_JAX_HOU,0,0,0,0,0,0,0,0,4,4,35,0,2025,Jaylin Noel,HOU,7.5
4586312,2025_11_HOU_TEN,0,0,0,0,0,0,0,0,1,1,12,0,2025,Jaylin Noel,HOU,2.2
4586312,2025_12_BUF_HOU,0,0,0,0,0,1,5,0,1,2,4,0,2025,Jaylin Noel,HOU,1.9
4586312,2025_13_HOU_IND,0,0,0,0,0,0,0,0,0,1,0,0,2025,Jaylin Noel,HOU,0.0
4586312,2025_14_HOU_KC,0,0,0,0,0,1,1,0,2,2,12,0,2025,Jaylin Noel,HOU,3.3
4586312,2025_17_HOU_LAC,0,0,0,0,0,1,2,0,3,4,54,1,2025,Jaylin Noel,HOU,14.6
4586312,2025_18_IND_HOU,0,0,0,0,0,0,0,0,1,1,13,0,2025,Jaylin Noel,HOU,2.3
3122976,2024_01_JAX_MIA,0,0,0,0,0,5,26,0,0,0,0,0,2024,Jeff Wilson Jr.,MIA,2.6
3122976,2024_02_BUF_MIA,0,0,0,0,0,0,0,0,2,2,12,0,2024,Jeff Wilson Jr.,MIA,3.2
3122976,2024_03_MIA_SEA,0,0,0,0,0,3,14,0,0,0,0,0,2024,Jeff Wilson Jr.,MIA,1.4
3122976,2024_14_NYJ_MIA,0,0,0,0,0,1,4,0,1,1,7,0,2024,Jeff Wilson Jr.,MIA,2.1
3122976,2024_17_MIA_CLE,0,0,0,0,0,3,5,0,0,0,0,0,2024,Jeff Wilson Jr.,MIA,0.5
4035369,2025_15_TEN_SF,0,0,0,0,0,0,0,0,1,1,1,1,2025,Jeffery Simmons,TEN,7.1
4241410,2025_16_NYJ_NO,0,0,0,0,0,0,0,0,0,2,0,0,2025,Jelani Woods,NYJ,0.0
4241410,2025_17_NE_NYJ,0,0,0,0,0,0,0,0,1,1,4,0,2025,Jelani Woods,NYJ,1.4
3127586,2024_04_WSH_ARI,0,0,0,0,0,8,68,2,1,1,6,0,2024,Jeremy McNichols,WSH,20.4
3127586,2024_05_CLE_WSH,0,0,0,0,0,7,44,1,0,0,0,0,2024,Jeremy McNichols,WSH,10.4
3127586,2024_07_CAR_WSH,0,0,0,0,0,7,42,0,0,0,0,0,2024,Jeremy McNichols,WSH,4.2
3127586,2024_09_WSH_NYG,0,0,0,0,0,8,20,0,0,1,0,0,2024,Jeremy McNichols,WSH,2.0
3127586,2024_10_PIT_WSH,0,0,0,0,0,4,7,1,0,0,0,0,2024,Jeremy McNichols,WSH,6.7
3127586,2024_11_WSH_PHI,0,0,0,0,0,3,5,0,1,1,1,0,2024,Jeremy McNichols,WSH,1.6
3127586,2024_12_DAL_WSH,0,0,0,0,0,3,22,0,0,0,0,0,2024,Jeremy McNichols,WSH,2.2
3127586,2024_13_TEN_WSH,0,0,0,0,0,6,32,0,0,0,0,0,2024,Jeremy McNichols,WSH,3.2
3127586,2024_15_WSH_NO,0,0,0,0,0,2,4,0,1,2,0,0,2024,Jeremy McNichols,WSH,1.4
3127586,2024_16_PHI_WSH,0,0,0,0,0,2,3,0,4,4,15,0,2024,Jeremy McNichols,WSH,5.8
3127586,2024_17_ATL_WSH,0,0,0,0,0,1,5,0,2,3,5,0,2024,Jeremy McNichols,WSH,3.0
3127586,2025_01_NYG_WSH,0,0,0,0,0,4,25,0,0,0,0,0,2025,Jeremy McNichols,WSH,2.5
3127586,2025_03_LV_WSH,0,0,0,0,0,4,78,1,0,0,0,0,2025,Jeremy McNichols,WSH,13.8
3127586,2025_04_WSH_ATL,0,0,0,0,0,2,3,0,1,2,0,0,2025,Jeremy McNichols,WSH,1.3
3127586,2025_05_WSH_LAC,0,0,0,0,0,1,6,0,1,2,12,0,2025,Jeremy McNichols,WSH,2.8
3127586,2025_06_CHI_WSH,0,0,0,0,0,2,5,0,3,4,30,0,2025,Jeremy McNichols,WSH,6.5
3127586,2025_07_WSH_DAL,0,0,0,0,0,2,22,0,2,3,23,0,2025,Jeremy McNichols,WSH,6.5
3127586,2025_08_WSH_KC,0,0,0,0,0,1,4,0,5,6,64,0,2025,Jeremy McNichols,WSH,11.8
3127586,2025_10_DET_WSH,0,0,0,0,0,5,25,0,1,1,4,0,2025,Jeremy McNichols,WSH,3.9
3127586,2025_11_WSH_MIA,0,0,0,0,0,4,13,0,2,2,16,0,2025,Jeremy McNichols,WSH,4.9
3127586,2025_13_DEN_WSH,0,0,0,0,0,6,30,0,2,2,0,0,2025,Jeremy McNichols,WSH,5.0
3127586,2025_14_WSH_MIN,0,0,0,0,0,0,0,0,1,1,2,0,2025,Jeremy McNichols,WSH,1.2
3127586,2025_15_WSH_NYG,0,0,0,0,0,9,6,0,1,1,16,0,2025,Jeremy McNichols,WSH,3.2
3127586,2025_16_PHI_WSH,0,0,0,0,0,1,3,0,2,3,9,0,2025,Jeremy McNichols,WSH,3.2
3127586,2025_17_DAL_WSH,0,0,0,0,0,1,-2,0,3,3,12,0,2025,Jeremy McNichols,WSH,4.0
3127586,2025_18_WSH_PHI,0,0,0,0,0,1,3,0,1,1,8,0,2025,Jeremy McNichols,WSH,2.1
4361372,2024_02_NYJ_TEN,0,0,0,0,0,0,0,0,0,3,0,0,2024,Jeremy Ruckert,NYJ,0.0
4361372,2024_03_NE_NYJ,0,0,0,0,0,0,0,0,2,2,15,0,2024,Jeremy Ruckert,NYJ,3.5
4361372,2024_04_DEN_NYJ,0,0,0,0,0,0,0,0,2,2,10,0,2024,Jeremy Ruckert,NYJ,3.0
4361372,2024_06_BUF_NYJ,0,0,0,0,0,0,0,0,2,3,7,0,2024,Jeremy Ruckert,NYJ,2.7
4361372,2024_08_NYJ_NE,0,0,0,0,0,0,0,0,3,3,14,0,2024,Jeremy Ruckert,NYJ,4.4
4361372,2024_09_HOU_NYJ,0,0,0,0,0,0,0,0,1,1,4,0,2024,Jeremy Ruckert,NYJ,1.4
4361372,2024_10_NYJ_ARI,0,0,0,0,0,0,0,0,2,2,17,0,2024,Jeremy Ruckert,NYJ,3.7
4361372,2024_11_IND_NYJ,0,0,0,0,0,0,0,0,1,2,6,0,2024,Jeremy Ruckert,NYJ,1.6
4361372,2024_13_SEA_NYJ,0,0,0,0,0,0,0,0,1,2,3,0,2024,Jeremy Ruckert,NYJ,1.3
4361372,2024_14_NYJ_MIA,0,0,0,0,0,0,0,0,0,1,0,0,2024,Jeremy Ruckert,NYJ,0.0
4361372,2024_15_NYJ_JAX,0,0,0,0,0,0,0,0,1,3,12,0,2024,Jeremy Ruckert,NYJ,2.2
4361372,2024_16_LAR_NYJ,0,0,0,0,0,0,0,0,2,2,12,0,2024,Jeremy Ruckert,NYJ,3.2
4361372,2024_18_MIA_NYJ,0,0,0,0,0,0,0,0,1,2,5,0,2024,Jeremy Ruckert,NYJ,1.5
4361372,2025_01_PIT_NYJ,0,0,0,0,0,0,0,0,2,2,16,0,2025,Jeremy Ruckert,NYJ,3.6
4361372,2025_02_BUF_NYJ,0,0,0,0,0,0,0,0,1,1,5,1,2025,Jeremy Ruckert,NYJ,7.5
4361372,2025_04_NYJ_MIA,0,0,0,0,0,0,0,0,1,1,23,0,2025,Jeremy Ruckert,NYJ,3.3
4361372,2025_05_DAL_NYJ,0,0,0,0,0,0,0,0,4,4,28,0,2025,Jeremy Ruckert,NYJ,6.8
4361372,2025_07_CAR_NYJ,0,0,0,0,0,0,0,0,0,1,0,0,2025,Jeremy Ruckert,NYJ,0.0
4361372,2025_08_NYJ_CIN,0,0,0,0,0,0,0,0,1,1,24,0,2025,Jeremy Ruckert,NYJ,3.4
4361372,2025_10_CLE_NYJ,0,0,0,0,0,0,0,0,1,1,0,0,2025,Jeremy Ruckert,NYJ,1.0
4361372,2025_11_NYJ_NE,0,0,0,0,0,0,0,0,4,5,23,0,2025,Jeremy Ruckert,NYJ,6.3
4361372,2025_13_ATL_NYJ,0,0,0,0,0,0,0,0,2,2,12,0,2025,Jeremy Ruckert,NYJ,3.2
4361372,2025_14_MIA_NYJ,0,0,0,0,0,0,0,0,2,3,19,0,2025,Jeremy Ruckert,NYJ,3.9
4361372,2025_15_NYJ_JAX,0,0,0,0,0,0,0,0,2,2,13,0,2025,Jeremy Ruckert,NYJ,3.3
4361372,2025_16_NYJ_NO,0,0,0,0,0,0,0,0,2,3,14,0,2025,Jeremy Ruckert,NYJ,3.4
4361372,2025_17_NE_NYJ,0,0,0,0,0,0,0,0,1,3,2,0,2025,Jeremy Ruckert,NYJ,1.2
4429033,2024_02_CIN_KC,0,0,0,0,0,0,0,0,1,2,47,0,2024,Jermaine Burton,CIN,5.7
4429033,2024_08_PHI_CIN,0,0,0,0,0,0,0,0,1,3,41,0,2024,Jermaine Burton,CIN,5.1
4429033,2024_10_CIN_BAL,0,0,0,0,0,0,0,0,1,5,11,0,2024,Jermaine Burton,CIN,2.1
4429033,2024_11_CIN_LAC,0,0,0,0,0,0,0,0,1,4,8,0,2024,Jermaine Burton,CIN,1.8
4374033,2024_16_DET_CHI,0,0,0,0,0,3,13,0,1,1,10,0,2024,Jermar Jefferson,DET,3.3
4374033,2024_17_DET_SF,0,0,0,0,0,3,9,0,0,0,0,0,2024,Jermar Jefferson,DET,0.9
4372019,2024_01_DAL_CLE,0,0,0,0,0,12,44,1,6,7,25,0,2024,Jerome Ford,CLE,18.9
4372019,2024_02_CLE_JAX,0,0,0,0,0,7,64,0,1,2,0,0,2024,Jerome Ford,CLE,7.4
4372019,2024_03_NYG_CLE,0,0,0,0,0,10,37,0,3,4,33,0,2024,Jerome Ford,CLE,10.0
4372019,2024_04_CLE_LV,0,0,0,0,0,10,58,0,7,7,27,0,2024,Jerome Ford,CLE,15.5
4372019,2024_05_CLE_WSH,0,0,0,0,0,9,47,0,3,3,2,0,2024,Jerome Ford,CLE,7.9
4372019,2024_09_LAC_CLE,0,0,0,0,0,2,5,0,1,3,2,0,2024,Jerome Ford,CLE,1.7
4372019,2024_11_CLE_NO,0,0,0,0,0,5,10,0,4,4,29,0,2024,Jerome Ford,CLE,7.9
4372019,2024_12_PIT_CLE,0,0,0,0,0,4,19,0,1,1,8,0,2024,Jerome Ford,CLE,3.7
4372019,2024_13_CLE_DEN,0,0,0,0,0,9,41,0,1,1,21,0,2024,Jerome Ford,CLE,7.2
4372019,2024_14_CLE_PIT,0,0,0,0,0,10,28,0,3,4,19,0,2024,Jerome Ford,CLE,7.7
4372019,2024_15_KC_CLE,0,0,0,0,0,7,84,1,2,2,20,0,2024,Jerome Ford,CLE,18.4
4372019,2024_16_CLE_CIN,0,0,0,0,0,11,92,1,5,5,39,0,2024,Jerome Ford,CLE,24.1
4372019,2024_17_MIA_CLE,0,0,0,0,0,6,22,0,0,0,0,0,2024,Jerome Ford,CLE,2.2
4372019,2025_01_CIN_CLE,0,0,0,0,0,6,8,0,1,1,-3,0,2025,Jerome Ford,CLE,1.5
4372019,2025_02_CLE_BAL,0,0,0,0,0,6,31,0,5,6,23,0,2025,Jerome Ford,CLE,10.4
4372019,2025_03_GB_CLE,0,0,0,0,0,0,0,0,4,4,10,0,2025,Jerome Ford,CLE,5.0
4372019,2025_04_CLE_DET,0,0,0,0,0,1,-1,0,1,2,4,0,2025,Jerome Ford,CLE,1.3
4372019,2025_05_MIN_CLE,0,0,0,0,0,5,18,0,2,2,20,0,2025,Jerome Ford,CLE,5.8
4372019,2025_06_CLE_PIT,0,0,0,0,0,2,17,0,5,6,13,0,2025,Jerome Ford,CLE,8.0
4372019,2025_07_MIA_CLE,0,0,0,0,0,1,0,0,2,2,10,0,2025,Jerome Ford,CLE,3.0
4372019,2025_08_CLE_NE,0,0,0,0,0,0,0,0,1,2,-1,0,2025,Jerome Ford,CLE,0.9
4372019,2025_10_CLE_NYJ,0,0,0,0,0,1,1,0,0,1,0,0,2025,Jerome Ford,CLE,0.1
4372019,2025_13_SF_CLE,0,0,0,0,0,0,0,0,3,3,17,0,2025,Jerome Ford,CLE,4.7
4372019,2025_14_TEN_CLE,0,0,0,0,0,0,0,0,2,3,10,0,2025,Jerome Ford,CLE,3.0
4241463,2024_01_DAL_CLE,0,0,0,0,0,0,0,0,3,8,25,1,2024,Jerry Jeudy,CLE,11.5
4241463,2024_02_CLE_JAX,0,0,0,0,0,0,0,0,5,6,73,0,2024,Jerry Jeudy,CLE,12.3
4241463,2024_03_NYG_CLE,0,0,0,0,0,0,0,0,4,7,27,0,2024,Jerry Jeudy,CLE,6.7
4241463,2024_04_CLE_LV,0,0,0,0,0,0,0,0,6,9,72,0,2024,Jerry Jeudy,CLE,13.2
4241463,2024_05_CLE_WSH,0,0,0,0,0,0,0,0,1,3,16,0,2024,Jerry Jeudy,CLE,2.6
4241463,2024_06_CLE_PHI,0,0,0,0,0,0,0,0,1,3,35,0,2024,Jerry Jeudy,CLE,4.5
4241463,2024_07_CIN_CLE,0,0,0,0,0,0,0,0,1,6,18,0,2024,Jerry Jeudy,CLE,2.8
4241463,2024_08_BAL_CLE,0,0,0,0,0,0,0,0,5,8,79,0,2024,Jerry Jeudy,CLE,12.9
4241463,2024_09_LAC_CLE,0,0,0,0,0,0,0,0,7,11,73,0,2024,Jerry Jeudy,CLE,14.3
4241463,2024_11_CLE_NO,0,0,0,0,0,0,0,0,6,11,142,1,2024,Jerry Jeudy,CLE,26.2
4241463,2024_12_PIT_CLE,0,0,0,0,0,0,0,0,6,6,85,0,2024,Jerry Jeudy,CLE,14.5
4241463,2024_13_CLE_DEN,0,0,0,0,0,0,0,0,9,13,235,1,2024,Jerry Jeudy,CLE,38.5
4241463,2024_14_CLE_PIT,0,0,0,0,0,0,0,0,5,6,64,1,2024,Jerry Jeudy,CLE,17.4
4241463,2024_15_KC_CLE,0,0,0,0,0,0,0,0,11,14,108,0,2024,Jerry Jeudy,CLE,21.8
4241463,2024_16_CLE_CIN,0,0,0,0,0,0,0,0,2,3,20,0,2024,Jerry Jeudy,CLE,4.0
4241463,2024_17_MIA_CLE,0,0,0,0,0,0,0,0,12,18,94,0,2024,Jerry Jeudy,CLE,21.4
4241463,2024_18_CLE_BAL,0,0,0,0,0,0,0,0,6,13,63,0,2024,Jerry Jeudy,CLE,12.3
4241463,2025_01_CIN_CLE,0,0,0,0,0,0,0,0,5,8,66,0,2025,Jerry Jeudy,CLE,11.6
4241463,2025_02_CLE_BAL,0,0,0,0,0,0,0,0,4,8,51,0,2025,Jerry Jeudy,CLE,9.1
4241463,2025_03_GB_CLE,0,0,0,0,0,0,0,0,1,5,17,0,2025,Jerry Jeudy,CLE,2.7
4241463,2025_04_CLE_DET,0,0,0,0,0,0,0,0,3,9,48,0,2025,Jerry Jeudy,CLE,7.8
4241463,2025_05_MIN_CLE,0,0,0,0,0,0,0,0,2,5,15,0,2025,Jerry Jeudy,CLE,3.5
4241463,2025_06_CLE_PIT,0,0,0,0,0,0,0,0,5,13,43,0,2025,Jerry Jeudy,CLE,9.3
4241463,2025_07_MIA_CLE,0,0,0,0,0,0,0,0,2,4,17,0,2025,Jerry Jeudy,CLE,3.7
4241463,2025_08_CLE_NE,0,0,0,0,0,0,0,0,0,2,0,0,2025,Jerry Jeudy,CLE,0.0
4241463,2025_10_CLE_NYJ,0,0,0,0,0,0,0,0,6,12,78,1,2025,Jerry Jeudy,CLE,19.8
4241463,2025_11_BAL_CLE,0,0,0,0,0,0,0,0,3,7,21,0,2025,Jerry Jeudy,CLE,5.1
4241463,2025_12_CLE_LV,0,0,0,0,0,0,0,0,1,3,39,0,2025,Jerry Jeudy,CLE,4.9
4241463,2025_13_SF_CLE,0,0,0,0,0,0,0,0,3,4,26,0,2025,Jerry Jeudy,CLE,5.6
4241463,2025_14_TEN_CLE,0,0,0,0,0,0,0,0,3,5,76,1,2025,Jerry Jeudy,CLE,16.6
4241463,2025_15_CLE_CHI,0,0,0,0,0,0,0,0,2,4,22,0,2025,Jerry Jeudy,CLE,4.2
4241463,2025_16_BUF_CLE,0,0,0,0,0,0,0,0,3,4,12,0,2025,Jerry Jeudy,CLE,4.2
4241463,2025_17_PIT_CLE,0,0,0,0,0,0,0,0,5,7,54,0,2025,Jerry Jeudy,CLE,10.4
4241463,2025_18_CLE_CIN,0,0,0,0,0,1,5,0,2,6,17,0,2025,Jerry Jeudy,CLE,4.2
4427575,2024_08_TEN_DET,0,0,0,0,0,0,0,0,0,1,0,0,2024,Jha'Quan Jackson,TEN,0.0
4427575,2024_09_NE_TEN,0,0,0,0,0,1,-5,0,1,2,8,0,2024,Jha'Quan Jackson,TEN,1.3
16760,2024_18_SEA_LAR,27,41,334,2,1,2,5,0,0,0,0,0,2024,Jimmy Garoppolo,LAR,20.86
16760,2025_07_LAR_JAX,0,0,0,0,0,3,-3,0,0,0,0,0,2025,Jimmy Garoppolo,LAR,-0.3
16760,2025_14_LAR_ARI,0,0,0,0,0,3,-4,0,0,0,0,0,2025,Jimmy Garoppolo,LAR,-0.4
16760,2025_18_ARI_LAR,0,0,0,0,0,3,-3,0,0,0,0,0,2025,Jimmy Garoppolo,LAR,-0.3
4708486,2025_05_MIA_CAR,0,0,0,0,0,2,10,0,2,3,21,0,2025,Jimmy Horn Jr.,CAR,5.1
4708486,2025_06_DAL_CAR,0,0,0,0,0,1,11,0,2,2,36,0,2025,Jimmy Horn Jr.,CAR,6.7
4708486,2025_07_CAR_NYJ,0,0,0,0,0,1,7,0,1,2,8,0,2025,Jimmy Horn Jr.,CAR,2.5
4708486,2025_08_BUF_CAR,0,0,0,0,0,2,9,0,0,1,0,0,2025,Jimmy Horn Jr.,CAR,0.9
4708486,2025_09_CAR_GB,0,0,0,0,0,1,7,0,1,2,1,0,2025,Jimmy Horn Jr.,CAR,1.8
4708486,2025_12_CAR_SF,0,0,0,0,0,0,0,0,1,1,11,0,2025,Jimmy Horn Jr.,CAR,2.1
4708486,2025_15_CAR_NO,0,0,0,0,0,0,0,0,1,1,7,0,2025,Jimmy Horn Jr.,CAR,1.7
4708486,2025_17_SEA_CAR,0,0,0,0,0,0,0,0,2,2,9,0,2025,Jimmy Horn Jr.,CAR,2.9
4708486,2025_18_CAR_TB,0,0,0,0,0,0,0,0,1,1,15,0,2025,Jimmy Horn Jr.,CAR,2.5
4408854,2024_05_NO_KC,0,0,0,0,0,0,0,0,1,1,5,0,2024,Jody Fortson,KC,1.5
4408854,2024_07_KC_SF,0,0,0,0,0,0,0,0,0,1,0,0,2024,Jody Fortson,KC,0.0
4408854,2024_08_KC_LV,0,0,0,0,0,0,0,0,0,1,0,0,2024,Jody Fortson,KC,0.0
3915511,2024_01_NE_CIN,21,29,164,0,0,4,15,0,0,0,0,0,2024,Joe Burrow,CIN,8.06
3915511,2024_02_CIN_KC,23,36,258,2,0,6,9,0,0,0,0,0,2024,Joe Burrow,CIN,19.22
3915511,2024_03_WSH_CIN,29,38,324,3,0,1,4,0,0,0,0,0,2024,Joe Burrow,CIN,25.36
3915511,2024_04_CIN_CAR,22,31,232,2,1,1,10,0,0,0,0,0,2024,Joe Burrow,CIN,17.28
3915511,2024_05_BAL_CIN,30,39,392,5,1,2,1,0,0,0,0,0,2024,Joe Burrow,CIN,34.78
3915511,2024_06_CIN_NYG,19,28,208,0,0,4,55,1,0,0,0,0,2024,Joe Burrow,CIN,19.82
3915511,2024_07_CIN_CLE,15,25,181,2,0,3,-3,0,0,0,0,0,2024,Joe Burrow,CIN,14.94
3915511,2024_08_PHI_CIN,26,37,234,1,1,3,15,0,0,0,0,0,2024,Joe Burrow,CIN,13.86
3915511,2024_09_LV_CIN,27,39,251,5,1,3,11,0,0,0,0,0,2024,Joe Burrow,CIN,30.14
3915511,2024_10_CIN_BAL,34,56,428,4,0,2,6,0,0,0,0,0,2024,Joe Burrow,CIN,33.72
3915511,2024_11_CIN_LAC,28,50,356,3,0,2,28,0,0,0,0,0,2024,Joe Burrow,CIN,29.04
3915511,2024_13_PIT_CIN,28,38,309,3,1,2,9,0,0,0,0,0,2024,Joe Burrow,CIN,24.26
3915511,2024_14_CIN_DAL,33,44,369,3,1,2,-2,0,0,0,0,0,2024,Joe Burrow,CIN,25.56
3915511,2024_15_CIN_TEN,26,37,271,3,2,0,0,0,0,0,0,0,2024,Joe Burrow,CIN,20.84
3915511,2024_16_CLE_CIN,23,30,252,3,0,2,19,0,0,0,0,0,2024,Joe Burrow,CIN,23.98
3915511,2024_17_DEN_CIN,39,49,412,3,0,4,25,1,0,0,0,0,2024,Joe Burrow,CIN,36.98
3915511,2024_18_CIN_PIT,37,46,277,1,1,1,-1,0,0,0,0,0,2024,Joe Burrow,CIN,13.98
3915511,2025_01_CIN_CLE,14,23,113,1,0,2,3,0,0,0,0,0,2025,Joe Burrow,CIN,8.82
3915511,2025_02_JAX_CIN,7,13,76,1,0,0,0,0,0,0,0,0,2025,Joe Burrow,CIN,7.04
3915511,2025_13_CIN_BAL,24,46,261,2,0,3,8,0,0,0,0,0,2025,Joe Burrow,CIN,19.24
3915511,2025_14_CIN_BUF,25,36,284,4,2,0,0,0,0,0,0,0,2025,Joe Burrow,CIN,25.36
3915511,2025_15_BAL_CIN,25,39,225,0,2,2,5,0,0,0,0,0,2025,Joe Burrow,CIN,7.5
3915511,2025_16_CIN_MIA,25,32,309,4,0,2,6,0,0,0,0,0,2025,Joe Burrow,CIN,28.96
3915511,2025_17_ARI_CIN,24,31,305,2,0,3,2,0,0,0,0,0,2025,Joe Burrow,CIN,20.4
3915511,2025_18_CLE_CIN,29,39,236,3,1,2,17,0,0,0,0,0,2025,Joe Burrow,CIN,22.14
11252,2024_04_PIT_IND,16,26,168,2,0,2,3,0,0,0,0,0,2024,Joe Flacco,IND,15.02
11252,2024_05_IND_JAX,33,44,359,3,0,3,22,0,0,0,0,0,2024,Joe Flacco,IND,28.56
11252,2024_06_IND_TEN,22,38,189,2,1,1,1,0,0,0,0,0,2024,Joe Flacco,IND,14.66
11252,2024_09_IND_MIN,16,27,179,0,1,2,-1,0,0,0,0,0,2024,Joe Flacco,IND,6.06
11252,2024_10_BUF_IND,26,35,272,2,3,0,0,0,0,0,0,0,2024,Joe Flacco,IND,15.88
11252,2024_17_IND_NYG,26,38,330,2,2,1,1,0,0,0,0,0,2024,Joe Flacco,IND,19.3
11252,2024_18_JAX_IND,23,40,264,1,0,0,0,0,0,0,0,0,2024,Joe Flacco,IND,14.56
11252,2025_01_CIN_CLE,31,45,290,1,2,2,6,0,0,0,0,0,2025,Joe Flacco,CLE,14.2
11252,2025_02_CLE_BAL,25,45,199,1,1,1,8,0,0,0,0,0,2025,Joe Flacco,CLE,11.76
11252,2025_03_GB_CLE,21,36,142,0,1,0,0,0,0,0,0,0,2025,Joe Flacco,CLE,4.68
11252,2025_04_CLE_DET,16,34,184,0,2,3,-1,0,0,0,0,0,2025,Joe Flacco,CLE,5.26
11252,2025_06_CIN_GB,29,45,219,2,0,0,0,0,0,0,0,0,2025,Joe Flacco,CIN,16.76
11252,2025_07_PIT_CIN,31,47,342,3,0,5,3,0,0,0,0,0,2025,Joe Flacco,CIN,25.98
11252,2025_08_NYJ_CIN,21,34,223,2,0,2,14,1,0,0,0,0,2025,Joe Flacco,CIN,24.32
11252,2025_09_CHI_CIN,31,47,470,4,2,1,-1,0,0,0,0,0,2025,Joe Flacco,CIN,32.7
11252,2025_11_CIN_PIT,23,40,199,1,1,1,-1,0,0,0,0,0,2025,Joe Flacco,CIN,10.86
11252,2025_12_NE_CIN,19,37,183,1,1,1,3,0,0,0,0,0,2025,Joe Flacco,CIN,10.62
11252,2025_17_ARI_CIN,3,5,24,0,0,4,2,0,0,0,0,0,2025,Joe Flacco,CIN,1.16
4360698,2024_18_BUF_NE,22,29,241,1,0,10,16,1,0,0,0,0,2024,Joe Milton III,NE,21.24
4360698,2025_03_DAL_CHI,3,5,41,0,1,0,0,0,0,0,0,0,2025,Joe Milton III,DAL,0.64
4360698,2025_16_LAC_DAL,2,2,11,0,0,1,7,0,0,0,0,0,2025,Joe Milton III,DAL,1.14
4360698,2025_18_DAL_NYG,7,13,73,0,1,4,43,0,0,0,0,0,2025,Joe Milton III,DAL,6.22
3116385,2024_01_HOU_IND,0,0,0,0,0,30,159,1,3,3,19,0,2024,Joe Mixon,HOU,26.8
3116385,2024_02_CHI_HOU,0,0,0,0,0,9,25,0,3,5,25,0,2024,Joe Mixon,HOU,8.0
3116385,2024_06_HOU_NE,0,0,0,0,0,13,102,1,2,3,30,1,2024,Joe Mixon,HOU,27.2
3116385,2024_07_HOU_GB,0,0,0,0,0,25,115,2,2,3,9,0,2024,Joe Mixon,HOU,26.4
3116385,2024_08_IND_HOU,0,0,0,0,0,25,102,1,4,6,32,0,2024,Joe Mixon,HOU,23.4
3116385,2024_09_HOU_NYJ,0,1,0,0,0,24,106,1,0,0,0,0,2024,Joe Mixon,HOU,16.6
3116385,2024_10_DET_HOU,0,0,0,0,0,25,46,1,2,4,44,0,2024,Joe Mixon,HOU,17.0
3116385,2024_11_HOU_DAL,0,0,0,0,0,20,109,3,2,4,44,0,2024,Joe Mixon,HOU,35.3
3116385,2024_12_TEN_HOU,0,0,0,0,0,14,22,0,5,6,23,0,2024,Joe Mixon,HOU,9.5
3116385,2024_13_HOU_JAX,0,0,0,0,0,20,101,1,4,6,18,0,2024,Joe Mixon,HOU,21.9
3116385,2024_15_MIA_HOU,0,0,0,0,0,12,23,0,5,6,33,0,2024,Joe Mixon,HOU,10.6
3116385,2024_16_HOU_KC,0,0,0,0,0,14,57,0,1,2,14,0,2024,Joe Mixon,HOU,8.1
3116385,2024_17_BAL_HOU,0,0,0,0,0,9,26,0,2,3,13,0,2024,Joe Mixon,HOU,5.9
3116385,2024_18_HOU_TEN,0,0,0,0,0,5,23,0,1,1,5,0,2024,Joe Mixon,HOU,3.8
4048228,2024_01_WSH_TB,0,0,0,0,0,0,0,0,0,1,0,0,2024,John Bates,WSH,0.0
4048228,2024_02_NYG_WSH,0,0,0,0,0,0,0,0,1,1,5,0,2024,John Bates,WSH,1.5
4048228,2024_04_WSH_ARI,0,0,0,0,0,0,0,0,1,1,9,0,2024,John Bates,WSH,1.9
4048228,2024_08_CHI_WSH,0,0,0,0,0,0,0,0,1,2,20,0,2024,John Bates,WSH,3.0
4048228,2024_11_WSH_PHI,0,0,0,0,0,0,0,0,2,3,17,0,2024,John Bates,WSH,3.7
4048228,2024_12_DAL_WSH,0,0,0,0,0,0,0,0,1,1,13,0,2024,John Bates,WSH,2.3
4048228,2024_15_WSH_NO,0,0,0,0,0,0,0,0,1,1,6,0,2024,John Bates,WSH,1.6
4048228,2024_16_PHI_WSH,0,0,0,0,0,0,0,0,0,1,0,0,2024,John Bates,WSH,0.0
4048228,2024_17_ATL_WSH,0,0,0,0,0,0,0,0,1,1,14,0,2024,John Bates,WSH,2.4
4048228,2024_18_WSH_DAL,0,0,0,0,0,0,0,0,0,1,0,0,2024,John Bates,WSH,0.0
4048228,2025_05_WSH_LAC,0,0,0,0,0,0,0,0,1,1,9,0,2025,John Bates,WSH,1.9
4048228,2025_07_WSH_DAL,0,0,0,0,0,0,0,0,1,2,5,0,2025,John Bates,WSH,1.5
4048228,2025_08_WSH_KC,0,0,0,0,0,0,0,0,1,1,22,0,2025,John Bates,WSH,3.2
4048228,2025_09_SEA_WSH,0,0,0,0,0,0,0,0,2,4,20,0,2025,John Bates,WSH,4.0
4048228,2025_10_DET_WSH,0,0,0,0,0,0,0,0,1,2,6,0,2025,John Bates,WSH,1.6
4048228,2025_13_DEN_WSH,0,0,0,0,0,0,0,0,2,2,9,0,2025,John Bates,WSH,2.9
4048228,2025_15_WSH_NYG,0,0,0,0,0,0,0,0,1,1,19,0,2025,John Bates,WSH,2.9
4048228,2025_16_PHI_WSH,0,0,0,0,0,0,0,0,0,1,0,0,2025,John Bates,WSH,0.0
4048228,2025_18_WSH_PHI,0,0,0,0,0,0,0,0,2,2,13,1,2025,John Bates,WSH,9.3
4379401,2024_12_SF_GB,0,0,0,0,0,0,0,0,1,1,2,0,2024,John FitzPatrick,GB,1.2
4379401,2025_01_DET_GB,0,0,0,0,0,0,0,0,1,1,2,0,2025,John FitzPatrick,GB,1.2
4379401,2025_03_GB_CLE,0,0,0,0,0,0,0,0,2,2,12,1,2025,John FitzPatrick,GB,9.2
4379401,2025_07_GB_ARI,0,0,0,0,0,0,0,0,1,1,6,0,2025,John FitzPatrick,GB,1.6
4379401,2025_08_GB_PIT,0,0,0,0,0,0,0,0,1,1,4,0,2025,John FitzPatrick,GB,1.4
4379401,2025_11_GB_NYG,0,0,0,0,0,0,0,0,1,1,5,0,2025,John FitzPatrick,GB,1.5
4379401,2025_12_MIN_GB,0,0,0,0,0,0,0,0,1,1,11,0,2025,John FitzPatrick,GB,2.1
4379401,2025_13_GB_DET,0,0,0,0,0,0,0,0,0,1,0,0,2025,John FitzPatrick,GB,0.0
4379401,2025_14_CHI_GB,0,0,0,0,0,0,0,0,2,2,14,0,2025,John FitzPatrick,GB,3.4
4379401,2025_15_GB_DEN,0,0,0,0,0,0,0,0,3,4,18,0,2025,John FitzPatrick,GB,4.8
4379401,2025_16_GB_CHI,0,0,0,0,0,0,0,0,0,1,0,0,2025,John FitzPatrick,GB,0.0
4567096,2024_04_JAX_HOU,0,0,0,0,0,0,0,0,1,1,7,0,2024,John Metchie III,HOU,1.7
4567096,2024_08_IND_HOU,0,0,0,0,0,0,0,0,3,4,29,0,2024,John Metchie III,HOU,5.9
4567096,2024_09_HOU_NYJ,0,0,0,0,0,0,0,0,0,2,0,0,2024,John Metchie III,HOU,0.0
4567096,2024_10_DET_HOU,0,0,0,0,0,0,0,0,5,6,74,1,2024,John Metchie III,HOU,18.4
4567096,2024_11_HOU_DAL,0,0,0,0,0,0,0,0,3,3,33,0,2024,John Metchie III,HOU,6.3
4567096,2024_12_TEN_HOU,0,0,0,0,0,0,0,0,1,3,6,0,2024,John Metchie III,HOU,1.6
4567096,2024_13_HOU_JAX,0,0,0,0,0,0,0,0,2,2,16,0,2024,John Metchie III,HOU,3.6
4567096,2024_15_MIA_HOU,0,0,0,0,0,0,0,0,2,4,17,0,2024,John Metchie III,HOU,3.7
4567096,2024_17_BAL_HOU,0,0,0,0,0,0,0,0,5,8,48,0,2024,John Metchie III,HOU,9.8
4567096,2024_18_HOU_TEN,0,0,0,0,0,0,0,0,2,4,24,0,2024,John Metchie III,HOU,4.4
4567096,2025_02_PHI_KC,0,0,0,0,0,0,0,0,1,1,0,0,2025,John Metchie III,PHI,1.0
4567096,2025_03_LAR_PHI,0,0,0,0,0,0,0,0,1,1,8,0,2025,John Metchie III,PHI,1.8
4567096,2025_04_PHI_TB,0,0,0,0,0,0,0,0,2,2,10,0,2025,John Metchie III,PHI,3.0
4567096,2025_10_CLE_NYJ,0,0,0,0,0,1,-7,0,1,1,3,0,2025,John Metchie III,NYJ,0.6
4567096,2025_11_NYJ_NE,0,0,0,0,0,0,0,0,3,3,45,1,2025,John Metchie III,NYJ,13.5
4567096,2025_12_NYJ_BAL,0,0,0,0,0,0,0,0,6,7,65,1,2025,John Metchie III,NYJ,18.5
4567096,2025_13_ATL_NYJ,0,0,0,0,0,1,-2,0,4,8,19,0,2025,John Metchie III,NYJ,5.7
4567096,2025_14_MIA_NYJ,0,0,0,0,0,0,0,0,4,8,34,0,2025,John Metchie III,NYJ,7.4
4567096,2025_15_NYJ_JAX,0,0,0,0,0,1,4,0,4,5,25,0,2025,John Metchie III,NYJ,6.9
4567096,2025_16_NYJ_NO,0,0,0,0,0,0,0,0,1,5,4,0,2025,John Metchie III,NYJ,1.4
4567096,2025_17_NE_NYJ,0,0,0,0,0,0,0,0,3,3,41,0,2025,John Metchie III,NYJ,7.1
4567096,2025_18_NYJ_BUF,0,0,0,0,0,0,0,0,3,4,20,0,2025,John Metchie III,NYJ,5.0
3052177,2024_04_PHI_TB,0,0,0,0,0,0,0,0,1,2,6,0,2024,John Ross,PHI,1.6
4242526,2024_08_KC_LV,0,0,0,0,0,0,0,0,1,1,7,0,2024,John Samuel Shenker,LV,1.7
3052096,2024_01_MIN_NYG,0,0,0,0,0,0,0,0,2,3,15,0,2024,Johnny Mundt,MIN,3.5
3052096,2024_02_SF_MIN,0,0,0,0,0,0,0,0,2,3,12,0,2024,Johnny Mundt,MIN,3.2
3052096,2024_03_HOU_MIN,0,0,0,0,0,0,0,0,1,3,2,1,2024,Johnny Mundt,MIN,7.2
3052096,2024_04_MIN_GB,0,0,0,0,0,0,0,0,2,2,15,0,2024,Johnny Mundt,MIN,3.5
3052096,2024_05_NYJ_MIN,0,0,0,0,0,0,0,0,2,2,31,0,2024,Johnny Mundt,MIN,5.1
3052096,2024_07_DET_MIN,0,0,0,0,0,0,0,0,4,5,8,0,2024,Johnny Mundt,MIN,4.8
3052096,2024_08_MIN_LAR,0,0,0,0,0,0,0,0,1,2,10,0,2024,Johnny Mundt,MIN,2.0
3052096,2024_09_IND_MIN,0,0,0,0,0,0,0,0,0,1,0,0,2024,Johnny Mundt,MIN,0.0
3052096,2024_11_MIN_TEN,0,0,0,0,0,0,0,0,1,1,13,0,2024,Johnny Mundt,MIN,2.3
3052096,2024_12_MIN_CHI,0,0,0,0,0,0,0,0,1,1,7,0,2024,Johnny Mundt,MIN,1.7
3052096,2024_13_ARI_MIN,0,0,0,0,0,0,0,0,2,2,22,1,2024,Johnny Mundt,MIN,10.2
3052096,2024_15_CHI_MIN,0,0,0,0,0,0,0,0,0,1,0,0,2024,Johnny Mundt,MIN,0.0
3052096,2024_17_GB_MIN,0,0,0,0,0,0,0,0,1,1,7,0,2024,Johnny Mundt,MIN,1.7
3052096,2025_01_CAR_JAX,0,0,0,0,0,0,0,0,0,1,0,0,2025,Johnny Mundt,JAX,0.0
3052096,2025_03_HOU_JAX,0,0,0,0,0,0,0,0,1,1,7,0,2025,Johnny Mundt,JAX,1.7
3052096,2025_04_JAX_SF,0,0,0,0,0,0,0,0,0,1,0,0,2025,Johnny Mundt,JAX,0.0
3052096,2025_05_KC_JAX,0,0,0,0,0,0,0,0,1,1,7,0,2025,Johnny Mundt,JAX,1.7
3052096,2025_06_SEA_JAX,0,0,0,0,0,0,0,0,1,2,14,0,2025,Johnny Mundt,JAX,2.4
3052096,2025_07_LAR_JAX,0,0,0,0,0,0,0,0,1,4,9,0,2025,Johnny Mundt,JAX,1.9
3052096,2025_10_JAX_HOU,0,0,0,0,0,0,0,0,1,2,21,0,2025,Johnny Mundt,JAX,3.1
3052096,2025_11_LAC_JAX,0,0,0,0,0,0,0,0,2,3,25,0,2025,Johnny Mundt,JAX,4.5
3052096,2025_12_JAX_ARI,0,0,0,0,0,0,0,0,1,2,12,0,2025,Johnny Mundt,JAX,2.2
3052096,2025_17_JAX_IND,0,0,0,0,0,0,0,0,0,1,0,0,2025,Johnny Mundt,JAX,0.0
3052096,2025_18_TEN_JAX,0,0,0,0,0,0,0,0,1,1,16,0,2025,Johnny Mundt,JAX,2.6
4686104,2024_01_GB_PHI,0,0,0,0,0,0,0,0,0,1,0,0,2024,Johnny Wilson,PHI,0.0
4686104,2024_02_ATL_PHI,0,0,0,0,0,0,0,0,0,1,0,0,2024,Johnny Wilson,PHI,0.0
4686104,2024_03_PHI_NO,0,0,0,0,0,0,0,0,1,2,9,0,2024,Johnny Wilson,PHI,1.9
4686104,2024_04_PHI_TB,0,0,0,0,0,0,0,0,0,2,0,0,2024,Johnny Wilson,PHI,0.0
4686104,2024_10_PHI_DAL,0,0,0,0,0,0,0,0,1,1,5,1,2024,Johnny Wilson,PHI,7.5
4686104,2024_12_PHI_LAR,0,0,0,0,0,0,0,0,0,1,0,0,2024,Johnny Wilson,PHI,0.0
4686104,2024_14_CAR_PHI,0,0,0,0,0,0,0,0,0,1,0,0,2024,Johnny Wilson,PHI,0.0
4686104,2024_15_PIT_PHI,0,0,0,0,0,0,0,0,0,1,0,0,2024,Johnny Wilson,PHI,0.0
4686104,2024_18_NYG_PHI,0,0,0,0,0,0,0,0,3,5,24,0,2024,Johnny Wilson,PHI,5.4
4426485,2024_01_CAR_NO,0,0,0,0,0,1,3,0,2,5,40,0,2024,Jonathan Mingo,CAR,6.3
4426485,2024_02_LAC_CAR,0,0,0,0,0,0,0,0,1,2,1,0,2024,Jonathan Mingo,CAR,1.1
4426485,2024_03_CAR_LV,0,0,0,0,0,1,2,0,3,4,18,0,2024,Jonathan Mingo,CAR,5.0
4426485,2024_04_CIN_CAR,0,0,0,0,0,0,0,0,3,5,24,0,2024,Jonathan Mingo,CAR,5.4
4426485,2024_05_CAR_CHI,0,0,0,0,0,0,0,0,2,5,37,0,2024,Jonathan Mingo,CAR,5.7
4426485,2024_06_ATL_CAR,0,0,0,0,0,0,0,0,1,1,1,0,2024,Jonathan Mingo,CAR,1.1
4426485,2024_08_CAR_DEN,0,0,0,0,0,0,0,0,0,3,0,0,2024,Jonathan Mingo,CAR,0.0
4426485,2024_09_NO_CAR,0,0,0,0,0,0,0,0,0,1,0,0,2024,Jonathan Mingo,CAR,0.0
4426485,2024_11_HOU_DAL,0,0,0,0,0,0,0,0,0,4,0,0,2024,Jonathan Mingo,DAL,0.0
4426485,2024_12_DAL_WSH,0,0,0,0,0,0,0,0,1,2,8,0,2024,Jonathan Mingo,DAL,1.8
4426485,2024_13_NYG_DAL,0,0,0,0,0,0,0,0,1,4,2,0,2024,Jonathan Mingo,DAL,1.2
4426485,2024_14_CIN_DAL,0,0,0,0,0,0,0,0,0,1,0,0,2024,Jonathan Mingo,DAL,0.0
4426485,2024_17_DAL_PHI,0,0,0,0,0,0,0,0,1,3,12,0,2024,Jonathan Mingo,DAL,2.2
4426485,2024_18_WSH_DAL,0,0,0,0,0,0,0,0,2,2,24,0,2024,Jonathan Mingo,DAL,4.4
4426485,2025_14_DAL_DET,0,0,0,0,0,0,0,0,0,1,0,0,2025,Jonathan Mingo,DAL,0.0
4426485,2025_15_MIN_DAL,0,0,0,0,0,0,0,0,1,1,25,0,2025,Jonathan Mingo,DAL,3.5
4426485,2025_16_LAC_DAL,0,0,0,0,0,0,0,0,0,1,0,0,2025,Jonathan Mingo,DAL,0.0
4426485,2025_17_DAL_WSH,0,0,0,0,0,0,0,0,0,1,0,0,2025,Jonathan Mingo,DAL,0.0
4426485,2025_18_DAL_NYG,0,0,0,0,0,0,0,0,0,1,0,0,2025,Jonathan Mingo,DAL,0.0
4242335,2024_01_HOU_IND,0,0,0,0,0,16,48,1,0,0,0,0,2024,Jonathan Taylor,IND,10.8
4242335,2024_02_IND_GB,0,0,0,0,0,12,103,0,2,4,32,0,2024,Jonathan Taylor,IND,15.5
4242335,2024_03_CHI_IND,0,0,0,0,0,23,110,2,1,2,25,0,2024,Jonathan Taylor,IND,26.5
4242335,2024_04_PIT_IND,0,0,0,0,0,21,88,1,3,4,20,0,2024,Jonathan Taylor,IND,19.8
4242335,2024_08_IND_HOU,0,0,0,0,0,20,105,1,1,1,12,0,2024,Jonathan Taylor,IND,18.7
4242335,2024_09_IND_MIN,0,0,0,0,0,13,48,0,3,5,11,0,2024,Jonathan Taylor,IND,8.9
4242335,2024_10_BUF_IND,0,0,0,0,0,21,114,0,2,4,8,0,2024,Jonathan Taylor,IND,14.2
4242335,2024_11_IND_NYJ,0,0,0,0,0,24,57,0,1,2,3,0,2024,Jonathan Taylor,IND,7.0
4242335,2024_12_DET_IND,0,0,0,0,0,11,35,0,0,0,0,0,2024,Jonathan Taylor,IND,3.5
4242335,2024_13_IND_NE,0,0,0,0,0,25,96,0,1,1,7,1,2024,Jonathan Taylor,IND,17.3
4242335,2024_15_IND_DEN,0,0,0,0,0,22,107,0,1,2,4,0,2024,Jonathan Taylor,IND,12.1
4242335,2024_16_TEN_IND,0,0,0,0,0,29,218,3,0,0,0,0,2024,Jonathan Taylor,IND,39.8
4242335,2024_17_IND_NYG,0,0,0,0,0,32,125,2,2,4,11,0,2024,Jonathan Taylor,IND,27.6
4242335,2024_18_JAX_IND,0,0,0,0,0,34,177,1,1,2,3,0,2024,Jonathan Taylor,IND,25.0
4242335,2025_01_MIA_IND,0,0,0,0,0,18,71,0,3,3,27,0,2025,Jonathan Taylor,IND,12.8
4242335,2025_02_DEN_IND,0,0,0,0,0,25,165,0,2,2,50,1,2025,Jonathan Taylor,IND,29.5
4242335,2025_03_IND_TEN,0,0,0,0,0,17,102,3,3,4,16,0,2025,Jonathan Taylor,IND,32.8
4242335,2025_04_IND_LAR,0,0,0,0,0,17,76,0,5,5,20,0,2025,Jonathan Taylor,IND,14.6
4242335,2025_05_LV_IND,0,0,0,0,0,17,66,3,3,4,20,0,2025,Jonathan Taylor,IND,29.6
4242335,2025_06_ARI_IND,0,0,0,0,0,21,123,1,4,4,14,0,2025,Jonathan Taylor,IND,23.7
4242335,2025_07_IND_LAC,0,0,0,0,0,16,94,3,3,3,38,0,2025,Jonathan Taylor,IND,34.2
4242335,2025_08_TEN_IND,0,0,0,0,0,12,153,2,2,2,21,1,2025,Jonathan Taylor,IND,37.4
4242335,2025_09_IND_PIT,0,0,0,0,0,14,45,0,2,2,12,0,2025,Jonathan Taylor,IND,7.7
4242335,2025_10_ATL_IND,0,0,0,0,0,32,244,3,3,3,42,0,2025,Jonathan Taylor,IND,49.6
4242335,2025_12_IND_KC,0,0,0,0,0,16,58,0,2,3,8,0,2025,Jonathan Taylor,IND,8.6
4242335,2025_13_HOU_IND,0,0,0,0,0,21,85,0,3,5,36,0,2025,Jonathan Taylor,IND,15.1
4242335,2025_14_IND_JAX,0,0,0,0,0,21,74,1,0,0,0,0,2025,Jonathan Taylor,IND,13.4
4242335,2025_15_IND_SEA,0,0,0,0,0,25,87,0,3,4,14,0,2025,Jonathan Taylor,IND,13.1
4242335,2025_16_SF_IND,0,0,0,0,0,16,46,1,3,3,33,0,2025,Jonathan Taylor,IND,16.9
4242335,2025_17_JAX_IND,0,0,0,0,0,21,70,1,3,6,14,0,2025,Jonathan Taylor,IND,17.4
4242335,2025_18_IND_HOU,0,0,0,0,0,14,26,0,2,2,13,0,2025,Jonathan Taylor,IND,5.9
4039274,2024_06_PIT_LV,0,0,0,0,0,3,13,0,0,0,0,0,2024,Jonathan Ward,PIT,1.3
4678008,2024_13_TB_CAR,0,0,0,0,0,6,18,0,3,3,23,0,2024,Jonathon Brooks,CAR,7.1
3054212,2024_01_JAX_MIA,0,0,0,0,0,0,0,0,1,2,7,0,2024,Jonnu Smith,MIA,1.7
3054212,2024_02_BUF_MIA,0,0,0,0,0,0,0,0,6,7,53,0,2024,Jonnu Smith,MIA,11.3
3054212,2024_03_MIA_SEA,0,0,0,0,0,0,0,0,2,3,18,0,2024,Jonnu Smith,MIA,3.8
3054212,2024_04_TEN_MIA,0,0,0,0,0,0,0,0,0,1,0,0,2024,Jonnu Smith,MIA,0.0
3054212,2024_05_MIA_NE,0,0,0,0,0,1,-1,0,5,8,62,0,2024,Jonnu Smith,MIA,11.1
3054212,2024_07_MIA_IND,0,0,0,0,0,0,0,0,7,7,96,1,2024,Jonnu Smith,MIA,22.6
3054212,2024_08_ARI_MIA,0,0,0,0,0,0,0,0,4,6,20,0,2024,Jonnu Smith,MIA,6.0
3054212,2024_09_MIA_BUF,0,0,0,0,0,0,0,0,5,6,46,0,2024,Jonnu Smith,MIA,9.6
3054212,2024_10_MIA_LAR,0,0,0,0,0,0,0,0,3,4,45,0,2024,Jonnu Smith,MIA,7.5
3054212,2024_11_LV_MIA,0,0,0,0,0,0,0,0,6,8,101,2,2024,Jonnu Smith,MIA,28.1
3054212,2024_12_NE_MIA,0,0,0,0,0,1,0,0,9,11,87,1,2024,Jonnu Smith,MIA,23.7
3054212,2024_13_MIA_GB,0,0,0,0,0,0,0,0,10,11,113,0,2024,Jonnu Smith,MIA,21.3
3054212,2024_14_NYJ_MIA,0,0,0,0,0,0,0,0,3,4,44,1,2024,Jonnu Smith,MIA,13.4
3054212,2024_15_MIA_HOU,0,0,0,0,0,0,0,0,9,11,48,1,2024,Jonnu Smith,MIA,19.8
3054212,2024_16_SF_MIA,0,0,0,0,0,0,0,0,6,6,62,0,2024,Jonnu Smith,MIA,12.2
3054212,2024_17_MIA_CLE,0,0,0,0,0,0,0,0,3,4,26,1,2024,Jonnu Smith,MIA,11.6
3054212,2024_18_MIA_NYJ,0,0,0,0,0,0,0,0,9,12,56,1,2024,Jonnu Smith,MIA,20.6
3054212,2025_01_PIT_NYJ,0,0,0,0,0,0,0,0,5,6,15,1,2025,Jonnu Smith,PIT,12.5
3054212,2025_02_SEA_PIT,0,0,0,0,0,0,0,0,4,4,27,0,2025,Jonnu Smith,PIT,6.7
3054212,2025_03_PIT_NE,0,0,0,0,0,0,0,0,3,3,23,0,2025,Jonnu Smith,PIT,5.3
3054212,2025_04_MIN_PIT,0,0,0,0,0,0,0,0,2,3,6,0,2025,Jonnu Smith,PIT,2.6
3054212,2025_06_CLE_PIT,0,0,0,0,0,1,10,0,3,4,18,0,2025,Jonnu Smith,PIT,5.8
3054212,2025_07_PIT_CIN,0,0,0,0,0,0,0,0,3,6,28,1,2025,Jonnu Smith,PIT,11.8
3054212,2025_08_GB_PIT,0,0,0,0,0,0,0,0,2,3,17,0,2025,Jonnu Smith,PIT,3.7
3054212,2025_09_IND_PIT,0,0,0,0,0,0,0,0,3,5,25,0,2025,Jonnu Smith,PIT,5.5
3054212,2025_10_PIT_LAC,0,0,0,0,0,0,0,0,1,2,4,0,2025,Jonnu Smith,PIT,1.4
3054212,2025_11_CIN_PIT,0,0,0,0,0,0,0,0,0,2,0,0,2025,Jonnu Smith,PIT,0.0
3054212,2025_12_PIT_CHI,0,0,0,0,0,2,7,0,3,3,21,0,2025,Jonnu Smith,PIT,5.8
3054212,2025_13_BUF_PIT,0,0,0,0,0,0,0,0,1,2,6,0,2025,Jonnu Smith,PIT,1.6
3054212,2025_14_PIT_BAL,0,0,0,0,0,0,0,0,0,1,0,0,2025,Jonnu Smith,PIT,0.0
3054212,2025_15_MIA_PIT,0,0,0,0,0,1,14,1,2,2,12,0,2025,Jonnu Smith,PIT,10.6
3054212,2025_16_PIT_DET,0,0,0,0,0,2,28,0,0,1,0,0,2025,Jonnu Smith,PIT,2.8
3054212,2025_17_PIT_CLE,0,0,0,0,0,2,9,0,5,5,18,0,2025,Jonnu Smith,PIT,7.7
3054212,2025_18_BAL_PIT,0,0,0,0,0,1,2,0,1,2,2,0,2025,Jonnu Smith,PIT,1.4
4429205,2024_01_MIN_NYG,0,0,0,0,0,0,0,0,3,4,35,0,2024,Jordan Addison,MIN,6.5
4429205,2024_04_MIN_GB,0,0,0,0,0,1,7,1,3,4,72,1,2024,Jordan Addison,MIN,22.9
4429205,2024_05_NYJ_MIN,0,0,0,0,0,0,0,0,3,8,36,0,2024,Jordan Addison,MIN,6.6
4429205,2024_07_DET_MIN,0,0,0,0,0,0,0,0,3,4,66,0,2024,Jordan Addison,MIN,9.6
4429205,2024_08_MIN_LAR,0,0,0,0,0,0,0,0,2,3,22,0,2024,Jordan Addison,MIN,4.2
4429205,2024_09_IND_MIN,0,0,0,0,0,1,9,0,5,5,42,1,2024,Jordan Addison,MIN,16.1
4429205,2024_10_MIN_JAX,0,0,0,0,0,1,4,0,2,5,25,0,2024,Jordan Addison,MIN,4.9
4429205,2024_11_MIN_TEN,0,0,0,0,0,0,0,0,3,8,61,1,2024,Jordan Addison,MIN,15.1
4429205,2024_12_MIN_CHI,0,0,0,0,0,0,0,0,8,9,162,1,2024,Jordan Addison,MIN,30.2
4429205,2024_13_ARI_MIN,0,0,0,0,0,0,0,0,4,6,54,0,2024,Jordan Addison,MIN,9.4
4429205,2024_14_ATL_MIN,0,0,0,0,0,0,0,0,8,12,133,3,2024,Jordan Addison,MIN,39.3
4429205,2024_15_CHI_MIN,0,0,0,0,0,0,0,0,7,9,63,0,2024,Jordan Addison,MIN,13.3
4429205,2024_16_MIN_SEA,0,0,0,0,0,0,0,0,5,8,35,1,2024,Jordan Addison,MIN,14.5
4429205,2024_17_GB_MIN,0,0,0,0,0,0,0,0,6,8,69,1,2024,Jordan Addison,MIN,18.9
4429205,2024_18_MIN_DET,0,0,0,0,0,0,0,0,1,6,0,0,2024,Jordan Addison,MIN,1.0
4429205,2025_04_MIN_PIT,0,0,0,0,0,0,0,0,4,8,114,0,2025,Jordan Addison,MIN,15.4
4429205,2025_05_MIN_CLE,0,0,0,0,0,0,0,0,5,6,41,1,2025,Jordan Addison,MIN,15.1
4429205,2025_07_PHI_MIN,0,0,0,0,0,0,0,0,9,12,128,0,2025,Jordan Addison,MIN,21.8
4429205,2025_08_MIN_LAC,0,0,0,0,0,0,0,0,3,4,26,1,2025,Jordan Addison,MIN,11.6
4429205,2025_09_MIN_DET,0,0,0,0,0,1,16,0,2,4,48,0,2025,Jordan Addison,MIN,8.4
4429205,2025_10_BAL_MIN,0,0,0,0,0,0,0,0,3,11,35,0,2025,Jordan Addison,MIN,6.5
4429205,2025_11_CHI_MIN,0,0,0,0,0,0,0,0,2,7,20,1,2025,Jordan Addison,MIN,10.0
4429205,2025_12_MIN_GB,0,0,0,0,0,0,0,0,0,1,0,0,2025,Jordan Addison,MIN,0.0
4429205,2025_13_MIN_SEA,0,0,0,0,0,0,0,0,5,10,36,0,2025,Jordan Addison,MIN,8.6
4429205,2025_14_WSH_MIN,0,0,0,0,0,0,0,0,4,7,62,0,2025,Jordan Addison,MIN,10.2
4429205,2025_15_MIN_DAL,0,0,0,0,0,0,0,0,2,2,66,0,2025,Jordan Addison,MIN,8.6
4429205,2025_16_MIN_NYG,0,0,0,0,0,0,0,0,2,3,26,0,2025,Jordan Addison,MIN,4.6
4429205,2025_17_DET_MIN,0,0,0,0,0,1,65,1,0,1,0,0,2025,Jordan Addison,MIN,12.5
4429205,2025_18_GB_MIN,0,0,0,0,0,0,0,0,1,3,8,0,2025,Jordan Addison,MIN,1.8
3128452,2024_01_DAL_CLE,0,0,0,0,0,0,0,0,3,4,27,0,2024,Jordan Akins,CLE,5.7
3128452,2024_02_CLE_JAX,0,0,0,0,0,0,0,0,1,1,10,0,2024,Jordan Akins,CLE,2.0
3128452,2024_03_NYG_CLE,0,0,0,0,0,0,0,0,4,7,29,0,2024,Jordan Akins,CLE,6.9
3128452,2024_04_CLE_LV,0,0,0,0,0,0,0,0,1,2,10,0,2024,Jordan Akins,CLE,2.0
3128452,2024_05_CLE_WSH,0,0,0,0,0,0,0,0,3,3,22,1,2024,Jordan Akins,CLE,11.2
3128452,2024_07_CIN_CLE,0,0,0,0,0,0,0,0,4,4,42,0,2024,Jordan Akins,CLE,8.2
3128452,2024_08_BAL_CLE,0,0,0,0,0,0,0,0,0,1,0,0,2024,Jordan Akins,CLE,0.0
3128452,2024_09_LAC_CLE,0,0,0,0,0,0,0,0,3,4,32,0,2024,Jordan Akins,CLE,6.2
3128452,2024_11_CLE_NO,0,0,0,0,0,0,0,0,1,4,19,0,2024,Jordan Akins,CLE,2.9
3128452,2024_12_PIT_CLE,0,0,0,0,0,0,0,0,3,4,38,0,2024,Jordan Akins,CLE,6.8
3128452,2024_13_CLE_DEN,0,0,0,0,0,0,0,0,0,1,0,0,2024,Jordan Akins,CLE,0.0
3128452,2024_14_CLE_PIT,0,0,0,0,0,0,0,0,1,1,14,0,2024,Jordan Akins,CLE,2.4
3128452,2024_15_KC_CLE,0,0,0,0,0,0,0,0,3,4,30,0,2024,Jordan Akins,CLE,6.0
3128452,2024_16_CLE_CIN,0,0,0,0,0,0,0,0,1,2,8,0,2024,Jordan Akins,CLE,1.8
3128452,2024_17_MIA_CLE,0,0,0,0,0,0,0,0,6,8,49,0,2024,Jordan Akins,CLE,10.9
3128452,2024_18_CLE_BAL,0,0,0,0,0,0,0,0,6,8,60,1,2024,Jordan Akins,CLE,18.0
4036378,2024_01_GB_PHI,17,34,260,2,1,0,0,0,0,0,0,0,2024,Jordan Love,GB,17.4
4036378,2024_04_MIN_GB,32,54,389,4,3,1,6,0,0,0,0,0,2024,Jordan Love,GB,29.16
4036378,2024_05_GB_LAR,15,26,224,2,1,3,10,0,0,0,0,0,2024,Jordan Love,GB,16.96
4036378,2024_06_ARI_GB,22,32,258,4,1,5,13,0,0,0,0,0,2024,Jordan Love,GB,26.62
4036378,2024_07_HOU_GB,24,33,220,3,2,0,0,0,0,0,0,0,2024,Jordan Love,GB,18.8
4036378,2024_08_GB_JAX,14,22,196,0,1,1,-1,0,0,0,0,0,2024,Jordan Love,GB,6.74
4036378,2024_09_DET_GB,23,39,273,0,1,3,0,0,0,0,0,0,2024,Jordan Love,GB,9.92
4036378,2024_11_GB_CHI,13,17,261,1,1,4,18,1,0,0,0,0,2024,Jordan Love,GB,21.24
4036378,2024_12_SF_GB,13,23,163,2,0,1,2,0,0,0,0,0,2024,Jordan Love,GB,14.72
4036378,2024_13_MIA_GB,21,28,274,2,0,0,0,0,0,0,0,0,2024,Jordan Love,GB,18.96
4036378,2024_14_GB_DET,12,20,206,1,0,4,23,0,0,0,0,0,2024,Jordan Love,GB,14.54
4036378,2024_15_GB_SEA,20,27,229,2,0,1,4,0,0,0,0,0,2024,Jordan Love,GB,17.56
4036378,2024_16_NO_GB,16,28,182,1,0,1,2,0,0,0,0,0,2024,Jordan Love,GB,11.48
4036378,2024_17_GB_MIN,19,30,185,1,0,1,6,0,0,0,0,0,2024,Jordan Love,GB,12.0
4036378,2024_18_CHI_GB,7,12,69,0,0,0,0,0,0,0,0,0,2024,Jordan Love,GB,2.76
4036378,2025_01_DET_GB,16,22,188,2,0,3,4,0,0,0,0,0,2025,Jordan Love,GB,15.92
4036378,2025_02_WSH_GB,19,31,292,2,0,3,12,0,0,0,0,0,2025,Jordan Love,GB,20.88
4036378,2025_03_GB_CLE,18,25,183,1,1,4,18,0,0,0,0,0,2025,Jordan Love,GB,12.12
4036378,2025_04_GB_DAL,31,43,337,3,0,3,28,0,0,0,0,0,2025,Jordan Love,GB,28.28
4036378,2025_06_CIN_GB,19,26,259,1,1,7,26,0,0,0,0,0,2025,Jordan Love,GB,15.96
4036378,2025_07_GB_ARI,19,29,179,1,0,4,22,0,0,0,0,0,2025,Jordan Love,GB,13.36
4036378,2025_08_GB_PIT,29,37,360,3,0,1,-1,0,0,0,0,0,2025,Jordan Love,GB,26.3
4036378,2025_09_CAR_GB,26,37,273,0,1,1,1,0,0,0,0,0,2025,Jordan Love,GB,10.02
4036378,2025_10_PHI_GB,20,36,176,0,0,5,28,0,0,0,0,0,2025,Jordan Love,GB,9.84
4036378,2025_11_GB_NYG,13,24,174,2,0,2,7,0,0,0,0,0,2025,Jordan Love,GB,15.66
4036378,2025_12_MIN_GB,14,21,139,0,0,3,15,0,0,0,0,0,2025,Jordan Love,GB,7.06
4036378,2025_13_GB_DET,18,30,234,4,0,5,4,0,0,0,0,0,2025,Jordan Love,GB,25.76
4036378,2025_14_CHI_GB,17,25,234,3,1,1,-1,0,0,0,0,0,2025,Jordan Love,GB,20.26
4036378,2025_15_GB_DEN,24,40,276,1,2,3,29,0,0,0,0,0,2025,Jordan Love,GB,15.94
4036378,2025_16_GB_CHI,8,13,77,0,0,2,7,0,0,0,0,0,2025,Jordan Love,GB,3.78
4360569,2024_01_NYJ_SF,0,0,0,0,0,28,147,1,1,1,5,0,2024,Jordan Mason,SF,22.2
4360569,2024_02_SF_MIN,0,0,0,0,0,20,100,1,1,1,4,0,2024,Jordan Mason,SF,17.4
4360569,2024_03_SF_LAR,0,0,0,0,0,19,77,0,2,2,11,0,2024,Jordan Mason,SF,10.8
4360569,2024_04_NE_SF,0,0,0,0,0,24,123,1,2,3,37,0,2024,Jordan Mason,SF,24.0
4360569,2024_05_ARI_SF,0,0,0,0,0,14,89,0,1,1,9,0,2024,Jordan Mason,SF,10.8
4360569,2024_06_SF_SEA,0,0,0,0,0,9,73,0,1,2,9,0,2024,Jordan Mason,SF,9.2
4360569,2024_07_KC_SF,0,0,0,0,0,14,58,0,2,2,11,0,2024,Jordan Mason,SF,8.9
4360569,2024_08_DAL_SF,0,0,0,0,0,6,18,0,0,0,0,0,2024,Jordan Mason,SF,1.8
4360569,2024_12_SF_GB,0,0,0,0,0,3,8,0,1,2,5,0,2024,Jordan Mason,SF,2.3
4360569,2024_13_SF_BUF,0,0,0,0,0,13,78,0,0,0,0,0,2024,Jordan Mason,SF,7.8
4360569,2025_01_MIN_CHI,0,0,0,0,0,15,68,0,1,1,7,0,2025,Jordan Mason,MIN,8.5
4360569,2025_02_ATL_MIN,0,0,0,0,0,9,30,0,2,3,8,0,2025,Jordan Mason,MIN,5.8
4360569,2025_03_CIN_MIN,0,0,0,0,0,16,116,2,0,0,0,0,2025,Jordan Mason,MIN,23.6
4360569,2025_04_MIN_PIT,0,0,0,0,0,16,57,0,3,3,15,0,2025,Jordan Mason,MIN,10.2
4360569,2025_05_MIN_CLE,0,0,0,0,0,13,52,1,3,4,4,0,2025,Jordan Mason,MIN,14.6
4360569,2025_07_PHI_MIN,0,0,0,0,0,15,57,1,0,0,0,0,2025,Jordan Mason,MIN,11.7
4360569,2025_08_MIN_LAC,0,0,0,0,0,4,3,0,1,1,3,0,2025,Jordan Mason,MIN,1.6
4360569,2025_09_MIN_DET,0,0,0,0,0,10,36,0,1,1,1,0,2025,Jordan Mason,MIN,4.7
4360569,2025_10_BAL_MIN,0,0,0,0,0,4,25,0,1,1,6,0,2025,Jordan Mason,MIN,4.1
4360569,2025_11_CHI_MIN,0,0,0,0,0,6,45,1,0,0,0,0,2025,Jordan Mason,MIN,10.5
4360569,2025_12_MIN_GB,0,0,0,0,0,8,42,0,0,0,0,0,2025,Jordan Mason,MIN,4.2
4360569,2025_13_MIN_SEA,0,0,0,0,0,6,47,0,1,1,1,0,2025,Jordan Mason,MIN,5.8
4360569,2025_14_WSH_MIN,0,0,0,0,0,11,52,1,0,0,0,0,2025,Jordan Mason,MIN,11.2
4360569,2025_15_MIN_DAL,0,0,0,0,0,10,29,0,0,0,0,0,2025,Jordan Mason,MIN,2.9
4360569,2025_16_MIN_NYG,0,0,0,0,0,2,5,0,1,1,6,0,2025,Jordan Mason,MIN,2.1
4360569,2025_18_GB_MIN,0,0,0,0,0,14,94,0,0,0,0,0,2025,Jordan Mason,MIN,9.4
16763,2024_01_CAR_NO,0,0,0,0,0,0,0,0,0,1,0,0,2024,Jordan Matthews,CAR,0.0
4243004,2024_01_CAR_NO,0,0,0,0,0,4,11,0,0,0,0,0,2024,Jordan Mims,NO,1.1
4243004,2024_06_TB_NO,0,0,0,0,0,1,5,0,2,4,13,0,2024,Jordan Mims,NO,3.8
4243004,2024_09_NO_CAR,0,0,0,0,0,5,13,0,1,1,25,0,2024,Jordan Mims,NO,4.8
4243004,2024_10_ATL_NO,0,0,0,0,0,2,10,0,1,2,4,0,2024,Jordan Mims,NO,2.4
4243004,2024_16_NO_GB,0,0,0,0,0,4,16,0,5,8,16,0,2024,Jordan Mims,NO,8.2
4243004,2024_18_NO_TB,0,0,0,0,0,2,12,0,3,3,13,0,2024,Jordan Mims,NO,5.5
4431466,2025_08_SF_HOU,0,0,0,0,0,0,0,0,1,2,7,0,2025,Jordan Watkins,SF,1.7
4431466,2025_09_SF_NYG,0,0,0,0,0,0,0,0,1,1,19,0,2025,Jordan Watkins,SF,2.9
4569382,2024_02_LAR_ARI,0,0,0,0,0,0,0,0,2,2,22,0,2024,Jordan Whittington,LAR,4.2
4569382,2024_03_SF_LAR,0,0,0,0,0,0,0,0,3,3,28,0,2024,Jordan Whittington,LAR,5.8
4569382,2024_04_LAR_CHI,0,0,0,0,0,0,0,0,6,8,62,0,2024,Jordan Whittington,LAR,12.2
4569382,2024_05_GB_LAR,0,0,0,0,0,0,0,0,7,10,89,0,2024,Jordan Whittington,LAR,15.9
4569382,2024_17_ARI_LAR,0,0,0,0,0,0,0,0,1,1,6,0,2024,Jordan Whittington,LAR,1.6
4569382,2024_18_SEA_LAR,0,0,0,0,0,2,12,0,3,4,86,0,2024,Jordan Whittington,LAR,12.8
4569382,2025_02_LAR_TEN,0,0,0,0,0,0,0,0,2,2,42,0,2025,Jordan Whittington,LAR,6.2
4569382,2025_03_LAR_PHI,0,0,0,0,0,2,7,0,2,3,7,0,2025,Jordan Whittington,LAR,3.4
4569382,2025_04_IND_LAR,0,0,0,0,0,0,0,0,1,1,7,0,2025,Jordan Whittington,LAR,1.7
4569382,2025_05_SF_LAR,0,0,0,0,0,0,0,0,2,3,33,0,2025,Jordan Whittington,LAR,5.3
4569382,2025_06_LAR_BAL,0,0,0,0,0,0,0,0,3,4,23,0,2025,Jordan Whittington,LAR,5.3
4569382,2025_07_LAR_JAX,0,0,0,0,0,0,0,0,2,4,9,0,2025,Jordan Whittington,LAR,2.9
4569382,2025_11_SEA_LAR,0,0,0,0,0,0,0,0,1,1,9,0,2025,Jordan Whittington,LAR,1.9
4569382,2025_12_TB_LAR,0,0,0,0,0,0,0,0,3,3,17,0,2025,Jordan Whittington,LAR,4.7
4569382,2025_13_LAR_CAR,0,0,0,0,0,0,0,0,0,1,0,0,2025,Jordan Whittington,LAR,0.0
4569382,2025_14_LAR_ARI,0,0,0,0,0,0,0,0,1,1,5,0,2025,Jordan Whittington,LAR,1.5
4569382,2025_15_DET_LAR,0,0,0,0,0,0,0,0,0,1,0,0,2025,Jordan Whittington,LAR,0.0
4569382,2025_16_LAR_SEA,0,0,0,0,0,0,0,0,1,1,19,0,2025,Jordan Whittington,LAR,2.9
3918298,2024_01_ARI_BUF,18,23,232,2,0,9,39,2,0,0,0,0,2024,Josh Allen,BUF,33.18
3918298,2024_02_BUF_MIA,13,19,139,1,0,2,2,0,0,0,0,0,2024,Josh Allen,BUF,9.76
3918298,2024_03_JAX_BUF,23,30,263,4,0,6,44,0,0,0,0,0,2024,Josh Allen,BUF,30.92
3918298,2024_04_BUF_BAL,16,29,180,0,0,5,21,0,0,0,0,0,2024,Josh Allen,BUF,9.3
3918298,2024_05_BUF_HOU,9,30,131,1,0,4,54,0,0,0,0,0,2024,Josh Allen,BUF,14.64
3918298,2024_06_BUF_NYJ,19,25,215,2,0,9,18,1,0,0,0,0,2024,Josh Allen,BUF,24.4
3918298,2024_07_TEN_BUF,21,33,323,2,0,3,1,0,0,0,0,0,2024,Josh Allen,BUF,21.02
3918298,2024_08_BUF_SEA,24,34,283,2,1,7,25,0,0,0,0,0,2024,Josh Allen,BUF,20.82
3918298,2024_09_MIA_BUF,25,39,235,3,1,2,7,0,0,0,0,0,2024,Josh Allen,BUF,21.1
3918298,2024_10_BUF_IND,22,37,280,0,2,8,50,1,0,0,0,0,2024,Josh Allen,BUF,20.2
3918298,2024_11_KC_BUF,27,40,262,1,1,12,55,1,0,0,0,0,2024,Josh Allen,BUF,24.98
3918298,2024_13_SF_BUF,13,17,148,2,0,3,18,1,0,0,7,1,2024,Josh Allen,BUF,28.42
3918298,2024_14_BUF_LAR,22,37,342,3,0,10,82,3,0,0,0,0,2024,Josh Allen,BUF,51.88
3918298,2024_15_BUF_DET,23,34,362,2,0,11,68,2,0,0,0,0,2024,Josh Allen,BUF,41.28
3918298,2024_16_NE_BUF,16,29,154,1,1,6,30,0,0,0,0,0,2024,Josh Allen,BUF,12.16
3918298,2024_17_NYJ_BUF,16,27,182,2,0,5,17,1,0,0,0,0,2024,Josh Allen,BUF,22.98
3918298,2025_01_BAL_BUF,33,46,394,2,0,14,30,2,0,0,0,0,2025,Josh Allen,BUF,38.76
3918298,2025_02_BUF_NYJ,14,25,148,0,0,6,59,0,0,0,0,0,2025,Josh Allen,BUF,11.82
3918298,2025_03_MIA_BUF,22,28,213,3,0,4,25,0,0,0,0,0,2025,Josh Allen,BUF,23.02
3918298,2025_04_NO_BUF,16,22,209,2,1,7,45,1,0,0,0,0,2025,Josh Allen,BUF,25.86
3918298,2025_05_NE_BUF,22,31,253,2,1,9,53,0,0,0,0,0,2025,Josh Allen,BUF,22.42
3918298,2025_06_BUF_ATL,15,26,180,2,2,6,42,0,0,0,0,0,2025,Josh Allen,BUF,17.4
3918298,2025_08_BUF_CAR,12,19,163,1,0,3,7,2,0,0,0,0,2025,Josh Allen,BUF,23.22
3918298,2025_09_KC_BUF,23,26,273,1,0,6,19,2,0,0,0,0,2025,Josh Allen,BUF,28.82
3918298,2025_10_BUF_MIA,28,40,306,2,1,4,31,0,0,0,0,0,2025,Josh Allen,BUF,22.34
3918298,2025_11_TB_BUF,19,30,317,3,2,6,40,3,0,0,0,0,2025,Josh Allen,BUF,44.68
3918298,2025_12_BUF_HOU,24,34,253,0,2,5,20,0,0,0,0,0,2025,Josh Allen,BUF,10.12
3918298,2025_13_BUF_PIT,15,23,123,1,1,8,38,1,0,0,0,0,2025,Josh Allen,BUF,17.72
3918298,2025_14_CIN_BUF,22,28,251,3,0,9,78,1,0,0,0,0,2025,Josh Allen,BUF,35.84
3918298,2025_15_BUF_NE,19,28,193,3,0,11,48,0,0,0,0,0,2025,Josh Allen,BUF,24.52
3918298,2025_16_BUF_CLE,12,19,130,0,0,7,17,0,0,0,0,0,2025,Josh Allen,BUF,6.9
3918298,2025_17_PHI_BUF,23,35,262,0,0,7,27,2,0,0,0,0,2025,Josh Allen,BUF,25.18
4688813,2024_03_CHI_IND,0,0,0,0,0,0,0,0,3,5,22,0,2024,Josh Downs,IND,5.2
4688813,2024_04_PIT_IND,0,0,0,0,0,0,0,0,8,9,82,1,2024,Josh Downs,IND,22.2
4688813,2024_05_IND_JAX,0,0,0,0,0,0,0,0,9,12,69,0,2024,Josh Downs,IND,15.9
4688813,2024_06_IND_TEN,0,0,0,0,0,1,-1,0,7,9,66,1,2024,Josh Downs,IND,19.5
4688813,2024_07_MIA_IND,0,0,0,0,0,0,0,0,1,3,3,0,2024,Josh Downs,IND,1.3
4688813,2024_08_IND_HOU,0,0,0,0,0,0,13,0,4,9,109,1,2024,Josh Downs,IND,22.2
4688813,2024_09_IND_MIN,0,0,0,0,0,0,0,0,6,9,60,0,2024,Josh Downs,IND,12.0
4688813,2024_10_BUF_IND,0,0,0,0,0,0,0,0,7,10,72,0,2024,Josh Downs,IND,14.2
4688813,2024_11_IND_NYJ,0,0,0,0,0,0,0,0,5,5,84,1,2024,Josh Downs,IND,19.4
4688813,2024_12_DET_IND,0,0,0,0,0,0,0,0,3,7,27,0,2024,Josh Downs,IND,5.7
4688813,2024_15_IND_DEN,0,0,0,0,0,0,0,0,3,8,32,0,2024,Josh Downs,IND,6.2
4688813,2024_16_TEN_IND,0,0,0,0,0,0,0,0,3,4,61,1,2024,Josh Downs,IND,15.1
4688813,2024_17_IND_NYG,0,0,0,0,0,0,0,0,3,4,22,0,2024,Josh Downs,IND,5.2
4688813,2024_18_JAX_IND,0,0,0,0,0,0,0,0,10,13,94,0,2024,Josh Downs,IND,19.4
4688813,2025_01_MIA_IND,0,0,0,0,0,0,0,0,2,3,12,0,2025,Josh Downs,IND,3.2
4688813,2025_02_DEN_IND,0,0,0,0,0,0,0,0,6,8,51,0,2025,Josh Downs,IND,11.1
4688813,2025_03_IND_TEN,0,0,0,0,0,0,0,0,2,3,34,0,2025,Josh Downs,IND,5.4
4688813,2025_04_IND_LAR,0,0,0,0,0,0,0,0,4,5,24,0,2025,Josh Downs,IND,6.4
4688813,2025_05_LV_IND,0,0,0,0,0,0,0,0,6,8,54,0,2025,Josh Downs,IND,11.4
4688813,2025_06_ARI_IND,0,0,0,0,0,0,0,0,6,7,42,1,2025,Josh Downs,IND,16.2
4688813,2025_08_TEN_IND,0,0,0,0,0,0,0,0,3,3,39,1,2025,Josh Downs,IND,12.9
4688813,2025_09_IND_PIT,0,0,0,0,0,0,0,0,6,9,57,1,2025,Josh Downs,IND,17.7
4688813,2025_10_ATL_IND,0,0,0,0,0,0,0,0,1,2,3,0,2025,Josh Downs,IND,1.3
4688813,2025_12_IND_KC,0,0,0,0,0,0,0,0,2,6,10,0,2025,Josh Downs,IND,3.0
4688813,2025_13_HOU_IND,0,0,0,0,0,0,0,0,2,6,44,0,2025,Josh Downs,IND,6.4
4688813,2025_14_IND_JAX,0,0,0,0,0,0,0,0,4,5,23,0,2025,Josh Downs,IND,6.3
4688813,2025_15_IND_SEA,0,0,0,0,0,0,0,0,3,5,13,1,2025,Josh Downs,IND,10.3
4688813,2025_16_SF_IND,0,0,0,0,0,1,3,0,5,9,65,0,2025,Josh Downs,IND,11.8
4688813,2025_17_JAX_IND,0,0,0,0,0,0,0,0,2,5,34,0,2025,Josh Downs,IND,5.4
4688813,2025_18_IND_HOU,0,0,0,0,0,1,-5,0,4,4,61,0,2025,Josh Downs,IND,9.6
4047365,2024_01_GB_PHI,0,0,0,0,0,16,84,0,2,3,20,0,2024,Josh Jacobs,GB,12.4
4047365,2024_02_IND_GB,0,0,0,0,0,32,151,0,0,0,0,0,2024,Josh Jacobs,GB,15.1
4047365,2024_03_GB_TEN,0,0,0,0,0,14,43,0,1,1,5,0,2024,Josh Jacobs,GB,5.8
4047365,2024_04_MIN_GB,0,0,0,0,0,9,51,0,4,6,27,0,2024,Josh Jacobs,GB,11.8
4047365,2024_05_GB_LAR,0,0,0,0,0,19,73,1,1,1,21,0,2024,Josh Jacobs,GB,16.4
4047365,2024_06_ARI_GB,0,0,0,0,0,18,62,0,3,3,28,0,2024,Josh Jacobs,GB,12.0
4047365,2024_07_HOU_GB,0,0,0,0,0,12,76,0,5,5,16,1,2024,Josh Jacobs,GB,20.2
4047365,2024_08_GB_JAX,0,0,0,0,0,25,127,2,1,2,-2,0,2024,Josh Jacobs,GB,25.5
4047365,2024_09_DET_GB,0,0,0,0,0,13,95,0,2,3,13,0,2024,Josh Jacobs,GB,12.8
4047365,2024_11_GB_CHI,0,0,0,0,0,18,76,1,4,5,58,0,2024,Josh Jacobs,GB,23.4
4047365,2024_12_SF_GB,0,0,0,0,0,26,106,3,0,1,0,0,2024,Josh Jacobs,GB,28.6
4047365,2024_13_MIA_GB,0,0,0,0,0,19,43,1,4,4,74,0,2024,Josh Jacobs,GB,21.7
4047365,2024_14_GB_DET,0,0,0,0,0,18,66,3,0,0,0,0,2024,Josh Jacobs,GB,24.6
4047365,2024_15_GB_SEA,0,0,0,0,0,26,94,1,4,4,42,0,2024,Josh Jacobs,GB,23.6
4047365,2024_16_NO_GB,0,0,0,0,0,13,69,1,4,4,38,0,2024,Josh Jacobs,GB,20.7
4047365,2024_17_GB_MIN,0,0,0,0,0,17,69,1,0,0,0,0,2024,Josh Jacobs,GB,12.9
4047365,2024_18_CHI_GB,0,0,0,0,0,6,44,1,1,1,2,0,2024,Josh Jacobs,GB,11.6
4047365,2025_01_DET_GB,0,0,0,0,0,19,66,1,1,1,4,0,2025,Josh Jacobs,GB,14.0
4047365,2025_02_WSH_GB,0,0,0,0,0,23,84,1,0,0,0,0,2025,Josh Jacobs,GB,14.4
4047365,2025_03_GB_CLE,0,0,0,0,0,16,30,0,5,9,44,0,2025,Josh Jacobs,GB,12.4
4047365,2025_04_GB_DAL,0,0,0,0,0,22,86,2,4,4,71,0,2025,Josh Jacobs,GB,31.7
4047365,2025_06_CIN_GB,0,0,0,0,0,18,93,2,5,5,57,0,2025,Josh Jacobs,GB,32.0
4047365,2025_07_GB_ARI,0,0,0,0,0,13,55,2,1,1,3,0,2025,Josh Jacobs,GB,18.8
4047365,2025_08_GB_PIT,0,0,0,0,0,13,33,1,3,3,12,0,2025,Josh Jacobs,GB,13.5
4047365,2025_09_CAR_GB,0,0,0,0,0,17,87,1,4,5,13,0,2025,Josh Jacobs,GB,20.0
4047365,2025_10_PHI_GB,0,0,0,0,0,21,74,1,5,6,33,0,2025,Josh Jacobs,GB,21.7
4047365,2025_11_GB_NYG,0,0,0,0,0,7,40,0,0,1,0,0,2025,Josh Jacobs,GB,4.0
4047365,2025_13_GB_DET,0,0,0,0,0,17,83,0,1,1,8,0,2025,Josh Jacobs,GB,10.1
4047365,2025_14_CHI_GB,0,0,0,0,0,20,86,1,2,2,6,0,2025,Josh Jacobs,GB,17.2
4047365,2025_15_GB_DEN,0,0,0,0,0,12,73,1,2,3,19,1,2025,Josh Jacobs,GB,23.2
4047365,2025_16_GB_CHI,0,0,0,0,0,12,36,0,2,2,12,0,2025,Josh Jacobs,GB,6.8
4047365,2025_17_BAL_GB,0,0,0,0,0,4,3,0,1,1,0,0,2025,Josh Jacobs,GB,1.3
11394,2024_09_DEN_BAL,0,0,0,0,0,3,2,0,0,0,0,0,2024,Josh Johnson,BAL,0.2
11394,2025_16_PHI_WSH,5,9,43,0,1,1,0,0,0,0,0,0,2025,Josh Johnson,WSH,0.72
11394,2025_17_DAL_WSH,15,23,198,0,0,2,10,0,0,0,0,0,2025,Josh Johnson,WSH,8.92
11394,2025_18_WSH_PHI,14,22,131,1,1,9,45,1,0,0,0,0,2025,Josh Johnson,WSH,18.74
3921690,2024_01_MIN_NYG,0,0,0,0,0,0,0,0,2,2,27,0,2024,Josh Oliver,MIN,4.7
3921690,2024_03_HOU_MIN,0,0,0,0,0,0,0,0,0,1,0,0,2024,Josh Oliver,MIN,0.0
3921690,2024_04_MIN_GB,0,0,0,0,0,0,0,0,2,2,10,1,2024,Josh Oliver,MIN,9.0
3921690,2024_07_DET_MIN,0,0,0,0,0,0,0,0,1,1,5,0,2024,Josh Oliver,MIN,1.5
3921690,2024_08_MIN_LAR,0,0,0,0,0,0,0,0,2,2,30,1,2024,Josh Oliver,MIN,11.0
3921690,2024_09_IND_MIN,0,0,0,0,0,0,0,0,5,5,58,1,2024,Josh Oliver,MIN,16.8
3921690,2024_10_MIN_JAX,0,0,0,0,0,0,0,0,4,6,52,0,2024,Josh Oliver,MIN,9.2
3921690,2024_11_MIN_TEN,0,0,0,0,0,0,0,0,3,3,34,0,2024,Josh Oliver,MIN,6.4
3921690,2024_14_ATL_MIN,0,0,0,0,0,0,0,0,1,2,26,0,2024,Josh Oliver,MIN,3.6
3921690,2024_16_MIN_SEA,0,0,0,0,0,0,0,0,0,1,0,0,2024,Josh Oliver,MIN,0.0
3921690,2024_18_MIN_DET,0,0,0,0,0,0,0,0,2,3,16,0,2024,Josh Oliver,MIN,3.6
3921690,2025_01_MIN_CHI,0,0,0,0,0,0,0,0,1,1,5,0,2025,Josh Oliver,MIN,1.5
3921690,2025_03_CIN_MIN,0,0,0,0,0,0,0,0,1,1,12,1,2025,Josh Oliver,MIN,8.2
3921690,2025_04_MIN_PIT,0,0,0,0,0,0,0,0,0,1,0,0,2025,Josh Oliver,MIN,0.0
3921690,2025_05_MIN_CLE,0,0,0,0,0,0,0,0,2,3,35,1,2025,Josh Oliver,MIN,11.5
3921690,2025_07_PHI_MIN,0,0,0,0,0,0,0,0,1,1,9,0,2025,Josh Oliver,MIN,1.9
3921690,2025_11_CHI_MIN,0,0,0,0,0,0,0,0,1,1,-3,0,2025,Josh Oliver,MIN,0.7
3921690,2025_12_MIN_GB,0,0,0,0,0,0,0,0,1,1,4,0,2025,Josh Oliver,MIN,1.4
3921690,2025_14_WSH_MIN,0,0,0,0,0,0,0,0,2,2,24,2,2025,Josh Oliver,MIN,16.4
3921690,2025_15_MIN_DAL,0,0,0,0,0,0,0,0,1,1,18,0,2025,Josh Oliver,MIN,2.8
3921690,2025_16_MIN_NYG,0,0,0,0,0,0,0,0,2,3,19,0,2025,Josh Oliver,MIN,3.9
3921690,2025_17_DET_MIN,0,0,0,0,0,0,0,0,1,2,8,0,2025,Josh Oliver,MIN,1.8
3921690,2025_18_GB_MIN,0,0,0,0,0,0,0,0,2,2,29,0,2025,Josh Oliver,MIN,4.9
3115306,2024_01_DEN_SEA,0,0,0,0,0,0,0,0,5,8,45,0,2024,Josh Reynolds,DEN,9.5
3115306,2024_02_PIT_DEN,0,0,0,0,0,0,0,0,4,5,93,0,2024,Josh Reynolds,DEN,13.3
3115306,2024_03_DEN_TB,0,0,0,0,0,0,0,0,2,2,36,0,2024,Josh Reynolds,DEN,5.6
3115306,2024_04_DEN_NYJ,0,0,0,0,0,0,0,0,0,2,0,0,2024,Josh Reynolds,DEN,0.0
3115306,2024_05_LV_DEN,0,0,0,0,0,0,0,0,1,2,9,1,2024,Josh Reynolds,DEN,7.9
3115306,2024_15_NYJ_JAX,0,0,0,0,0,0,0,0,0,1,0,0,2024,Josh Reynolds,JAX,0.0
3115306,2024_16_JAX_LV,0,0,0,0,0,0,0,0,0,1,0,0,2024,Josh Reynolds,JAX,0.0
3115306,2024_18_JAX_IND,0,0,0,0,0,0,0,0,1,3,11,0,2024,Josh Reynolds,JAX,2.1
3115306,2025_01_PIT_NYJ,0,0,0,0,0,0,0,0,2,3,18,0,2025,Josh Reynolds,NYJ,3.8
3115306,2025_04_NYJ_MIA,0,0,0,0,0,0,0,0,0,2,0,0,2025,Josh Reynolds,NYJ,0.0
3115306,2025_05_DAL_NYJ,0,0,0,0,0,0,0,0,3,4,29,0,2025,Josh Reynolds,NYJ,5.9
3115306,2025_06_DEN_NYJ,0,0,0,0,0,0,0,0,3,3,25,0,2025,Josh Reynolds,NYJ,5.5
3115306,2025_07_CAR_NYJ,0,0,0,0,0,0,0,0,3,9,29,0,2025,Josh Reynolds,NYJ,5.9
4360086,2024_02_NYJ_TEN,0,0,0,0,0,0,0,0,2,2,13,0,2024,Josh Whyle,TEN,3.3
4360086,2024_03_GB_TEN,0,0,0,0,0,0,0,0,4,5,43,0,2024,Josh Whyle,TEN,8.3
4360086,2024_04_TEN_MIA,0,0,0,0,0,0,0,0,1,1,5,0,2024,Josh Whyle,TEN,1.5
4360086,2024_06_IND_TEN,0,0,0,0,0,0,0,0,1,1,2,0,2024,Josh Whyle,TEN,1.2
4360086,2024_07_TEN_BUF,0,0,0,0,0,0,0,0,3,4,34,0,2024,Josh Whyle,TEN,6.4
4360086,2024_08_TEN_DET,0,0,0,0,0,0,0,0,2,2,33,0,2024,Josh Whyle,TEN,5.3
4360086,2024_09_NE_TEN,0,0,0,0,0,0,0,0,1,2,12,0,2024,Josh Whyle,TEN,2.2
4360086,2024_10_TEN_LAC,0,0,0,0,0,0,0,0,0,1,0,0,2024,Josh Whyle,TEN,0.0
4360086,2024_11_MIN_TEN,0,0,0,0,0,0,0,0,1,1,6,0,2024,Josh Whyle,TEN,1.6
4360086,2024_13_TEN_WSH,0,0,0,0,0,0,0,0,1,3,3,0,2024,Josh Whyle,TEN,1.3
4360086,2024_14_JAX_TEN,0,0,0,0,0,0,0,0,2,2,31,0,2024,Josh Whyle,TEN,5.1
4360086,2024_15_CIN_TEN,0,0,0,0,0,0,0,0,5,5,37,1,2024,Josh Whyle,TEN,14.7
4360086,2024_17_TEN_JAX,0,0,0,0,0,0,0,0,0,1,0,0,2024,Josh Whyle,TEN,0.0
4360086,2024_18_HOU_TEN,0,0,0,0,0,0,0,0,5,7,29,0,2024,Josh Whyle,TEN,7.9
4360086,2025_11_GB_NYG,0,0,0,0,0,0,0,0,1,1,2,1,2025,Josh Whyle,GB,7.2
4360086,2025_12_MIN_GB,0,0,0,0,0,0,0,0,1,1,1,0,2025,Josh Whyle,GB,1.1
4360086,2025_13_GB_DET,0,0,0,0,0,0,0,0,0,1,0,0,2025,Josh Whyle,GB,0.0
4360086,2025_14_CHI_GB,0,0,0,0,0,0,0,0,1,1,21,0,2025,Josh Whyle,GB,3.1
4360086,2025_17_BAL_GB,0,0,0,0,0,0,0,0,1,1,8,0,2025,Josh Whyle,GB,1.8
4360086,2025_18_GB_MIN,0,0,0,0,0,0,0,0,1,1,4,0,2025,Josh Whyle,GB,1.4
4568024,2025_08_TB_NO,0,0,0,0,0,4,11,0,0,0,0,0,2025,Josh Williams,TB,1.1
3044720,2024_17_DET_SF,3,4,35,0,0,1,7,1,0,0,0,0,2024,Joshua Dobbs,SF,8.1
3044720,2024_18_SF_ARI,29,43,326,2,2,8,17,1,0,0,0,0,2024,Joshua Dobbs,SF,26.74
3044720,2025_04_CAR_NE,0,1,0,0,0,3,-2,0,0,0,0,0,2025,Joshua Dobbs,NE,-0.2
3044720,2025_07_NE_TEN,1,1,12,0,0,2,-2,0,0,0,0,0,2025,Joshua Dobbs,NE,0.28
3044720,2025_17_NE_NYJ,3,4,30,0,0,2,-1,0,0,0,0,0,2025,Joshua Dobbs,NE,1.1
3044720,2025_18_MIA_NE,3,4,23,0,0,3,0,0,0,0,0,0,2025,Joshua Dobbs,NE,0.92
4242433,2024_01_LV_LAC,0,0,0,0,0,0,0,0,2,4,15,0,2024,Joshua Palmer,LAC,3.5
4242433,2024_02_LAC_CAR,0,0,0,0,0,0,0,0,2,2,19,0,2024,Joshua Palmer,LAC,3.9
4242433,2024_04_KC_LAC,0,0,0,0,0,0,0,0,3,4,36,0,2024,Joshua Palmer,LAC,6.6
4242433,2024_06_LAC_DEN,0,0,0,0,0,0,0,0,2,3,38,0,2024,Joshua Palmer,LAC,5.8
4242433,2024_07_LAC_ARI,0,0,0,0,0,0,0,0,4,5,63,0,2024,Joshua Palmer,LAC,10.3
4242433,2024_08_NO_LAC,0,0,0,0,0,0,0,0,2,4,72,0,2024,Joshua Palmer,LAC,9.2
4242433,2024_09_LAC_CLE,0,0,0,0,0,0,0,0,2,4,63,1,2024,Joshua Palmer,LAC,14.3
4242433,2024_10_TEN_LAC,0,0,0,0,0,0,0,0,1,2,36,0,2024,Joshua Palmer,LAC,4.6
4242433,2024_11_CIN_LAC,0,0,0,0,0,0,0,0,2,4,23,0,2024,Joshua Palmer,LAC,4.3
4242433,2024_12_BAL_LAC,0,0,0,0,0,0,0,0,3,8,38,0,2024,Joshua Palmer,LAC,6.8
4242433,2024_13_LAC_ATL,0,0,0,0,0,0,0,0,1,1,11,0,2024,Joshua Palmer,LAC,2.1
4242433,2024_14_LAC_KC,0,0,0,0,0,0,0,0,6,9,78,0,2024,Joshua Palmer,LAC,13.8
4242433,2024_15_TB_LAC,0,0,0,0,0,0,0,0,2,3,10,0,2024,Joshua Palmer,LAC,3.0
4242433,2024_16_DEN_LAC,0,0,0,0,0,0,0,0,3,6,41,0,2024,Joshua Palmer,LAC,7.1
4242433,2024_17_LAC_NE,0,0,0,0,0,0,0,0,4,6,41,0,2024,Joshua Palmer,LAC,8.1
4242433,2025_01_BAL_BUF,0,0,0,0,0,0,0,0,5,9,61,0,2025,Joshua Palmer,BUF,11.1
4242433,2025_02_BUF_NYJ,0,0,0,0,0,0,0,0,2,3,47,0,2025,Joshua Palmer,BUF,6.7
4242433,2025_03_MIA_BUF,0,0,0,0,0,0,0,0,1,1,5,0,2025,Joshua Palmer,BUF,1.5
4242433,2025_04_NO_BUF,0,0,0,0,0,0,0,0,2,3,25,0,2025,Joshua Palmer,BUF,4.5
4242433,2025_05_NE_BUF,0,0,0,0,0,0,0,0,2,2,36,0,2025,Joshua Palmer,BUF,5.6
4242433,2025_06_BUF_ATL,0,0,0,0,0,0,0,0,2,2,60,0,2025,Joshua Palmer,BUF,8.0
4242433,2025_11_TB_BUF,0,0,0,0,0,0,0,0,2,5,17,0,2025,Joshua Palmer,BUF,3.7
4242433,2025_12_BUF_HOU,0,0,0,0,0,0,0,0,2,4,21,0,2025,Joshua Palmer,BUF,4.1
4242433,2025_15_BUF_NE,0,0,0,0,0,0,0,0,1,2,16,0,2025,Joshua Palmer,BUF,2.6
4242433,2025_16_BUF_CLE,0,0,0,0,0,0,0,0,1,1,2,0,2025,Joshua Palmer,BUF,1.2
4242433,2025_17_PHI_BUF,0,0,0,0,0,0,0,0,1,2,12,0,2025,Joshua Palmer,BUF,2.2
4242433,2025_18_NYJ_BUF,0,0,0,0,0,0,0,0,1,3,1,0,2025,Joshua Palmer,BUF,1.1
3914151,2024_03_JAX_BUF,0,0,0,0,0,0,0,0,1,1,8,0,2024,Josiah Deguara,JAX,1.8
3914151,2024_05_IND_JAX,0,0,0,0,0,0,0,0,1,1,2,0,2024,Josiah Deguara,JAX,1.2
3914151,2024_16_JAX_LV,0,0,0,0,0,0,0,0,1,1,4,0,2024,Josiah Deguara,JAX,1.4
3914151,2025_12_JAX_ARI,0,0,0,0,0,0,0,0,1,1,6,0,2025,Josiah Deguara,ARI,1.6
3914151,2025_14_LAR_ARI,0,0,0,0,0,0,0,0,0,1,0,0,2025,Josiah Deguara,ARI,0.0
3914151,2025_16_ATL_ARI,0,0,0,0,0,0,0,0,0,1,0,0,2025,Josiah Deguara,ARI,0.0
3914151,2025_18_ARI_LAR,0,0,0,0,0,0,0,0,2,2,15,1,2025,Josiah Deguara,ARI,9.5
3120348,2024_01_BAL_KC,0,0,0,0,0,0,0,0,0,1,0,0,2024,JuJu Smith-Schuster,KC,0.0
3120348,2024_03_KC_ATL,0,0,0,0,0,0,0,0,2,3,17,1,2024,JuJu Smith-Schuster,KC,9.7
3120348,2024_05_NO_KC,0,0,0,0,0,0,0,0,7,8,130,0,2024,JuJu Smith-Schuster,KC,20.0
3120348,2024_11_KC_BUF,0,0,0,0,0,0,0,0,1,1,8,0,2024,JuJu Smith-Schuster,KC,1.8
3120348,2024_12_KC_CAR,0,0,0,0,0,0,0,0,1,2,6,0,2024,JuJu Smith-Schuster,KC,1.6
3120348,2024_13_LV_KC,0,0,0,0,0,0,0,0,1,1,10,0,2024,JuJu Smith-Schuster,KC,2.0
3120348,2024_14_LAC_KC,0,0,0,0,0,0,0,0,2,2,31,0,2024,JuJu Smith-Schuster,KC,5.1
3120348,2024_15_KC_CLE,0,0,0,0,0,0,0,0,1,3,7,1,2024,JuJu Smith-Schuster,KC,7.7
3120348,2024_16_HOU_KC,0,0,0,0,0,0,0,0,0,1,0,0,2024,JuJu Smith-Schuster,KC,0.0
3120348,2024_17_KC_PIT,0,0,0,0,0,0,0,0,2,2,18,0,2024,JuJu Smith-Schuster,KC,3.8
3120348,2024_18_KC_DEN,0,0,0,0,0,0,0,0,1,2,4,0,2024,JuJu Smith-Schuster,KC,1.4
3120348,2025_01_KC_LAC,0,0,0,0,0,0,0,0,5,5,55,0,2025,JuJu Smith-Schuster,KC,10.5
3120348,2025_02_PHI_KC,0,0,0,0,0,0,0,0,1,3,5,0,2025,JuJu Smith-Schuster,KC,1.5
3120348,2025_03_KC_NYG,0,0,0,0,0,0,0,0,4,4,55,0,2025,JuJu Smith-Schuster,KC,9.5
3120348,2025_04_BAL_KC,0,0,0,0,0,0,0,0,4,6,36,1,2025,JuJu Smith-Schuster,KC,13.6
3120348,2025_05_KC_JAX,0,0,0,0,0,0,0,0,2,3,17,0,2025,JuJu Smith-Schuster,KC,3.7
3120348,2025_06_DET_KC,0,0,0,0,0,0,0,0,3,3,57,0,2025,JuJu Smith-Schuster,KC,8.7
3120348,2025_07_LV_KC,0,0,0,0,0,0,0,0,3,3,35,0,2025,JuJu Smith-Schuster,KC,6.5
3120348,2025_08_WSH_KC,0,0,0,0,0,0,0,0,2,2,29,0,2025,JuJu Smith-Schuster,KC,4.9
3120348,2025_09_KC_BUF,0,0,0,0,0,0,0,0,1,1,2,0,2025,JuJu Smith-Schuster,KC,1.2
3120348,2025_12_IND_KC,0,0,0,0,0,0,0,0,1,2,8,0,2025,JuJu Smith-Schuster,KC,1.8
3120348,2025_13_KC_DAL,0,0,0,0,0,0,0,0,0,1,0,0,2025,JuJu Smith-Schuster,KC,0.0
3120348,2025_14_HOU_KC,0,0,0,0,0,0,0,0,1,2,5,0,2025,JuJu Smith-Schuster,KC,1.5
3120348,2025_15_LAC_KC,0,0,0,0,0,0,0,0,0,1,0,0,2025,JuJu Smith-Schuster,KC,0.0
3120348,2025_16_KC_TEN,0,0,0,0,0,0,0,0,1,4,12,0,2025,JuJu Smith-Schuster,KC,2.2
3120348,2025_17_DEN_KC,0,0,0,0,0,0,0,0,3,3,16,0,2025,JuJu Smith-Schuster,KC,4.6
3120348,2025_18_KC_LV,0,0,0,0,0,0,0,0,2,2,13,0,2025,JuJu Smith-Schuster,KC,3.3
4360590,2024_11_HOU_DAL,0,0,0,0,0,0,0,0,1,1,4,0,2024,Juanyeh Thomas,DAL,1.4
4365395,2024_01_JAX_MIA,0,0,0,0,0,0,0,0,1,1,6,0,2024,Julian Hill,MIA,1.6
4365395,2024_02_BUF_MIA,0,0,0,0,0,0,0,0,0,2,0,0,2024,Julian Hill,MIA,0.0
4365395,2024_03_MIA_SEA,0,0,0,0,0,0,0,0,2,2,24,0,2024,Julian Hill,MIA,4.4
4365395,2024_07_MIA_IND,0,0,0,0,0,0,0,0,1,2,4,0,2024,Julian Hill,MIA,1.4
4365395,2024_08_ARI_MIA,0,0,0,0,0,0,0,0,3,3,11,0,2024,Julian Hill,MIA,4.1
4365395,2024_10_MIA_LAR,0,0,0,0,0,0,0,0,0,1,0,0,2024,Julian Hill,MIA,0.0
4365395,2024_11_LV_MIA,0,0,0,0,0,0,0,0,2,3,28,0,2024,Julian Hill,MIA,4.8
4365395,2024_12_NE_MIA,0,0,0,0,0,0,0,0,1,2,8,0,2024,Julian Hill,MIA,1.8
4365395,2024_13_MIA_GB,0,0,0,0,0,0,0,0,1,1,5,0,2024,Julian Hill,MIA,1.5
4365395,2024_14_NYJ_MIA,0,0,0,0,0,0,0,0,1,1,14,0,2024,Julian Hill,MIA,2.4
4365395,2024_18_MIA_NYJ,0,0,0,0,0,0,0,0,0,1,0,0,2024,Julian Hill,MIA,0.0
4365395,2025_03_MIA_BUF,0,0,0,0,0,0,0,0,1,1,4,0,2025,Julian Hill,MIA,1.4
4365395,2025_04_NYJ_MIA,0,0,0,0,0,0,0,0,1,2,19,0,2025,Julian Hill,MIA,2.9
4365395,2025_05_MIA_CAR,0,0,0,0,0,0,0,0,4,5,22,0,2025,Julian Hill,MIA,6.2
4365395,2025_06_LAC_MIA,0,0,0,0,0,0,0,0,3,3,31,0,2025,Julian Hill,MIA,6.1
4365395,2025_07_MIA_CLE,0,0,0,0,0,0,0,0,1,2,1,0,2025,Julian Hill,MIA,1.1
4365395,2025_11_WSH_MIA,0,0,0,0,0,0,0,0,1,1,14,0,2025,Julian Hill,MIA,2.4
4365395,2025_13_NO_MIA,0,0,0,0,0,0,0,0,0,1,0,0,2025,Julian Hill,MIA,0.0
4365395,2025_15_MIA_PIT,0,0,0,0,0,0,0,0,2,2,25,0,2025,Julian Hill,MIA,4.5
4365395,2025_17_TB_MIA,0,0,0,0,0,0,0,0,1,2,16,0,2025,Julian Hill,MIA,2.6
4365395,2025_18_MIA_NE,0,0,0,0,0,0,0,0,1,1,8,0,2025,Julian Hill,MIA,1.8
4367567,2024_07_TEN_BUF,0,0,0,0,0,3,15,0,1,1,9,0,2024,Julius Chestnut,TEN,3.4
4367567,2024_08_TEN_DET,0,0,0,0,0,7,32,0,0,0,0,0,2024,Julius Chestnut,TEN,3.2
4367567,2024_09_NE_TEN,0,0,0,0,0,5,22,0,0,0,0,0,2024,Julius Chestnut,TEN,2.2
4367567,2024_12_TEN_HOU,0,0,0,0,0,1,3,0,1,1,2,0,2024,Julius Chestnut,TEN,1.5
4367567,2024_17_TEN_JAX,0,0,0,0,0,3,17,0,0,1,0,0,2024,Julius Chestnut,TEN,1.7
4367567,2025_04_TEN_HOU,0,0,0,0,0,1,0,0,0,1,0,0,2025,Julius Chestnut,TEN,0.0
4367567,2025_05_TEN_ARI,0,0,0,0,0,1,3,0,0,1,0,0,2025,Julius Chestnut,TEN,0.3
4038441,2024_01_BAL_KC,0,0,0,0,0,1,3,0,6,8,52,0,2024,Justice Hill,BAL,11.5
4038441,2024_02_LV_BAL,0,0,0,0,0,4,22,0,2,2,10,0,2024,Justice Hill,BAL,5.2
4038441,2024_03_BAL_DAL,0,0,0,0,0,5,33,0,2,2,21,0,2024,Justice Hill,BAL,7.4
4038441,2024_04_BUF_BAL,0,0,0,0,0,4,18,0,6,6,78,1,2024,Justice Hill,BAL,21.6
4038441,2024_05_BAL_CIN,0,0,0,0,0,5,17,0,1,2,8,0,2024,Justice Hill,BAL,3.5
4038441,2024_06_WSH_BAL,0,0,0,0,0,1,2,0,1,1,2,0,2024,Justice Hill,BAL,1.4
4038441,2024_07_BAL_TB,0,0,0,0,0,5,4,0,3,3,44,1,2024,Justice Hill,BAL,13.8
4038441,2024_08_BAL_CLE,0,0,0,0,0,2,5,0,1,1,14,0,2024,Justice Hill,BAL,2.9
4038441,2024_09_DEN_BAL,0,0,0,0,0,5,15,0,3,3,43,0,2024,Justice Hill,BAL,8.8
4038441,2024_10_CIN_BAL,0,0,0,0,0,2,-2,0,2,2,0,0,2024,Justice Hill,BAL,1.8
4038441,2024_11_BAL_PIT,0,0,0,0,0,2,13,0,4,7,28,0,2024,Justice Hill,BAL,8.1
4038441,2024_12_BAL_LAC,0,0,0,0,0,4,55,1,2,2,7,0,2024,Justice Hill,BAL,14.2
4038441,2024_13_PHI_BAL,0,0,0,0,0,3,6,0,4,6,15,0,2024,Justice Hill,BAL,6.1
4038441,2024_15_BAL_NYG,0,0,0,0,0,2,7,0,5,5,61,1,2024,Justice Hill,BAL,17.8
4038441,2024_16_PIT_BAL,0,0,0,0,0,2,30,0,0,1,0,0,2024,Justice Hill,BAL,3.0
4038441,2025_01_BAL_BUF,0,0,0,0,0,2,-14,0,1,2,3,0,2025,Justice Hill,BAL,-0.1
4038441,2025_02_CLE_BAL,0,0,0,0,0,3,7,0,3,3,18,0,2025,Justice Hill,BAL,5.5
4038441,2025_03_DET_BAL,0,0,0,0,0,0,0,0,3,4,45,0,2025,Justice Hill,BAL,7.5
4038441,2025_04_BAL_KC,0,0,0,0,0,3,76,1,5,6,41,1,2025,Justice Hill,BAL,28.7
4038441,2025_05_HOU_BAL,0,0,0,0,0,1,3,0,1,2,9,0,2025,Justice Hill,BAL,2.2
4038441,2025_06_LAR_BAL,0,0,0,0,0,6,16,0,5,6,28,0,2025,Justice Hill,BAL,9.4
4038441,2025_09_BAL_MIA,0,0,0,0,0,1,2,0,2,2,13,0,2025,Justice Hill,BAL,3.5
4038441,2025_10_BAL_MIN,0,0,0,0,0,1,1,1,1,2,12,0,2025,Justice Hill,BAL,8.3
4362887,2024_01_PIT_ATL,17,23,156,0,0,14,57,0,0,0,0,0,2024,Justin Fields,PIT,11.94
4362887,2024_02_PIT_DEN,13,20,117,1,0,8,27,0,0,0,0,0,2024,Justin Fields,PIT,11.38
4362887,2024_03_LAC_PIT,25,32,245,1,1,6,6,1,0,0,0,0,2024,Justin Fields,PIT,19.4
4362887,2024_04_PIT_IND,22,34,312,1,0,10,55,2,0,0,0,0,2024,Justin Fields,PIT,33.98
4362887,2024_05_DAL_PIT,15,27,131,2,0,6,27,0,0,0,0,0,2024,Justin Fields,PIT,15.94
4362887,2024_06_PIT_LV,14,24,145,0,0,11,59,2,0,0,0,0,2024,Justin Fields,PIT,23.7
4362887,2024_12_PIT_CLE,0,1,0,0,0,3,26,0,0,0,0,0,2024,Justin Fields,PIT,2.6
4362887,2025_01_PIT_NYJ,16,22,218,1,0,12,48,2,0,0,0,0,2025,Justin Fields,NYJ,29.52
4362887,2025_02_BUF_NYJ,3,11,27,0,0,5,49,0,0,0,0,0,2025,Justin Fields,NYJ,5.98
4362887,2025_04_NYJ_MIA,20,27,226,1,0,7,81,1,0,0,0,0,2025,Justin Fields,NYJ,27.14
4362887,2025_05_DAL_NYJ,32,46,283,2,0,7,26,0,0,0,0,0,2025,Justin Fields,NYJ,21.92
4362887,2025_06_DEN_NYJ,9,17,45,0,0,7,31,0,0,0,0,0,2025,Justin Fields,NYJ,4.9
4362887,2025_07_CAR_NYJ,6,12,46,0,0,4,22,0,0,0,0,0,2025,Justin Fields,NYJ,4.04
4362887,2025_08_NYJ_CIN,21,32,244,1,0,11,31,0,0,0,0,0,2025,Justin Fields,NYJ,16.86
4362887,2025_10_CLE_NYJ,6,11,54,1,1,7,28,0,0,0,0,0,2025,Justin Fields,NYJ,7.96
4362887,2025_11_NYJ_NE,15,26,116,1,0,11,67,1,0,1,0,0,2025,Justin Fields,NYJ,21.34
4038941,2024_01_LV_LAC,17,26,144,1,0,4,6,0,0,0,0,0,2024,Justin Herbert,LAC,10.36
4038941,2024_02_LAC_CAR,14,20,130,2,1,6,18,0,0,0,0,0,2024,Justin Herbert,LAC,14.0
4038941,2024_03_LAC_PIT,12,18,125,1,0,1,0,0,0,0,0,0,2024,Justin Herbert,LAC,9.0
4038941,2024_04_KC_LAC,16,27,179,1,0,3,0,0,0,0,0,0,2024,Justin Herbert,LAC,11.16
4038941,2024_06_LAC_DEN,21,34,237,1,0,4,2,0,0,0,0,0,2024,Justin Herbert,LAC,13.68
4038941,2024_07_LAC_ARI,27,39,349,0,0,2,8,0,0,0,0,0,2024,Justin Herbert,LAC,14.76
4038941,2024_08_NO_LAC,20,32,279,2,0,4,49,0,0,0,0,0,2024,Justin Herbert,LAC,24.06
4038941,2024_09_LAC_CLE,18,27,282,2,0,3,2,0,0,0,0,0,2024,Justin Herbert,LAC,19.48
4038941,2024_10_TEN_LAC,14,18,164,1,0,9,32,1,0,0,0,0,2024,Justin Herbert,LAC,19.76
4038941,2024_11_CIN_LAC,17,36,297,2,0,5,65,0,0,0,0,0,2024,Justin Herbert,LAC,26.38
4038941,2024_12_BAL_LAC,21,36,218,0,0,4,29,1,0,0,0,0,2024,Justin Herbert,LAC,17.62
4038941,2024_13_LAC_ATL,16,23,147,0,0,5,1,0,0,0,0,0,2024,Justin Herbert,LAC,5.98
4038941,2024_14_LAC_KC,21,30,213,1,0,4,12,0,0,0,0,0,2024,Justin Herbert,LAC,13.72
4038941,2024_15_TB_LAC,21,33,195,2,1,0,0,0,0,0,0,0,2024,Justin Herbert,LAC,14.8
4038941,2024_16_DEN_LAC,23,31,284,2,1,8,28,0,0,0,0,0,2024,Justin Herbert,LAC,21.16
4038941,2024_17_LAC_NE,26,38,281,3,0,3,12,0,0,0,0,0,2024,Justin Herbert,LAC,24.44
4038941,2024_18_LAC_LV,28,36,346,2,0,4,42,0,0,0,0,0,2024,Justin Herbert,LAC,26.04
4038941,2025_01_KC_LAC,25,34,318,3,0,7,32,0,0,0,0,0,2025,Justin Herbert,LAC,27.92
4038941,2025_02_LAC_LV,19,27,242,2,0,9,31,0,0,0,0,0,2025,Justin Herbert,LAC,20.78
4038941,2025_03_DEN_LAC,28,47,300,1,1,2,6,0,0,0,0,0,2025,Justin Herbert,LAC,15.6
4038941,2025_04_LAC_NYG,23,41,203,1,2,1,24,0,0,0,0,0,2025,Justin Herbert,LAC,12.52
4038941,2025_05_WSH_LAC,22,29,166,1,1,4,60,0,0,0,0,0,2025,Justin Herbert,LAC,15.64
4038941,2025_06_LAC_MIA,29,38,264,2,0,1,2,0,0,0,0,0,2025,Justin Herbert,LAC,18.76
4038941,2025_07_IND_LAC,37,55,420,3,2,6,31,0,0,0,0,0,2025,Justin Herbert,LAC,29.9
4038941,2025_08_MIN_LAC,18,25,227,3,1,7,62,0,0,0,0,0,2025,Justin Herbert,LAC,26.28
4038941,2025_09_LAC_TEN,19,29,250,2,1,9,57,1,0,0,0,0,2025,Justin Herbert,LAC,28.7
4038941,2025_10_PIT_LAC,20,33,220,1,0,5,19,0,0,0,0,0,2025,Justin Herbert,LAC,14.7
4038941,2025_11_LAC_JAX,10,18,81,0,1,3,21,0,0,0,0,0,2025,Justin Herbert,LAC,4.34
4038941,2025_13_LV_LAC,15,20,151,2,1,3,8,0,0,0,0,0,2025,Justin Herbert,LAC,13.84
4038941,2025_14_PHI_LAC,12,26,139,1,1,10,66,0,0,0,0,0,2025,Justin Herbert,LAC,15.16
4038941,2025_15_LAC_KC,19,29,210,1,1,2,0,0,0,0,0,0,2025,Justin Herbert,LAC,11.4
4038941,2025_16_LAC_DAL,23,29,300,2,0,8,42,1,0,0,0,0,2025,Justin Herbert,LAC,30.2
4038941,2025_17_HOU_LAC,21,32,236,1,1,6,37,0,0,0,0,0,2025,Justin Herbert,LAC,16.14
4262921,2024_01_MIN_NYG,0,0,0,0,0,0,0,0,4,6,59,1,2024,Justin Jefferson,MIN,15.9
4262921,2024_02_SF_MIN,0,0,0,0,0,0,0,0,4,7,133,1,2024,Justin Jefferson,MIN,23.3
4262921,2024_03_HOU_MIN,0,0,0,0,0,0,0,0,6,8,81,1,2024,Justin Jefferson,MIN,20.1
4262921,2024_04_MIN_GB,0,0,0,0,0,0,0,0,6,8,85,1,2024,Justin Jefferson,MIN,20.5
4262921,2024_05_NYJ_MIN,0,0,0,0,0,0,0,0,6,14,92,0,2024,Justin Jefferson,MIN,15.2
4262921,2024_07_DET_MIN,0,0,0,0,0,1,3,0,7,8,81,1,2024,Justin Jefferson,MIN,21.4
4262921,2024_08_MIN_LAR,0,0,0,0,0,0,0,0,8,9,115,0,2024,Justin Jefferson,MIN,19.5
4262921,2024_09_IND_MIN,1,1,22,0,0,0,0,0,7,9,137,0,2024,Justin Jefferson,MIN,21.58
4262921,2024_10_MIN_JAX,0,0,0,0,0,0,0,0,5,9,48,0,2024,Justin Jefferson,MIN,9.8
4262921,2024_11_MIN_TEN,0,0,0,0,0,0,0,0,6,8,81,0,2024,Justin Jefferson,MIN,14.1
4262921,2024_12_MIN_CHI,0,0,0,0,0,0,0,0,2,5,27,0,2024,Justin Jefferson,MIN,4.7
4262921,2024_13_ARI_MIN,0,0,0,0,0,0,0,0,7,9,99,0,2024,Justin Jefferson,MIN,16.9
4262921,2024_14_ATL_MIN,0,0,0,0,0,0,0,0,7,7,132,2,2024,Justin Jefferson,MIN,32.2
4262921,2024_15_CHI_MIN,0,0,0,0,0,0,0,0,7,14,73,1,2024,Justin Jefferson,MIN,20.3
4262921,2024_16_MIN_SEA,0,0,0,0,0,0,0,0,10,13,144,2,2024,Justin Jefferson,MIN,36.4
4262921,2024_17_GB_MIN,0,0,0,0,0,0,0,0,8,11,92,0,2024,Justin Jefferson,MIN,17.2
4262921,2024_18_MIN_DET,0,0,0,0,0,0,0,0,3,9,54,0,2024,Justin Jefferson,MIN,8.4
4262921,2025_01_MIN_CHI,0,0,0,0,0,1,4,0,4,7,44,1,2025,Justin Jefferson,MIN,14.8
4262921,2025_02_ATL_MIN,0,0,0,0,0,0,0,0,3,6,81,0,2025,Justin Jefferson,MIN,11.1
4262921,2025_03_CIN_MIN,0,0,0,0,0,0,0,0,5,7,75,0,2025,Justin Jefferson,MIN,12.5
4262921,2025_04_MIN_PIT,0,0,0,0,0,0,0,0,10,11,126,0,2025,Justin Jefferson,MIN,22.6
4262921,2025_05_MIN_CLE,0,0,0,0,0,0,0,0,7,11,123,0,2025,Justin Jefferson,MIN,19.3
4262921,2025_07_PHI_MIN,0,0,0,0,0,0,0,0,5,10,79,0,2025,Justin Jefferson,MIN,12.9
4262921,2025_08_MIN_LAC,0,0,0,0,0,0,0,0,7,11,74,0,2025,Justin Jefferson,MIN,14.4
4262921,2025_09_MIN_DET,0,0,0,0,0,0,0,0,6,9,47,1,2025,Justin Jefferson,MIN,16.7
4262921,2025_10_BAL_MIN,0,0,0,0,0,0,0,0,4,12,37,0,2025,Justin Jefferson,MIN,7.7
4262921,2025_11_CHI_MIN,0,0,0,0,0,0,0,0,5,9,61,0,2025,Justin Jefferson,MIN,11.1
4262921,2025_12_MIN_GB,0,0,0,0,0,0,0,0,4,6,48,0,2025,Justin Jefferson,MIN,8.8
4262921,2025_13_MIN_SEA,0,0,0,0,0,0,0,0,2,6,4,0,2025,Justin Jefferson,MIN,2.4
4262921,2025_14_WSH_MIN,0,0,0,0,0,0,0,0,2,4,11,0,2025,Justin Jefferson,MIN,3.1
4262921,2025_15_MIN_DAL,0,0,0,0,0,0,0,0,2,8,22,0,2025,Justin Jefferson,MIN,4.2
4262921,2025_16_MIN_NYG,0,0,0,0,0,0,0,0,6,8,85,0,2025,Justin Jefferson,MIN,14.5
4262921,2025_17_DET_MIN,0,0,0,0,0,0,0,0,4,5,30,0,2025,Justin Jefferson,MIN,7.0
4262921,2025_18_GB_MIN,0,0,0,0,0,1,3,0,8,11,101,0,2025,Justin Jefferson,MIN,18.4
3118892,2024_01_BAL_KC,0,0,0,0,0,0,0,0,1,1,25,0,2024,Justin Watson,KC,3.5
3118892,2024_02_CIN_KC,0,0,0,0,0,0,0,0,2,2,22,0,2024,Justin Watson,KC,4.2
3118892,2024_03_KC_ATL,0,0,0,0,0,0,0,0,1,2,13,0,2024,Justin Watson,KC,2.3
3118892,2024_04_KC_LAC,0,0,0,0,0,0,0,0,2,3,27,0,2024,Justin Watson,KC,4.7
3118892,2024_07_KC_SF,0,0,0,0,0,0,0,0,1,1,8,0,2024,Justin Watson,KC,1.8
3118892,2024_08_KC_LV,0,0,0,0,0,0,0,0,3,3,33,0,2024,Justin Watson,KC,6.3
3118892,2024_09_TB_KC,0,0,0,0,0,0,0,0,3,4,43,0,2024,Justin Watson,KC,7.3
3118892,2024_10_DEN_KC,0,0,0,0,0,0,0,0,2,2,6,0,2024,Justin Watson,KC,2.6
3118892,2024_11_KC_BUF,0,0,0,0,0,0,0,0,2,2,26,0,2024,Justin Watson,KC,4.6
3118892,2024_12_KC_CAR,0,0,0,0,0,0,0,0,1,2,15,0,2024,Justin Watson,KC,2.5
3118892,2024_13_LV_KC,0,0,0,0,0,0,0,0,1,3,6,1,2024,Justin Watson,KC,7.6
3118892,2024_15_KC_CLE,0,0,0,0,0,0,0,0,0,1,0,0,2024,Justin Watson,KC,0.0
3118892,2024_16_HOU_KC,0,0,0,0,0,0,0,0,0,1,0,0,2024,Justin Watson,KC,0.0
3118892,2024_17_KC_PIT,0,0,0,0,0,0,0,0,2,2,60,1,2024,Justin Watson,KC,14.0
3118892,2024_18_KC_DEN,0,0,0,0,0,0,0,0,1,3,5,0,2024,Justin Watson,KC,1.5
3118892,2025_01_HOU_LAR,0,0,0,0,0,0,0,0,2,2,27,0,2025,Justin Watson,HOU,4.7
3118892,2025_02_TB_HOU,0,0,0,0,0,0,0,0,1,2,3,0,2025,Justin Watson,HOU,1.3
4360306,2024_10_DEN_KC,0,0,0,0,0,0,0,0,0,1,0,0,2024,Justyn Ross,KC,0.0
3929645,2024_01_CAR_NO,0,0,0,0,0,0,0,0,2,3,26,1,2024,Juwan Johnson,NO,10.6
3929645,2024_04_NO_ATL,0,0,0,0,0,0,0,0,2,3,13,0,2024,Juwan Johnson,NO,3.3
3929645,2024_05_NO_KC,0,0,0,0,0,0,0,0,5,5,31,0,2024,Juwan Johnson,NO,8.1
3929645,2024_06_TB_NO,0,0,0,0,0,0,0,0,3,3,48,0,2024,Juwan Johnson,NO,7.8
3929645,2024_07_DEN_NO,0,0,0,0,0,0,0,0,3,6,18,0,2024,Juwan Johnson,NO,4.8
3929645,2024_08_NO_LAC,0,0,0,0,0,0,0,0,3,4,48,0,2024,Juwan Johnson,NO,7.8
3929645,2024_09_NO_CAR,0,0,0,0,0,0,0,0,2,2,41,0,2024,Juwan Johnson,NO,6.1
3929645,2024_10_ATL_NO,0,0,0,0,0,0,0,0,2,3,22,0,2024,Juwan Johnson,NO,4.2
3929645,2024_11_CLE_NO,0,0,0,0,0,0,0,0,3,3,30,1,2024,Juwan Johnson,NO,12.0
3929645,2024_13_LAR_NO,0,0,0,0,0,0,0,0,5,7,36,0,2024,Juwan Johnson,NO,8.6
3929645,2024_14_NO_NYG,0,0,0,0,0,0,0,0,4,5,50,1,2024,Juwan Johnson,NO,15.0
3929645,2024_15_WSH_NO,0,0,0,0,0,0,0,0,2,3,12,0,2024,Juwan Johnson,NO,3.2
3929645,2024_16_NO_GB,0,0,0,0,0,0,0,0,2,2,27,0,2024,Juwan Johnson,NO,4.7
3929645,2024_17_LV_NO,0,0,0,0,0,0,0,0,6,10,66,0,2024,Juwan Johnson,NO,12.6
3929645,2024_18_NO_TB,0,0,0,0,0,0,0,0,6,7,80,0,2024,Juwan Johnson,NO,14.0
3929645,2025_01_ARI_NO,0,0,0,0,0,0,0,0,8,11,76,0,2025,Juwan Johnson,NO,15.6
3929645,2025_02_SF_NO,0,0,0,0,0,0,0,0,5,9,49,1,2025,Juwan Johnson,NO,15.9
3929645,2025_03_NO_SEA,0,0,0,0,0,0,0,0,6,8,51,0,2025,Juwan Johnson,NO,11.1
3929645,2025_04_NO_BUF,0,0,0,0,0,0,0,0,3,3,28,0,2025,Juwan Johnson,NO,5.8
3929645,2025_05_NYG_NO,0,0,0,0,0,0,0,0,2,4,17,0,2025,Juwan Johnson,NO,3.7
3929645,2025_06_NE_NO,0,0,0,0,0,0,0,0,2,2,15,0,2025,Juwan Johnson,NO,3.5
3929645,2025_07_NO_CHI,0,0,0,0,0,0,0,0,5,7,79,0,2025,Juwan Johnson,NO,12.9
3929645,2025_08_TB_NO,0,0,0,0,0,0,0,0,5,8,53,0,2025,Juwan Johnson,NO,10.3
3929645,2025_09_NO_LAR,0,0,0,0,0,0,0,0,3,4,31,1,2025,Juwan Johnson,NO,12.1
3929645,2025_10_NO_CAR,0,0,0,0,0,0,0,0,4,4,92,1,2025,Juwan Johnson,NO,19.2
3929645,2025_12_ATL_NO,0,0,0,0,0,0,0,0,6,7,46,0,2025,Juwan Johnson,NO,10.6
3929645,2025_13_NO_MIA,0,0,0,0,0,0,0,0,5,9,39,0,2025,Juwan Johnson,NO,8.9
3929645,2025_14_NO_TB,0,0,0,0,0,0,0,0,4,4,38,0,2025,Juwan Johnson,NO,7.8
3929645,2025_15_CAR_NO,0,0,0,0,0,0,0,0,4,4,30,0,2025,Juwan Johnson,NO,7.0
3929645,2025_16_NYJ_NO,0,0,0,0,0,0,0,0,8,9,89,0,2025,Juwan Johnson,NO,16.9
3929645,2025_17_NO_TEN,0,0,0,0,0,0,0,0,4,4,95,0,2025,Juwan Johnson,NO,13.5
3929645,2025_18_NO_ATL,0,0,0,0,0,0,0,0,3,5,61,0,2025,Juwan Johnson,NO,9.1
3916566,2024_01_NE_CIN,0,0,0,0,0,0,0,0,3,6,21,0,2024,K.J. Osborn,NE,5.1
3916566,2024_02_SEA_NE,0,0,0,0,0,0,0,0,1,2,7,0,2024,K.J. Osborn,NE,1.7
3916566,2024_04_NE_SF,0,0,0,0,0,0,0,0,1,5,3,0,2024,K.J. Osborn,NE,1.3
3916566,2024_07_NE_JAX,0,0,0,0,0,0,0,0,2,3,26,1,2024,K.J. Osborn,NE,10.6
3916566,2024_08_NYJ_NE,0,0,0,0,0,0,0,0,0,1,0,0,2024,K.J. Osborn,NE,0.0
3916566,2024_10_NE_CHI,0,0,0,0,0,0,0,0,0,1,0,0,2024,K.J. Osborn,NE,0.0
3676833,2024_01_DAL_CLE,0,0,0,0,0,0,0,0,0,1,0,0,2024,KaVontae Turpin,DAL,0.0
3676833,2024_02_NO_DAL,0,0,0,0,0,1,2,0,2,4,4,0,2024,KaVontae Turpin,DAL,2.6
3676833,2024_03_BAL_DAL,0,0,0,0,0,1,1,0,3,3,51,1,2024,KaVontae Turpin,DAL,14.2
3676833,2024_05_DAL_PIT,0,0,0,0,0,1,-6,0,4,5,50,0,2024,KaVontae Turpin,DAL,8.4
3676833,2024_06_DET_DAL,0,0,0,0,0,1,6,0,4,7,24,0,2024,KaVontae Turpin,DAL,7.0
3676833,2024_08_DAL_SF,0,0,0,0,0,1,11,0,1,4,16,0,2024,KaVontae Turpin,DAL,3.7
3676833,2024_09_DAL_ATL,0,0,0,0,0,0,0,0,3,4,36,0,2024,KaVontae Turpin,DAL,6.6
3676833,2024_11_HOU_DAL,0,0,0,0,0,0,0,0,3,3,86,1,2024,KaVontae Turpin,DAL,17.6
3676833,2024_12_DAL_WSH,0,0,0,0,0,0,0,0,1,1,8,0,2024,KaVontae Turpin,DAL,1.8
3676833,2024_13_NYG_DAL,0,0,0,0,0,1,2,0,4,5,53,0,2024,KaVontae Turpin,DAL,9.5
3676833,2024_14_CIN_DAL,0,0,0,0,0,2,15,0,1,4,16,0,2024,KaVontae Turpin,DAL,4.1
3676833,2024_15_DAL_CAR,0,0,0,0,0,2,27,0,0,1,0,0,2024,KaVontae Turpin,DAL,2.7
3676833,2024_16_TB_DAL,0,0,0,0,0,3,11,0,1,1,7,0,2024,KaVontae Turpin,DAL,2.8
3676833,2024_17_DAL_PHI,0,0,0,0,0,2,18,0,1,4,16,0,2024,KaVontae Turpin,DAL,4.4
3676833,2024_18_WSH_DAL,0,0,0,0,0,1,5,0,3,5,53,0,2024,KaVontae Turpin,DAL,8.8
3676833,2025_01_DAL_PHI,0,0,0,0,0,2,9,0,2,2,18,0,2025,KaVontae Turpin,DAL,4.7
3676833,2025_02_NYG_DAL,0,0,0,0,0,2,6,0,4,4,47,1,2025,KaVontae Turpin,DAL,15.3
3676833,2025_03_DAL_CHI,0,0,0,0,0,1,4,0,2,3,64,0,2025,KaVontae Turpin,DAL,8.8
3676833,2025_04_GB_DAL,0,0,0,0,0,1,4,0,3,4,30,0,2025,KaVontae Turpin,DAL,6.4
3676833,2025_07_WSH_DAL,0,0,0,0,0,0,0,0,1,1,17,0,2025,KaVontae Turpin,DAL,2.7
3676833,2025_08_DAL_DEN,0,0,0,0,0,0,0,0,1,5,-2,0,2025,KaVontae Turpin,DAL,0.8
3676833,2025_09_ARI_DAL,0,0,0,0,0,1,3,0,2,3,10,0,2025,KaVontae Turpin,DAL,3.3
3676833,2025_11_DAL_LV,0,0,0,0,0,0,0,0,1,2,0,0,2025,KaVontae Turpin,DAL,1.0
3676833,2025_12_PHI_DAL,0,0,0,0,0,2,4,0,1,2,48,0,2025,KaVontae Turpin,DAL,6.2
3676833,2025_13_KC_DAL,0,0,0,0,0,3,33,0,2,2,28,0,2025,KaVontae Turpin,DAL,8.1
3676833,2025_14_DAL_DET,0,0,0,0,0,1,4,0,2,2,26,0,2025,KaVontae Turpin,DAL,5.0
3676833,2025_15_MIN_DAL,0,0,0,0,0,1,2,0,2,2,10,0,2025,KaVontae Turpin,DAL,3.2
3676833,2025_16_LAC_DAL,0,0,0,0,0,2,13,0,2,4,14,0,2025,KaVontae Turpin,DAL,4.7
3676833,2025_17_DAL_WSH,0,0,0,0,0,0,0,0,1,1,86,1,2025,KaVontae Turpin,DAL,15.6
3676833,2025_18_DAL_NYG,0,0,0,0,0,1,7,0,0,1,0,0,2025,KaVontae Turpin,DAL,0.7
4240600,2024_13_CLE_DEN,0,0,0,0,0,1,3,0,0,1,0,0,2024,Kadarius Toney,CLE,0.3
4819231,2025_04_MIN_PIT,0,0,0,0,0,6,22,0,0,1,0,0,2025,Kaleb Johnson,PIT,2.2
4819231,2025_06_CLE_PIT,0,0,0,0,0,6,15,0,0,0,0,0,2025,Kaleb Johnson,PIT,1.5
4819231,2025_09_IND_PIT,0,0,0,0,0,1,4,0,1,1,9,0,2025,Kaleb Johnson,PIT,2.3
4819231,2025_11_CIN_PIT,0,0,0,0,0,5,15,0,0,0,0,0,2025,Kaleb Johnson,PIT,1.5
2973405,2024_02_TB_DET,0,0,0,0,0,0,0,0,3,4,27,0,2024,Kalif Raymond,DET,5.7
2973405,2024_04_SEA_DET,0,0,0,0,0,0,0,0,1,1,9,0,2024,Kalif Raymond,DET,1.9
2973405,2024_06_DET_DAL,0,0,0,0,0,0,0,0,4,6,73,0,2024,Kalif Raymond,DET,11.3
2973405,2024_07_DET_MIN,0,0,0,0,0,0,0,0,3,4,39,1,2024,Kalif Raymond,DET,12.9
2973405,2024_08_TEN_DET,0,0,0,0,0,0,0,0,2,2,14,1,2024,Kalif Raymond,DET,9.4
2973405,2024_09_DET_GB,0,0,0,0,0,1,-12,0,1,1,12,0,2024,Kalif Raymond,DET,1.0
2973405,2024_11_JAX_DET,0,0,0,0,0,0,0,0,2,2,30,0,2024,Kalif Raymond,DET,5.0
2973405,2024_12_DET_IND,0,0,0,0,0,0,0,0,0,1,0,0,2024,Kalif Raymond,DET,0.0
2973405,2024_18_MIN_DET,0,0,0,0,0,0,0,0,1,1,11,0,2024,Kalif Raymond,DET,2.1
2973405,2025_01_DET_GB,0,0,0,0,0,0,0,0,2,3,16,0,2025,Kalif Raymond,DET,3.6
2973405,2025_02_CHI_DET,0,0,0,0,0,1,9,0,1,1,14,0,2025,Kalif Raymond,DET,3.3
2973405,2025_03_DET_BAL,0,0,0,0,0,0,0,0,1,2,4,0,2025,Kalif Raymond,DET,1.4
2973405,2025_04_CLE_DET,0,0,0,0,0,0,0,0,2,3,13,0,2025,Kalif Raymond,DET,3.3
2973405,2025_07_TB_DET,0,0,0,0,0,0,0,0,3,3,17,0,2025,Kalif Raymond,DET,4.7
2973405,2025_09_MIN_DET,0,0,0,0,0,0,0,0,0,1,0,0,2025,Kalif Raymond,DET,0.0
2973405,2025_10_DET_WSH,0,0,0,0,0,1,10,0,4,4,49,0,2025,Kalif Raymond,DET,9.9
2973405,2025_12_NYG_DET,0,0,0,0,0,0,0,0,2,2,37,0,2025,Kalif Raymond,DET,5.7
2973405,2025_15_DET_LAR,0,0,0,0,0,0,0,0,1,1,20,0,2025,Kalif Raymond,DET,3.0
2973405,2025_16_PIT_DET,0,0,0,0,0,0,0,0,4,5,62,1,2025,Kalif Raymond,DET,16.2
2973405,2025_17_DET_MIN,0,0,0,0,0,0,0,0,1,2,5,0,2025,Kalif Raymond,DET,1.5
2973405,2025_18_DET_CHI,0,0,0,0,0,0,0,0,3,3,52,0,2025,Kalif Raymond,DET,8.2
5097554,2024_04_PHI_TB,0,0,0,0,0,0,0,0,0,1,0,0,2024,Kameron Johnson,TB,0.0
5097554,2025_06_SF_TB,0,0,0,0,0,0,0,0,4,4,64,1,2025,Kameron Johnson,TB,16.4
5097554,2025_07_TB_DET,0,0,0,0,0,0,0,0,0,1,0,0,2025,Kameron Johnson,TB,0.0
5097554,2025_10_NE_TB,0,0,0,0,0,1,11,0,0,1,0,0,2025,Kameron Johnson,TB,1.1
5097554,2025_14_NO_TB,0,0,0,0,0,0,0,0,0,1,0,0,2025,Kameron Johnson,TB,0.0
3059915,2024_04_KC_LAC,0,0,0,0,0,14,69,0,2,3,16,0,2024,Kareem Hunt,KC,10.5
3059915,2024_05_NO_KC,0,0,0,0,0,27,102,1,1,1,15,0,2024,Kareem Hunt,KC,18.7
3059915,2024_07_KC_SF,0,0,0,0,0,22,78,2,2,2,5,0,2024,Kareem Hunt,KC,22.3
3059915,2024_08_KC_LV,0,0,0,0,0,21,59,1,1,1,4,0,2024,Kareem Hunt,KC,13.3
3059915,2024_09_TB_KC,0,0,0,0,0,27,106,1,1,1,11,0,2024,Kareem Hunt,KC,18.7
3059915,2024_10_DEN_KC,0,0,0,0,0,14,35,0,7,10,65,0,2024,Kareem Hunt,KC,17.0
3059915,2024_11_KC_BUF,0,0,0,0,0,14,60,0,0,0,0,0,2024,Kareem Hunt,KC,6.0
3059915,2024_12_KC_CAR,0,0,0,0,0,16,68,0,3,4,19,0,2024,Kareem Hunt,KC,11.7
3059915,2024_13_LV_KC,0,0,0,0,0,7,15,0,2,4,0,0,2024,Kareem Hunt,KC,3.5
3059915,2024_14_LAC_KC,0,0,0,0,0,5,16,0,1,1,13,0,2024,Kareem Hunt,KC,3.9
3059915,2024_15_KC_CLE,0,0,0,0,0,13,45,0,1,2,4,0,2024,Kareem Hunt,KC,5.9
3059915,2024_16_HOU_KC,0,0,0,0,0,11,55,1,2,3,24,0,2024,Kareem Hunt,KC,15.9
3059915,2024_17_KC_PIT,0,0,0,0,0,9,20,1,0,0,0,0,2024,Kareem Hunt,KC,8.0
3059915,2025_01_KC_LAC,0,0,0,0,0,5,16,0,2,3,10,0,2025,Kareem Hunt,KC,4.6
3059915,2025_02_PHI_KC,0,0,0,0,0,8,31,0,1,1,3,0,2025,Kareem Hunt,KC,4.4
3059915,2025_03_KC_NYG,0,0,0,0,0,10,34,1,1,1,10,0,2025,Kareem Hunt,KC,11.4
3059915,2025_04_BAL_KC,0,0,0,0,0,13,34,0,1,1,13,0,2025,Kareem Hunt,KC,5.7
3059915,2025_05_KC_JAX,0,0,0,0,0,7,49,2,1,1,8,0,2025,Kareem Hunt,KC,18.7
3059915,2025_06_DET_KC,0,0,0,0,0,6,23,0,1,1,11,0,2025,Kareem Hunt,KC,4.4
3059915,2025_07_LV_KC,0,0,0,0,0,4,18,0,0,0,0,0,2025,Kareem Hunt,KC,1.8
3059915,2025_08_WSH_KC,0,0,0,0,0,9,40,1,1,1,2,1,2025,Kareem Hunt,KC,17.2
3059915,2025_09_KC_BUF,0,0,0,0,0,11,49,1,1,2,6,0,2025,Kareem Hunt,KC,12.5
3059915,2025_11_KC_DEN,0,0,0,0,0,13,59,1,1,2,3,0,2025,Kareem Hunt,KC,13.2
3059915,2025_12_IND_KC,0,0,0,0,0,30,104,1,3,3,26,0,2025,Kareem Hunt,KC,22.0
3059915,2025_13_KC_DAL,0,0,0,0,0,14,58,0,1,2,22,0,2025,Kareem Hunt,KC,9.0
3059915,2025_14_HOU_KC,0,0,0,0,0,12,30,1,0,1,0,0,2025,Kareem Hunt,KC,9.0
3059915,2025_15_LAC_KC,0,0,0,0,0,6,12,0,1,2,8,0,2025,Kareem Hunt,KC,3.0
3059915,2025_16_KC_TEN,0,0,0,0,0,3,2,0,0,0,0,0,2025,Kareem Hunt,KC,0.2
3059915,2025_17_DEN_KC,0,0,0,0,0,7,38,0,0,0,0,0,2025,Kareem Hunt,KC,3.8
3059915,2025_18_KC_LV,0,0,0,0,0,5,14,0,3,4,21,0,2025,Kareem Hunt,KC,6.5
4429022,2024_03_NE_NYJ,0,0,0,0,0,0,0,0,1,2,2,0,2024,Kayshon Boutte,NE,1.2
4429022,2024_04_NE_SF,0,0,0,0,0,0,0,0,1,1,11,0,2024,Kayshon Boutte,NE,2.1
4429022,2024_05_MIA_NE,0,0,0,0,0,0,0,0,2,2,34,0,2024,Kayshon Boutte,NE,5.4
4429022,2024_06_HOU_NE,0,0,0,0,0,0,0,0,3,3,59,1,2024,Kayshon Boutte,NE,14.9
4429022,2024_07_NE_JAX,0,0,0,0,0,0,0,0,1,2,33,0,2024,Kayshon Boutte,NE,4.3
4429022,2024_08_NYJ_NE,0,0,0,0,0,0,0,0,3,6,46,0,2024,Kayshon Boutte,NE,7.6
4429022,2024_09_NE_TEN,0,0,0,0,0,0,0,0,2,6,18,0,2024,Kayshon Boutte,NE,3.8
4429022,2024_10_NE_CHI,0,0,0,0,0,0,0,0,4,6,47,0,2024,Kayshon Boutte,NE,8.7
4429022,2024_11_LAR_NE,0,0,0,0,0,0,0,0,4,6,33,0,2024,Kayshon Boutte,NE,7.3
4429022,2024_12_NE_MIA,0,0,0,0,0,0,0,0,1,4,6,0,2024,Kayshon Boutte,NE,1.6
4429022,2024_13_IND_NE,0,0,0,0,0,0,0,0,3,6,41,0,2024,Kayshon Boutte,NE,7.1
4429022,2024_15_NE_ARI,0,0,0,0,0,0,0,0,2,5,19,0,2024,Kayshon Boutte,NE,3.9
4429022,2024_16_NE_BUF,0,0,0,0,0,0,0,0,5,7,95,1,2024,Kayshon Boutte,NE,20.5
4429022,2024_17_LAC_NE,0,0,0,0,0,0,0,0,4,5,28,0,2024,Kayshon Boutte,NE,6.8
4429022,2024_18_BUF_NE,0,0,0,0,0,0,0,0,7,7,117,1,2024,Kayshon Boutte,NE,24.7
4429022,2025_01_LV_NE,0,0,0,0,0,0,0,0,6,8,103,0,2025,Kayshon Boutte,NE,16.3
4429022,2025_02_NE_MIA,0,0,0,0,0,0,0,0,1,1,16,1,2025,Kayshon Boutte,NE,8.6
4429022,2025_03_PIT_NE,0,0,0,0,0,0,0,0,2,3,28,0,2025,Kayshon Boutte,NE,4.8
4429022,2025_04_CAR_NE,0,0,0,0,0,0,0,0,1,3,18,0,2025,Kayshon Boutte,NE,2.8
4429022,2025_05_NE_BUF,0,0,0,0,0,0,0,0,3,3,43,0,2025,Kayshon Boutte,NE,7.3
4429022,2025_06_NE_NO,0,0,0,0,0,0,0,0,5,5,93,2,2025,Kayshon Boutte,NE,26.3
4429022,2025_07_NE_TEN,0,0,0,0,0,0,0,0,2,2,55,1,2025,Kayshon Boutte,NE,13.5
4429022,2025_08_CLE_NE,0,0,0,0,0,0,0,0,3,5,75,1,2025,Kayshon Boutte,NE,16.5
4429022,2025_09_ATL_NE,0,0,0,0,0,0,0,0,0,1,0,0,2025,Kayshon Boutte,NE,0.0
4429022,2025_12_NE_CIN,0,0,0,0,0,0,0,0,2,2,15,0,2025,Kayshon Boutte,NE,3.5
4429022,2025_13_NYG_NE,0,0,0,0,0,0,0,0,4,5,35,1,2025,Kayshon Boutte,NE,13.5
4429022,2025_15_BUF_NE,0,0,0,0,0,0,0,0,1,1,30,0,2025,Kayshon Boutte,NE,4.0
4429022,2025_16_NE_BAL,0,0,0,0,0,0,0,0,1,3,16,0,2025,Kayshon Boutte,NE,2.6
4429022,2025_18_MIA_NE,0,0,0,0,0,0,0,0,2,4,24,0,2025,Kayshon Boutte,NE,4.4
4570738,2025_17_ARI_CIN,0,0,0,0,0,0,0,0,1,1,5,0,2025,Ke'Shawn Williams,CIN,1.5
4430870,2025_01_KC_LAC,0,0,0,0,0,0,0,0,0,1,0,0,2025,KeAndre Lambert-Smith,LAC,0.0
4430870,2025_06_LAC_MIA,0,0,0,0,0,0,0,0,1,2,1,0,2025,KeAndre Lambert-Smith,LAC,1.1
4430870,2025_09_LAC_TEN,0,0,0,0,0,0,0,0,0,1,0,0,2025,KeAndre Lambert-Smith,LAC,0.0
4430870,2025_15_LAC_KC,0,0,0,0,0,0,0,0,1,1,16,1,2025,KeAndre Lambert-Smith,LAC,8.6
4430870,2025_16_LAC_DAL,0,0,0,0,0,0,0,0,1,1,10,0,2025,KeAndre Lambert-Smith,LAC,2.0
4430870,2025_17_HOU_LAC,0,0,0,0,0,0,0,0,0,1,0,0,2025,KeAndre Lambert-Smith,LAC,0.0
4430870,2025_18_LAC_DEN,0,0,0,0,0,0,0,0,2,5,24,0,2025,KeAndre Lambert-Smith,LAC,4.4
4596334,2024_17_BAL_HOU,0,0,0,0,0,11,20,0,1,1,28,0,2024,Keaton Mitchell,BAL,5.8
4596334,2024_18_CLE_BAL,0,0,0,0,0,4,10,0,0,0,0,0,2024,Keaton Mitchell,BAL,1.0
4596334,2025_05_HOU_BAL,0,0,0,0,0,3,8,0,1,1,5,0,2025,Keaton Mitchell,BAL,2.3
4596334,2025_08_CHI_BAL,0,0,0,0,0,4,43,0,0,0,0,0,2025,Keaton Mitchell,BAL,4.3
4596334,2025_09_BAL_MIA,0,0,0,0,0,4,11,0,1,1,7,0,2025,Keaton Mitchell,BAL,2.8
4596334,2025_10_BAL_MIN,0,0,0,0,0,4,31,0,0,0,0,0,2025,Keaton Mitchell,BAL,3.1
4596334,2025_11_BAL_CLE,0,0,0,0,0,6,31,0,2,3,23,0,2025,Keaton Mitchell,BAL,7.4
4596334,2025_12_NYJ_BAL,0,0,0,0,0,2,10,0,1,1,9,0,2025,Keaton Mitchell,BAL,2.9
4596334,2025_13_CIN_BAL,0,0,0,0,0,2,19,1,2,3,12,0,2025,Keaton Mitchell,BAL,11.1
4596334,2025_14_PIT_BAL,0,0,0,0,0,6,76,0,0,0,0,0,2025,Keaton Mitchell,BAL,7.6
4596334,2025_15_BAL_CIN,0,0,0,0,0,8,66,0,0,1,0,0,2025,Keaton Mitchell,BAL,6.6
4596334,2025_16_NE_BAL,0,0,0,0,0,9,13,0,0,0,0,0,2025,Keaton Mitchell,BAL,1.3
4596334,2025_17_BAL_GB,0,0,0,0,0,9,31,0,2,2,7,0,2025,Keaton Mitchell,BAL,5.8
15818,2024_01_TEN_CHI,0,0,0,0,0,0,0,0,4,11,29,0,2024,Keenan Allen,CHI,6.9
15818,2024_04_LAR_CHI,0,0,0,0,0,0,0,0,3,3,19,0,2024,Keenan Allen,CHI,4.9
15818,2024_05_CAR_CHI,0,0,0,0,0,0,0,0,3,6,33,0,2024,Keenan Allen,CHI,6.3
15818,2024_06_JAX_CHI,0,0,0,0,0,0,0,0,5,5,41,2,2024,Keenan Allen,CHI,21.1
15818,2024_08_CHI_WSH,0,0,0,0,0,0,0,0,2,7,39,0,2024,Keenan Allen,CHI,5.9
15818,2024_09_CHI_ARI,0,0,0,0,0,0,0,0,4,10,36,0,2024,Keenan Allen,CHI,7.6
15818,2024_10_NE_CHI,0,0,0,0,0,0,0,0,5,6,44,0,2024,Keenan Allen,CHI,9.4
15818,2024_11_GB_CHI,0,0,0,0,0,0,0,0,4,8,41,0,2024,Keenan Allen,CHI,8.1
15818,2024_12_MIN_CHI,0,0,0,0,0,0,0,0,9,15,86,1,2024,Keenan Allen,CHI,23.6
15818,2024_13_CHI_DET,0,0,0,0,0,0,0,0,5,8,73,2,2024,Keenan Allen,CHI,24.3
15818,2024_14_CHI_SF,0,0,0,0,0,0,0,0,3,5,30,0,2024,Keenan Allen,CHI,6.0
15818,2024_15_CHI_MIN,0,0,0,0,0,0,0,0,6,13,82,1,2024,Keenan Allen,CHI,20.2
15818,2024_16_DET_CHI,0,0,0,0,0,0,0,0,9,13,141,1,2024,Keenan Allen,CHI,29.1
15818,2024_17_SEA_CHI,0,0,0,0,0,0,0,0,5,8,25,0,2024,Keenan Allen,CHI,7.5
15818,2024_18_CHI_GB,0,1,0,0,1,0,0,0,3,3,25,0,2024,Keenan Allen,CHI,4.5
15818,2025_01_KC_LAC,0,0,0,0,0,0,0,0,7,10,68,1,2025,Keenan Allen,LAC,19.8
15818,2025_02_LAC_LV,0,0,0,0,0,0,0,0,5,7,61,1,2025,Keenan Allen,LAC,17.1
15818,2025_03_DEN_LAC,0,0,0,0,0,0,0,0,7,11,65,1,2025,Keenan Allen,LAC,19.5
15818,2025_04_LAC_NYG,0,0,0,0,0,0,0,0,5,7,37,0,2025,Keenan Allen,LAC,8.7
15818,2025_05_WSH_LAC,0,0,0,0,0,0,0,0,5,9,58,0,2025,Keenan Allen,LAC,10.8
15818,2025_06_LAC_MIA,0,0,0,0,0,0,0,0,4,7,27,0,2025,Keenan Allen,LAC,6.7
15818,2025_07_IND_LAC,0,0,0,0,0,0,0,0,11,14,119,1,2025,Keenan Allen,LAC,28.9
15818,2025_08_MIN_LAC,0,0,0,0,0,0,0,0,4,5,44,0,2025,Keenan Allen,LAC,8.4
15818,2025_09_LAC_TEN,0,0,0,0,0,0,0,0,2,5,41,0,2025,Keenan Allen,LAC,6.1
15818,2025_10_PIT_LAC,0,0,0,0,0,0,0,0,2,5,19,0,2025,Keenan Allen,LAC,3.9
15818,2025_11_LAC_JAX,0,0,0,0,0,0,0,0,4,6,53,0,2025,Keenan Allen,LAC,9.3
15818,2025_13_LV_LAC,0,0,0,0,0,0,0,0,4,5,30,0,2025,Keenan Allen,LAC,7.0
15818,2025_14_PHI_LAC,0,0,0,0,0,0,0,0,3,3,22,0,2025,Keenan Allen,LAC,5.2
15818,2025_15_LAC_KC,0,0,0,0,0,0,0,0,5,7,36,0,2025,Keenan Allen,LAC,8.6
15818,2025_16_LAC_DAL,0,0,0,0,0,0,0,0,5,5,44,0,2025,Keenan Allen,LAC,9.4
15818,2025_17_HOU_LAC,0,0,0,0,0,0,0,0,1,3,17,0,2025,Keenan Allen,LAC,2.7
15818,2025_18_LAC_DEN,0,0,0,0,0,0,0,0,7,13,36,0,2025,Keenan Allen,LAC,10.6
4688552,2025_11_TB_BUF,0,0,0,0,0,0,0,0,1,1,4,0,2025,Keleki Latu,BUF,1.4
4688552,2025_18_NYJ_BUF,0,0,0,0,0,0,0,0,3,3,31,0,2025,Keleki Latu,BUF,6.1
4599739,2024_07_DEN_NO,0,0,0,0,0,6,36,0,2,3,1,0,2024,Kendre Miller,NO,5.7
4599739,2024_08_NO_LAC,0,0,0,0,0,3,16,0,0,0,0,0,2024,Kendre Miller,NO,1.6
4599739,2024_14_NO_NYG,0,0,0,0,0,10,32,1,0,1,0,0,2024,Kendre Miller,NO,9.2
4599739,2024_15_WSH_NO,0,0,0,0,0,9,46,0,0,1,0,0,2024,Kendre Miller,NO,4.6
4599739,2024_16_NO_GB,0,0,0,0,0,8,15,0,2,2,16,0,2024,Kendre Miller,NO,5.1
4599739,2024_17_LV_NO,0,0,0,0,0,3,3,0,1,1,16,0,2024,Kendre Miller,NO,2.9
4599739,2025_01_ARI_NO,0,0,0,0,0,5,24,0,0,0,0,0,2025,Kendre Miller,NO,2.4
4599739,2025_02_SF_NO,0,0,0,0,0,5,8,0,1,1,2,0,2025,Kendre Miller,NO,2.0
4599739,2025_03_NO_SEA,0,0,0,0,0,7,27,0,2,2,9,0,2025,Kendre Miller,NO,5.6
4599739,2025_04_NO_BUF,0,0,0,0,0,11,65,1,0,0,0,0,2025,Kendre Miller,NO,12.5
4599739,2025_05_NYG_NO,0,0,0,0,0,10,41,0,1,1,8,0,2025,Kendre Miller,NO,5.9
4599739,2025_06_NE_NO,0,0,0,0,0,8,21,0,1,1,11,0,2025,Kendre Miller,NO,4.2
4035776,2024_09_LV_CIN,0,0,0,0,0,0,0,0,1,1,9,0,2024,Kendric Pryor,CIN,1.9
3045523,2024_05_MIA_NE,0,0,0,0,0,0,0,0,1,1,6,0,2024,Kendrick Bourne,NE,1.6
3045523,2024_06_HOU_NE,0,0,0,0,0,0,0,0,2,2,9,0,2024,Kendrick Bourne,NE,2.9
3045523,2024_07_NE_JAX,0,0,0,0,0,0,0,0,1,2,14,0,2024,Kendrick Bourne,NE,2.4
3045523,2024_08_NYJ_NE,0,0,0,0,0,0,0,0,0,3,0,0,2024,Kendrick Bourne,NE,0.0
3045523,2024_09_NE_TEN,0,0,0,0,0,0,0,0,4,6,41,0,2024,Kendrick Bourne,NE,8.1
3045523,2024_11_LAR_NE,0,0,0,0,0,0,0,0,5,5,70,1,2024,Kendrick Bourne,NE,18.0
3045523,2024_12_NE_MIA,0,1,0,0,0,0,0,0,3,5,30,0,2024,Kendrick Bourne,NE,6.0
3045523,2024_13_IND_NE,0,0,0,0,0,1,6,0,3,3,39,0,2024,Kendrick Bourne,NE,7.5
3045523,2024_15_NE_ARI,0,0,0,0,0,0,0,0,3,3,44,0,2024,Kendrick Bourne,NE,7.4
3045523,2024_16_NE_BUF,0,0,0,0,0,0,0,0,2,2,18,0,2024,Kendrick Bourne,NE,3.8
3045523,2024_17_LAC_NE,0,0,0,0,0,0,0,0,2,4,22,0,2024,Kendrick Bourne,NE,4.2
3045523,2024_18_BUF_NE,0,0,0,0,0,0,0,0,2,2,12,0,2024,Kendrick Bourne,NE,3.2
3045523,2025_02_SF_NO,0,0,0,0,0,0,0,0,3,3,32,0,2025,Kendrick Bourne,SF,6.2
3045523,2025_03_ARI_SF,0,0,0,0,0,0,0,0,4,6,38,0,2025,Kendrick Bourne,SF,7.8
3045523,2025_04_JAX_SF,0,0,0,0,0,0,0,0,1,4,17,0,2025,Kendrick Bourne,SF,2.7
3045523,2025_05_SF_LAR,0,0,0,0,0,0,0,0,10,11,142,0,2025,Kendrick Bourne,SF,24.2
3045523,2025_06_SF_TB,0,0,0,0,0,0,0,0,5,9,142,0,2025,Kendrick Bourne,SF,19.2
3045523,2025_07_ATL_SF,0,0,0,0,0,0,0,0,2,2,14,0,2025,Kendrick Bourne,SF,3.4
3045523,2025_08_SF_HOU,0,0,0,0,0,0,0,0,3,4,44,0,2025,Kendrick Bourne,SF,7.4
3045523,2025_09_SF_NYG,0,0,0,0,0,0,0,0,2,2,34,0,2025,Kendrick Bourne,SF,5.4
3045523,2025_10_LAR_SF,0,0,0,0,0,0,0,0,1,1,19,0,2025,Kendrick Bourne,SF,2.9
3045523,2025_13_SF_CLE,0,0,0,0,0,0,0,0,0,1,0,0,2025,Kendrick Bourne,SF,0.0
3045523,2025_15_TEN_SF,0,0,0,0,0,0,0,0,2,3,17,0,2025,Kendrick Bourne,SF,3.7
3045523,2025_16_SF_IND,0,0,0,0,0,0,0,0,3,5,27,0,2025,Kendrick Bourne,SF,5.7
3045523,2025_17_CHI_SF,0,0,0,0,0,0,0,0,1,1,25,0,2025,Kendrick Bourne,SF,3.5
3045523,2025_18_SEA_SF,0,0,0,0,0,0,0,0,0,1,0,0,2025,Kendrick Bourne,SF,0.0
4035537,2025_17_NE_NYJ,0,0,0,0,0,6,31,0,0,0,0,0,2025,Kene Nwangwu,NYJ,3.1
4035537,2025_18_NYJ_BUF,0,0,0,0,0,7,18,0,0,1,0,0,2025,Kene Nwangwu,NYJ,1.8
4567048,2024_01_DEN_SEA,0,0,0,0,0,20,103,1,2,3,6,0,2024,Kenneth Walker III,SEA,18.9
4567048,2024_04_SEA_DET,0,0,0,0,0,12,80,3,4,5,36,0,2024,Kenneth Walker III,SEA,33.6
4567048,2024_05_NYG_SEA,0,0,0,0,0,5,19,0,7,8,57,0,2024,Kenneth Walker III,SEA,14.6
4567048,2024_06_SF_SEA,0,0,0,0,0,14,32,1,8,8,37,0,2024,Kenneth Walker III,SEA,20.9
4567048,2024_07_SEA_ATL,0,0,0,0,0,14,69,1,2,2,24,1,2024,Kenneth Walker III,SEA,23.3
4567048,2024_08_BUF_SEA,0,0,0,0,0,9,12,0,4,5,33,0,2024,Kenneth Walker III,SEA,8.5
4567048,2024_09_LAR_SEA,0,0,0,0,0,25,83,0,3,3,24,0,2024,Kenneth Walker III,SEA,13.7
4567048,2024_11_SEA_SF,0,0,0,0,0,14,54,1,2,2,5,0,2024,Kenneth Walker III,SEA,13.9
4567048,2024_12_ARI_SEA,0,0,0,0,0,16,41,0,4,6,52,0,2024,Kenneth Walker III,SEA,13.3
4567048,2024_13_SEA_NYJ,0,0,0,0,0,16,49,0,2,3,-3,0,2024,Kenneth Walker III,SEA,6.6
4567048,2024_16_MIN_SEA,0,0,0,0,0,8,31,0,8,8,28,0,2024,Kenneth Walker III,SEA,13.9
4567048,2025_01_SF_SEA,0,0,0,0,0,10,20,0,3,3,4,0,2025,Kenneth Walker III,SEA,5.4
4567048,2025_02_SEA_PIT,0,0,0,0,0,13,105,1,1,1,13,0,2025,Kenneth Walker III,SEA,18.8
4567048,2025_03_NO_SEA,0,0,0,0,0,16,38,2,1,1,12,0,2025,Kenneth Walker III,SEA,18.0
4567048,2025_04_SEA_ARI,0,0,0,0,0,19,81,0,1,2,29,0,2025,Kenneth Walker III,SEA,12.0
4567048,2025_05_TB_SEA,0,0,0,0,0,10,86,0,1,1,0,0,2025,Kenneth Walker III,SEA,9.6
4567048,2025_06_SEA_JAX,0,0,0,0,0,10,34,0,1,1,3,0,2025,Kenneth Walker III,SEA,4.7
4567048,2025_07_HOU_SEA,0,0,0,0,0,17,66,0,0,0,0,0,2025,Kenneth Walker III,SEA,6.6
4567048,2025_09_SEA_WSH,0,0,0,0,0,11,42,0,2,2,19,0,2025,Kenneth Walker III,SEA,8.1
4567048,2025_10_ARI_SEA,0,0,0,0,0,14,67,0,1,1,3,0,2025,Kenneth Walker III,SEA,8.0
4567048,2025_11_SEA_LAR,0,0,0,0,0,16,67,1,3,3,44,0,2025,Kenneth Walker III,SEA,20.1
4567048,2025_12_SEA_TEN,0,0,0,0,0,11,71,0,3,4,30,0,2025,Kenneth Walker III,SEA,13.1
4567048,2025_13_MIN_SEA,0,0,0,0,0,13,56,0,3,4,18,0,2025,Kenneth Walker III,SEA,10.4
4567048,2025_14_SEA_ATL,0,0,0,0,0,10,29,0,1,3,-1,0,2025,Kenneth Walker III,SEA,3.8
4567048,2025_15_IND_SEA,0,0,0,0,0,9,17,0,1,1,2,0,2025,Kenneth Walker III,SEA,2.9
4567048,2025_16_LAR_SEA,0,0,0,0,0,11,100,1,3,3,64,0,2025,Kenneth Walker III,SEA,25.4
4567048,2025_17_SEA_CAR,0,0,0,0,0,15,51,0,2,2,6,0,2025,Kenneth Walker III,SEA,7.7
4567048,2025_18_SEA_SF,0,0,0,0,0,16,97,0,4,4,36,0,2025,Kenneth Walker III,SEA,17.3
4371733,2024_01_GB_PHI,0,0,0,0,0,1,2,0,1,1,10,0,2024,Kenny Gainwell,PHI,2.2
4371733,2024_03_PHI_NO,0,0,0,0,0,0,0,0,2,3,12,0,2024,Kenny Gainwell,PHI,3.2
4371733,2024_04_PHI_TB,0,0,0,0,0,2,9,0,0,1,0,0,2024,Kenny Gainwell,PHI,0.9
4371733,2024_06_CLE_PHI,0,0,0,0,0,3,23,0,0,1,0,0,2024,Kenny Gainwell,PHI,2.3
4371733,2024_07_PHI_NYG,0,0,0,0,0,13,56,0,1,1,11,0,2024,Kenny Gainwell,PHI,7.7
4371733,2024_08_PHI_CIN,0,0,0,0,0,5,19,0,0,1,0,0,2024,Kenny Gainwell,PHI,1.9
4371733,2024_09_JAX_PHI,0,0,0,0,0,5,9,0,1,1,1,0,2024,Kenny Gainwell,PHI,2.0
4371733,2024_10_PHI_DAL,0,0,0,0,0,7,30,0,1,1,9,0,2024,Kenny Gainwell,PHI,4.9
4371733,2024_11_WSH_PHI,0,0,0,0,0,4,43,0,1,1,6,0,2024,Kenny Gainwell,PHI,5.9
4371733,2024_12_PHI_LAR,0,0,0,0,0,5,22,1,0,0,0,0,2024,Kenny Gainwell,PHI,8.2
4371733,2024_14_CAR_PHI,0,0,0,0,0,3,26,0,2,2,7,0,2024,Kenny Gainwell,PHI,5.3
4371733,2024_15_PIT_PHI,0,0,0,0,0,7,20,0,3,3,40,0,2024,Kenny Gainwell,PHI,9.0
4371733,2024_16_PHI_WSH,0,0,0,0,0,4,7,0,1,1,6,0,2024,Kenny Gainwell,PHI,2.3
4371733,2024_17_DAL_PHI,0,0,0,0,0,3,4,0,1,1,5,0,2024,Kenny Gainwell,PHI,1.9
4371733,2024_18_NYG_PHI,0,0,0,0,0,11,14,0,2,4,9,0,2024,Kenny Gainwell,PHI,4.3
4371733,2025_01_PIT_NYJ,0,0,0,0,0,7,19,0,3,4,4,0,2025,Kenny Gainwell,PIT,5.3
4371733,2025_02_SEA_PIT,0,0,0,0,0,5,20,0,3,5,16,0,2025,Kenny Gainwell,PIT,6.6
4371733,2025_03_PIT_NE,0,0,0,0,0,4,16,1,1,1,10,0,2025,Kenny Gainwell,PIT,9.6
4371733,2025_04_MIN_PIT,0,0,0,0,0,19,99,2,6,6,35,0,2025,Kenny Gainwell,PIT,31.4
4371733,2025_06_CLE_PIT,0,0,0,0,0,6,22,0,6,6,14,0,2025,Kenny Gainwell,PIT,9.6
4371733,2025_07_PIT_CIN,0,0,0,0,0,3,14,0,2,2,1,0,2025,Kenny Gainwell,PIT,3.5
4371733,2025_08_GB_PIT,0,0,0,0,0,5,31,0,2,2,4,0,2025,Kenny Gainwell,PIT,5.5
4371733,2025_09_IND_PIT,0,0,0,0,0,3,-1,0,4,5,35,0,2025,Kenny Gainwell,PIT,7.4
4371733,2025_10_PIT_LAC,0,0,0,0,0,0,0,0,2,3,4,0,2025,Kenny Gainwell,PIT,2.4
4371733,2025_11_CIN_PIT,0,0,0,0,0,9,24,0,7,8,81,2,2025,Kenny Gainwell,PIT,29.5
4371733,2025_12_PIT_CHI,0,0,0,0,0,10,92,0,6,6,30,0,2025,Kenny Gainwell,PIT,18.2
4371733,2025_13_BUF_PIT,0,0,0,0,0,5,20,0,2,3,25,0,2025,Kenny Gainwell,PIT,6.5
4371733,2025_14_PIT_BAL,0,0,0,0,0,4,15,1,6,7,27,0,2025,Kenny Gainwell,PIT,16.2
4371733,2025_15_MIA_PIT,0,0,0,0,0,13,80,0,7,7,46,0,2025,Kenny Gainwell,PIT,19.6
4371733,2025_16_PIT_DET,0,0,0,0,0,9,50,0,5,7,78,1,2025,Kenny Gainwell,PIT,23.8
4371733,2025_17_PIT_CLE,0,0,0,0,0,7,26,0,3,4,12,0,2025,Kenny Gainwell,PIT,6.8
4371733,2025_18_BAL_PIT,0,0,0,0,0,5,10,1,8,9,64,0,2025,Kenny Gainwell,PIT,21.4
4427391,2024_03_MIA_SEA,0,0,0,0,0,3,11,0,0,0,0,0,2024,Kenny McIntosh,SEA,1.1
4427391,2024_14_SEA_ARI,0,0,0,0,0,7,38,0,2,2,7,0,2024,Kenny McIntosh,SEA,6.5
4427391,2024_15_GB_SEA,0,0,0,0,0,3,9,0,0,0,0,0,2024,Kenny McIntosh,SEA,0.9
4427391,2024_16_MIN_SEA,0,0,0,0,0,3,14,0,1,1,15,0,2024,Kenny McIntosh,SEA,3.9
4427391,2024_17_SEA_CHI,0,0,0,0,0,7,46,0,0,0,0,0,2024,Kenny McIntosh,SEA,4.6
4427391,2024_18_SEA_LAR,0,0,0,0,0,7,49,0,0,1,0,0,2024,Kenny McIntosh,SEA,4.9
4240703,2024_10_PHI_DAL,1,2,5,0,0,1,1,0,0,0,0,0,2024,Kenny Pickett,PHI,0.3
4240703,2024_16_PHI_WSH,14,24,143,1,1,3,13,0,0,0,0,0,2024,Kenny Pickett,PHI,10.02
4240703,2024_17_DAL_PHI,10,15,143,1,0,3,3,1,0,0,0,0,2024,Kenny Pickett,PHI,16.02
4240703,2025_07_LV_KC,2,2,8,0,0,1,0,0,0,0,0,0,2025,Kenny Pickett,LV,0.32
4240703,2025_14_DEN_LV,8,11,97,1,0,1,6,0,0,0,0,0,2025,Kenny Pickett,LV,8.48
4240703,2025_15_LV_PHI,15,25,64,0,1,2,7,0,0,0,0,0,2025,Kenny Pickett,LV,2.26
4240703,2025_18_KC_LV,1,4,3,0,1,1,9,0,0,0,0,0,2025,Kenny Pickett,LV,0.02
4044144,2024_09_HOU_NYJ,0,0,0,0,0,0,0,0,1,1,12,0,2024,Kenny Yeboah,NYJ,2.2
4044144,2024_10_NYJ_ARI,0,0,0,0,0,0,0,0,1,1,4,0,2024,Kenny Yeboah,NYJ,1.4
4044144,2024_11_IND_NYJ,0,0,0,0,0,0,0,0,1,1,11,1,2024,Kenny Yeboah,NYJ,8.1
4044144,2024_16_LAR_NYJ,0,0,0,0,0,0,0,0,0,1,0,0,2024,Kenny Yeboah,NYJ,0.0
4044144,2024_17_NYJ_BUF,0,0,0,0,0,0,0,0,0,2,0,0,2024,Kenny Yeboah,NYJ,0.0
4044144,2024_18_MIA_NYJ,0,0,0,0,0,0,0,0,2,2,20,0,2024,Kenny Yeboah,NYJ,4.0
4635008,2024_01_ARI_BUF,0,0,0,0,0,0,0,0,4,5,51,0,2024,Keon Coleman,BUF,9.1
4635008,2024_02_BUF_MIA,0,0,0,0,0,0,0,0,0,1,0,0,2024,Keon Coleman,BUF,0.0
4635008,2024_03_JAX_BUF,0,0,0,0,0,0,0,0,1,1,24,1,2024,Keon Coleman,BUF,9.4
4635008,2024_04_BUF_BAL,0,0,0,0,0,0,0,0,3,4,51,0,2024,Keon Coleman,BUF,8.1
4635008,2024_05_BUF_HOU,0,0,0,0,0,0,0,0,1,5,49,1,2024,Keon Coleman,BUF,11.9
4635008,2024_06_BUF_NYJ,0,0,0,0,0,0,0,0,3,4,26,0,2024,Keon Coleman,BUF,5.6
4635008,2024_07_TEN_BUF,0,0,0,0,0,0,0,0,4,7,125,0,2024,Keon Coleman,BUF,16.5
4635008,2024_08_BUF_SEA,0,0,0,0,0,0,0,0,5,7,70,1,2024,Keon Coleman,BUF,18.0
4635008,2024_09_MIA_BUF,0,0,0,0,0,0,0,0,1,2,21,0,2024,Keon Coleman,BUF,3.1
4635008,2024_15_BUF_DET,0,0,0,0,0,0,0,0,1,2,64,0,2024,Keon Coleman,BUF,7.4
4635008,2024_16_NE_BUF,0,0,0,0,0,0,0,0,1,2,17,0,2024,Keon Coleman,BUF,2.7
4635008,2024_17_NYJ_BUF,0,0,0,0,0,0,0,0,3,7,27,1,2024,Keon Coleman,BUF,11.7
4635008,2024_18_BUF_NE,0,0,0,0,0,1,9,0,2,10,31,0,2024,Keon Coleman,BUF,6.0
4635008,2025_01_BAL_BUF,0,0,0,0,0,0,0,0,8,11,112,1,2025,Keon Coleman,BUF,25.2
4635008,2025_02_BUF_NYJ,0,0,0,0,0,0,0,0,3,3,26,0,2025,Keon Coleman,BUF,5.6
4635008,2025_03_MIA_BUF,0,0,0,0,0,0,0,0,3,4,20,0,2025,Keon Coleman,BUF,5.0
4635008,2025_04_NO_BUF,0,0,0,0,0,0,0,0,3,4,45,0,2025,Keon Coleman,BUF,7.5
4635008,2025_05_NE_BUF,0,0,0,0,0,0,0,0,4,7,23,1,2025,Keon Coleman,BUF,12.3
4635008,2025_06_BUF_ATL,0,0,0,0,0,0,0,0,3,6,11,0,2025,Keon Coleman,BUF,4.1
4635008,2025_08_BUF_CAR,0,0,0,0,0,0,0,0,3,4,30,0,2025,Keon Coleman,BUF,6.0
4635008,2025_09_KC_BUF,0,0,0,0,0,0,0,0,2,2,17,0,2025,Keon Coleman,BUF,3.7
4635008,2025_10_BUF_MIA,0,0,0,0,0,0,0,0,3,8,46,1,2025,Keon Coleman,BUF,13.6
4635008,2025_13_BUF_PIT,0,0,0,0,0,0,0,0,2,3,9,1,2025,Keon Coleman,BUF,8.9
4635008,2025_14_CIN_BUF,0,0,0,0,0,0,0,0,2,3,16,0,2025,Keon Coleman,BUF,3.6
4635008,2025_18_NYJ_BUF,0,0,0,0,0,0,0,0,2,4,49,0,2025,Keon Coleman,BUF,6.9
4372758,2024_10_ATL_NO,0,0,0,0,0,0,0,0,2,2,36,0,2024,Kevin Austin Jr.,NO,5.6
4372758,2024_11_CLE_NO,0,0,0,0,0,0,0,0,1,2,18,0,2024,Kevin Austin Jr.,NO,2.8
4372758,2024_13_LAR_NO,0,0,0,0,0,1,9,0,3,3,31,0,2024,Kevin Austin Jr.,NO,7.0
4372758,2024_14_NO_NYG,0,0,0,0,0,0,0,0,1,5,5,0,2024,Kevin Austin Jr.,NO,1.5
4372758,2024_15_WSH_NO,0,0,0,0,0,0,0,0,1,3,8,0,2024,Kevin Austin Jr.,NO,1.8
4372758,2024_16_NO_GB,0,0,0,0,0,0,0,0,1,4,17,0,2024,Kevin Austin Jr.,NO,2.7
4372758,2024_17_LV_NO,0,0,0,0,0,0,0,0,1,2,23,0,2024,Kevin Austin Jr.,NO,3.3
4372758,2024_18_NO_TB,0,0,0,0,0,0,0,0,1,1,13,0,2024,Kevin Austin Jr.,NO,2.3
4372758,2025_03_NO_SEA,0,0,0,0,0,0,0,0,0,1,0,0,2025,Kevin Austin Jr.,NO,0.0
4372758,2025_15_CAR_NO,0,0,0,0,0,0,0,0,3,5,33,0,2025,Kevin Austin Jr.,NO,6.3
4372758,2025_16_NYJ_NO,0,0,0,0,0,0,0,0,2,3,18,0,2025,Kevin Austin Jr.,NO,3.8
4372758,2025_17_NO_TEN,0,0,0,0,0,0,0,0,4,5,52,1,2025,Kevin Austin Jr.,NO,15.2
4372758,2025_18_NO_ATL,0,0,0,0,0,0,0,0,4,9,37,0,2025,Kevin Austin Jr.,NO,7.7
3047876,2024_05_TB_ATL,0,0,0,0,0,0,0,0,2,2,67,1,2024,KhaDarel Hodge,ATL,14.7
3047876,2024_09_DAL_ATL,0,0,0,0,0,0,0,0,1,2,9,0,2024,KhaDarel Hodge,ATL,1.9
3047876,2024_11_ATL_DEN,0,0,0,0,0,0,0,0,2,2,22,0,2024,KhaDarel Hodge,ATL,4.2
3047876,2024_17_ATL_WSH,0,0,0,0,0,0,0,0,1,4,9,0,2024,KhaDarel Hodge,ATL,1.9
3047876,2024_18_CAR_ATL,0,0,0,0,0,0,0,0,1,2,24,0,2024,KhaDarel Hodge,ATL,3.4
3047876,2025_01_TB_ATL,0,0,0,0,0,0,0,0,0,1,0,0,2025,KhaDarel Hodge,ATL,0.0
3047876,2025_08_MIA_ATL,0,0,0,0,0,0,0,0,3,8,31,0,2025,KhaDarel Hodge,ATL,6.1
3047876,2025_11_CAR_ATL,0,0,0,0,0,0,0,0,0,1,0,0,2025,KhaDarel Hodge,ATL,0.0
4035886,2024_02_CHI_HOU,0,0,0,0,0,2,3,1,2,2,4,0,2024,Khalil Herbert,CHI,8.7
4035886,2024_03_CHI_IND,0,0,0,0,0,4,9,0,0,0,0,0,2024,Khalil Herbert,CHI,0.9
4035886,2024_14_CIN_DAL,0,0,0,0,0,2,4,0,1,1,7,0,2024,Khalil Herbert,CIN,2.1
4035886,2024_17_DEN_CIN,0,0,0,0,0,4,23,0,0,0,0,0,2024,Khalil Herbert,CIN,2.3
4035886,2024_18_CIN_PIT,0,0,0,0,0,20,69,0,7,8,14,0,2024,Khalil Herbert,CIN,15.3
4035886,2025_15_NYJ_JAX,0,0,0,0,0,2,5,0,0,1,0,0,2025,Khalil Herbert,NYJ,0.5
4035886,2025_17_NE_NYJ,0,0,0,0,0,2,5,0,0,1,0,0,2025,Khalil Herbert,NYJ,0.5
4035886,2025_18_NYJ_BUF,0,0,0,0,0,12,42,0,1,2,4,0,2025,Khalil Herbert,NYJ,5.6
4373678,2024_01_ARI_BUF,0,0,0,0,0,0,0,0,3,3,42,1,2024,Khalil Shakir,BUF,13.2
4373678,2024_02_BUF_MIA,0,0,0,0,0,1,2,0,5,5,54,0,2024,Khalil Shakir,BUF,10.6
4373678,2024_03_JAX_BUF,0,0,0,0,0,0,0,0,6,6,72,1,2024,Khalil Shakir,BUF,19.2
4373678,2024_04_BUF_BAL,0,0,0,0,0,0,0,0,4,5,62,0,2024,Khalil Shakir,BUF,10.2
4373678,2024_06_BUF_NYJ,0,0,0,0,0,0,0,0,2,2,19,0,2024,Khalil Shakir,BUF,3.9
4373678,2024_07_TEN_BUF,0,0,0,0,0,0,0,0,7,7,65,0,2024,Khalil Shakir,BUF,13.5
4373678,2024_08_BUF_SEA,0,0,0,0,0,1,2,0,9,10,107,0,2024,Khalil Shakir,BUF,19.9
4373678,2024_09_MIA_BUF,0,0,0,0,0,0,0,0,6,7,50,0,2024,Khalil Shakir,BUF,11.0
4373678,2024_10_BUF_IND,0,0,0,0,0,0,0,0,6,9,58,0,2024,Khalil Shakir,BUF,11.8
4373678,2024_11_KC_BUF,0,0,0,0,0,0,0,0,8,12,70,0,2024,Khalil Shakir,BUF,15.0
4373678,2024_13_SF_BUF,0,0,0,0,0,0,0,0,4,7,30,0,2024,Khalil Shakir,BUF,7.0
4373678,2024_14_BUF_LAR,0,0,0,0,0,0,0,0,5,8,106,1,2024,Khalil Shakir,BUF,21.6
4373678,2024_15_BUF_DET,0,0,0,0,0,0,0,0,6,7,39,1,2024,Khalil Shakir,BUF,15.9
4373678,2024_16_NE_BUF,0,0,0,0,0,0,0,0,2,6,22,0,2024,Khalil Shakir,BUF,4.2
4373678,2024_17_NYJ_BUF,0,0,0,0,0,0,0,0,3,6,25,0,2024,Khalil Shakir,BUF,5.5
4373678,2025_01_BAL_BUF,0,0,0,0,0,0,0,0,6,9,64,0,2025,Khalil Shakir,BUF,12.4
4373678,2025_02_BUF_NYJ,0,0,0,0,0,0,0,0,1,2,12,0,2025,Khalil Shakir,BUF,2.2
4373678,2025_03_MIA_BUF,0,0,0,0,0,0,0,0,4,4,45,1,2025,Khalil Shakir,BUF,14.5
4373678,2025_04_NO_BUF,0,0,0,0,0,0,0,0,5,5,69,1,2025,Khalil Shakir,BUF,17.9
4373678,2025_05_NE_BUF,0,0,0,0,0,1,5,0,6,9,45,0,2025,Khalil Shakir,BUF,11.0
4373678,2025_06_BUF_ATL,0,0,0,0,0,0,0,0,3,5,33,0,2025,Khalil Shakir,BUF,6.3
4373678,2025_08_BUF_CAR,0,0,0,0,0,0,0,0,6,7,88,1,2025,Khalil Shakir,BUF,20.8
4373678,2025_09_KC_BUF,0,0,0,0,0,0,0,0,7,8,43,0,2025,Khalil Shakir,BUF,11.3
4373678,2025_10_BUF_MIA,0,0,0,0,0,0,0,0,7,9,58,0,2025,Khalil Shakir,BUF,12.8
4373678,2025_11_TB_BUF,0,0,0,0,0,0,0,0,1,3,-3,0,2025,Khalil Shakir,BUF,0.7
4373678,2025_12_BUF_HOU,0,0,0,0,0,0,0,0,8,10,110,0,2025,Khalil Shakir,BUF,19.0
4373678,2025_13_BUF_PIT,0,0,0,0,0,0,0,0,1,4,5,0,2025,Khalil Shakir,BUF,1.5
4373678,2025_14_CIN_BUF,0,0,0,0,0,0,0,0,2,3,16,1,2025,Khalil Shakir,BUF,9.6
4373678,2025_15_BUF_NE,0,0,0,0,0,0,0,0,5,5,65,0,2025,Khalil Shakir,BUF,11.5
4373678,2025_16_BUF_CLE,0,0,0,0,0,0,0,0,4,5,34,0,2025,Khalil Shakir,BUF,7.4
4373678,2025_17_PHI_BUF,0,0,0,0,0,0,0,0,6,7,35,0,2025,Khalil Shakir,BUF,9.5
4430968,2024_06_LAC_DEN,0,0,0,0,0,4,11,0,2,2,40,1,2024,Kimani Vidal,LAC,13.1
4430968,2024_07_LAC_ARI,0,0,0,0,0,3,10,0,1,1,9,0,2024,Kimani Vidal,LAC,2.9
4430968,2024_08_NO_LAC,0,0,0,0,0,6,16,0,0,0,0,0,2024,Kimani Vidal,LAC,1.6
4430968,2024_09_LAC_CLE,0,0,0,0,0,5,7,0,0,0,0,0,2024,Kimani Vidal,LAC,0.7
4430968,2024_13_LAC_ATL,0,0,0,0,0,4,20,0,0,0,0,0,2024,Kimani Vidal,LAC,2.0
4430968,2024_14_LAC_KC,0,0,0,0,0,8,34,0,0,1,0,0,2024,Kimani Vidal,LAC,3.4
4430968,2024_15_TB_LAC,0,0,0,0,0,3,9,0,2,3,13,0,2024,Kimani Vidal,LAC,4.2
4430968,2024_16_DEN_LAC,0,0,0,0,0,5,24,0,0,0,0,0,2024,Kimani Vidal,LAC,2.4
4430968,2024_17_LAC_NE,0,0,0,0,0,5,24,0,0,2,0,0,2024,Kimani Vidal,LAC,2.4
4430968,2025_05_WSH_LAC,0,0,0,0,0,4,18,0,1,1,1,0,2025,Kimani Vidal,LAC,2.9
4430968,2025_06_LAC_MIA,0,0,0,0,0,18,124,0,3,4,14,1,2025,Kimani Vidal,LAC,22.8
4430968,2025_07_IND_LAC,0,0,0,0,0,9,20,0,4,5,15,0,2025,Kimani Vidal,LAC,7.5
4430968,2025_08_MIN_LAC,0,0,0,0,0,23,117,1,1,2,10,0,2025,Kimani Vidal,LAC,19.7
4430968,2025_09_LAC_TEN,0,0,0,0,0,12,30,0,0,1,0,0,2025,Kimani Vidal,LAC,3.0
4430968,2025_10_PIT_LAC,0,0,0,0,0,25,95,1,1,1,13,0,2025,Kimani Vidal,LAC,17.8
4430968,2025_11_LAC_JAX,0,0,0,0,0,5,13,0,2,2,-1,0,2025,Kimani Vidal,LAC,3.2
4430968,2025_13_LV_LAC,0,0,0,0,0,25,126,1,1,1,11,0,2025,Kimani Vidal,LAC,20.7
4430968,2025_14_PHI_LAC,0,0,0,0,0,14,44,0,1,3,60,0,2025,Kimani Vidal,LAC,11.4
4430968,2025_15_LAC_KC,0,0,0,0,0,12,33,0,1,1,15,0,2025,Kimani Vidal,LAC,5.8
4430968,2025_16_LAC_DAL,0,0,0,0,0,5,11,0,0,0,0,0,2025,Kimani Vidal,LAC,1.1
4430968,2025_18_LAC_DEN,0,0,0,0,0,3,12,0,1,1,-2,0,2025,Kimani Vidal,LAC,2.0
14880,2024_01_PIT_ATL,16,26,155,1,2,1,0,0,0,0,0,0,2024,Kirk Cousins,ATL,8.2
14880,2024_02_ATL_PHI,20,29,241,2,0,4,-1,0,0,0,0,0,2024,Kirk Cousins,ATL,17.54
14880,2024_03_KC_ATL,20,29,230,1,1,1,-1,0,0,0,0,0,2024,Kirk Cousins,ATL,12.1
14880,2024_04_NO_ATL,21,35,238,0,1,0,0,0,0,0,0,0,2024,Kirk Cousins,ATL,8.52
14880,2024_05_TB_ATL,42,58,509,4,1,0,0,0,0,0,0,0,2024,Kirk Cousins,ATL,35.36
14880,2024_06_ATL_CAR,19,30,225,1,0,4,-5,0,0,0,0,0,2024,Kirk Cousins,ATL,12.5
14880,2024_07_SEA_ATL,24,35,232,1,2,1,-1,0,0,0,0,0,2024,Kirk Cousins,ATL,11.18
14880,2024_08_ATL_TB,23,29,276,4,0,3,16,0,0,0,0,0,2024,Kirk Cousins,ATL,28.64
14880,2024_09_DAL_ATL,19,24,222,3,0,4,-11,0,0,0,0,0,2024,Kirk Cousins,ATL,19.78
14880,2024_10_ATL_NO,23,38,306,0,1,0,0,0,0,0,0,0,2024,Kirk Cousins,ATL,11.24
14880,2024_11_ATL_DEN,18,27,173,0,1,1,0,0,0,0,0,0,2024,Kirk Cousins,ATL,5.92
14880,2024_13_LAC_ATL,24,39,245,0,4,1,3,0,0,0,0,0,2024,Kirk Cousins,ATL,6.1
14880,2024_14_ATL_MIN,23,37,344,0,2,0,0,0,0,0,0,0,2024,Kirk Cousins,ATL,11.76
14880,2024_15_ATL_LV,11,17,112,1,1,3,0,0,0,0,0,0,2024,Kirk Cousins,ATL,7.48
14880,2025_03_ATL_CAR,5,7,29,0,0,0,0,0,0,0,0,0,2025,Kirk Cousins,ATL,1.16
14880,2025_08_MIA_ATL,21,31,173,0,0,2,2,0,0,0,0,0,2025,Kirk Cousins,ATL,7.12
14880,2025_11_CAR_ATL,6,14,48,0,0,1,2,0,0,0,0,0,2025,Kirk Cousins,ATL,2.12
14880,2025_12_ATL_NO,16,23,199,2,1,2,5,0,0,0,0,0,2025,Kirk Cousins,ATL,15.46
14880,2025_13_ATL_NYJ,21,33,234,1,0,0,0,0,0,0,0,0,2025,Kirk Cousins,ATL,13.36
14880,2025_14_SEA_ATL,15,30,162,0,2,0,0,0,0,0,0,0,2025,Kirk Cousins,ATL,4.48
14880,2025_15_ATL_TB,30,44,373,3,0,0,0,0,0,0,0,0,2025,Kirk Cousins,ATL,26.92
14880,2025_16_ATL_ARI,21,35,197,2,1,5,-3,1,0,0,0,0,2025,Kirk Cousins,ATL,20.58
14880,2025_17_LAR_ATL,13,20,126,1,0,1,1,0,0,0,0,0,2025,Kirk Cousins,ATL,9.14
14880,2025_18_NO_ATL,18,32,180,1,1,3,0,0,0,0,0,0,2025,Kirk Cousins,ATL,10.2
4710855,2025_06_LAR_BAL,0,0,0,0,0,0,0,0,1,2,7,0,2025,Konata Mumpfield,LAR,1.7
4710855,2025_07_LAR_JAX,0,0,0,0,0,0,0,0,1,1,5,1,2025,Konata Mumpfield,LAR,7.5
4710855,2025_10_LAR_SF,0,0,0,0,0,0,0,0,0,2,0,0,2025,Konata Mumpfield,LAR,0.0
4710855,2025_12_TB_LAR,0,0,0,0,0,0,0,0,2,2,25,0,2025,Konata Mumpfield,LAR,4.5
4710855,2025_14_LAR_ARI,0,0,0,0,0,0,0,0,1,1,5,0,2025,Konata Mumpfield,LAR,1.5
4710855,2025_15_DET_LAR,0,0,0,0,0,0,0,0,0,1,0,0,2025,Konata Mumpfield,LAR,0.0
4710855,2025_16_LAR_SEA,0,0,0,0,0,0,0,0,3,8,40,0,2025,Konata Mumpfield,LAR,7.0
4710855,2025_17_LAR_ATL,0,0,0,0,0,0,0,0,2,5,10,0,2025,Konata Mumpfield,LAR,3.0
4710855,2025_18_ARI_LAR,0,0,0,0,0,0,0,0,0,1,0,0,2025,Konata Mumpfield,LAR,0.0
3910176,2024_06_PIT_LV,0,0,0,0,0,0,0,0,2,3,18,1,2024,Kristian Wilkerson,LV,9.8
3115293,2025_10_DET_WSH,0,2,0,0,0,1,-1,0,0,0,0,0,2025,Kyle Allen,DET,-0.1
16002,2024_01_NYJ_SF,0,0,0,0,0,0,0,0,2,3,40,0,2024,Kyle Juszczyk,SF,6.0
16002,2024_02_SF_MIN,0,0,0,0,0,0,0,0,3,5,19,0,2024,Kyle Juszczyk,SF,4.9
16002,2024_03_SF_LAR,0,0,0,0,0,0,0,0,1,1,6,0,2024,Kyle Juszczyk,SF,1.6
16002,2024_04_NE_SF,0,0,0,0,0,0,0,0,1,1,12,0,2024,Kyle Juszczyk,SF,2.2
16002,2024_06_SF_SEA,0,0,0,0,0,1,6,1,3,4,10,0,2024,Kyle Juszczyk,SF,10.6
16002,2024_07_KC_SF,0,0,0,0,0,1,14,0,0,3,0,0,2024,Kyle Juszczyk,SF,1.4
16002,2024_08_DAL_SF,0,0,0,0,0,1,1,0,1,1,6,0,2024,Kyle Juszczyk,SF,1.7
16002,2024_11_SEA_SF,0,0,0,0,0,0,0,0,2,2,12,0,2024,Kyle Juszczyk,SF,3.2
16002,2024_12_SF_GB,0,0,0,0,0,0,0,0,1,1,14,0,2024,Kyle Juszczyk,SF,2.4
16002,2024_14_CHI_SF,0,0,0,0,0,0,0,0,1,2,3,0,2024,Kyle Juszczyk,SF,1.3
16002,2024_16_SF_MIA,0,0,0,0,0,1,6,0,1,3,20,0,2024,Kyle Juszczyk,SF,3.6
16002,2024_17_DET_SF,0,0,0,0,0,0,0,0,1,2,9,1,2024,Kyle Juszczyk,SF,7.9
16002,2024_18_SF_ARI,0,0,0,0,0,0,0,0,2,3,49,1,2024,Kyle Juszczyk,SF,12.9
16002,2025_01_SF_SEA,0,0,0,0,0,0,0,0,2,2,32,0,2025,Kyle Juszczyk,SF,5.2
16002,2025_02_SF_NO,0,0,0,0,0,0,0,0,1,1,5,0,2025,Kyle Juszczyk,SF,1.5
16002,2025_03_ARI_SF,0,0,0,0,0,0,0,0,1,1,1,1,2025,Kyle Juszczyk,SF,7.1
16002,2025_04_JAX_SF,0,0,0,0,0,0,0,0,3,3,32,0,2025,Kyle Juszczyk,SF,6.2
16002,2025_05_SF_LAR,0,0,0,0,0,1,-1,0,3,4,21,0,2025,Kyle Juszczyk,SF,5.0
16002,2025_06_SF_TB,0,0,0,0,0,0,0,0,1,1,9,0,2025,Kyle Juszczyk,SF,1.9
16002,2025_07_ATL_SF,0,0,0,0,0,1,-2,0,1,1,10,0,2025,Kyle Juszczyk,SF,1.8
16002,2025_08_SF_HOU,0,0,0,0,0,0,0,0,1,2,4,0,2025,Kyle Juszczyk,SF,1.4
16002,2025_09_SF_NYG,0,0,0,0,0,0,0,0,1,2,12,0,2025,Kyle Juszczyk,SF,2.2
16002,2025_10_LAR_SF,0,0,0,0,0,0,0,0,2,2,8,0,2025,Kyle Juszczyk,SF,2.8
16002,2025_11_SF_ARI,0,0,0,0,0,0,0,0,2,2,26,0,2025,Kyle Juszczyk,SF,4.6
16002,2025_13_SF_CLE,0,0,0,0,0,0,0,0,2,2,27,0,2025,Kyle Juszczyk,SF,4.7
16002,2025_15_TEN_SF,0,0,0,0,0,0,0,0,1,1,7,0,2025,Kyle Juszczyk,SF,1.7
16002,2025_17_CHI_SF,0,0,0,0,0,0,0,0,2,2,14,1,2025,Kyle Juszczyk,SF,9.4
16002,2025_18_SEA_SF,0,0,0,0,0,0,0,0,1,2,5,0,2025,Kyle Juszczyk,SF,1.5
4608686,2025_01_MIN_CHI,0,0,0,0,0,0,0,0,1,1,11,0,2025,Kyle Monangai,CHI,2.1
4608686,2025_02_CHI_DET,0,0,0,0,0,7,28,0,1,3,8,0,2025,Kyle Monangai,CHI,4.6
4608686,2025_03_DAL_CHI,0,0,0,0,0,6,16,0,1,1,4,0,2025,Kyle Monangai,CHI,3.0
4608686,2025_04_CHI_LV,0,0,0,0,0,4,18,0,0,0,0,0,2025,Kyle Monangai,CHI,1.8
4608686,2025_06_CHI_WSH,0,0,0,0,0,5,19,0,1,1,25,0,2025,Kyle Monangai,CHI,5.4
4608686,2025_07_NO_CHI,0,0,0,0,0,13,81,1,2,3,13,0,2025,Kyle Monangai,CHI,17.4
4608686,2025_08_CHI_BAL,0,0,0,0,0,7,24,0,0,0,0,0,2025,Kyle Monangai,CHI,2.4
4608686,2025_09_CHI_CIN,0,0,0,0,0,26,176,0,3,5,22,0,2025,Kyle Monangai,CHI,22.8
4608686,2025_10_NYG_CHI,0,0,0,0,0,7,28,1,0,1,0,0,2025,Kyle Monangai,CHI,8.8
4608686,2025_11_CHI_MIN,0,0,0,0,0,12,23,1,1,1,14,0,2025,Kyle Monangai,CHI,10.7
4608686,2025_12_PIT_CHI,0,0,0,0,0,12,48,1,0,0,0,0,2025,Kyle Monangai,CHI,10.8
4608686,2025_13_CHI_PHI,0,0,0,0,0,22,130,1,0,1,0,0,2025,Kyle Monangai,CHI,19.0
4608686,2025_14_CHI_GB,0,0,0,0,0,14,57,0,1,2,0,0,2025,Kyle Monangai,CHI,6.7
4608686,2025_15_CLE_CHI,0,0,0,0,0,11,33,0,0,2,0,0,2025,Kyle Monangai,CHI,3.3
4608686,2025_16_GB_CHI,0,0,0,0,0,9,50,0,3,4,43,0,2025,Kyle Monangai,CHI,12.3
4608686,2025_17_CHI_SF,0,0,0,0,0,8,38,0,3,4,9,0,2025,Kyle Monangai,CHI,7.7
4608686,2025_18_DET_CHI,0,0,0,0,0,6,14,0,1,1,15,0,2025,Kyle Monangai,CHI,3.9
4360248,2024_01_PIT_ATL,0,0,0,0,0,0,0,0,3,3,26,1,2024,Kyle Pitts Sr.,ATL,11.6
4360248,2024_02_ATL_PHI,0,0,0,0,0,0,0,0,3,4,20,0,2024,Kyle Pitts Sr.,ATL,5.0
4360248,2024_03_KC_ATL,0,0,0,0,0,0,0,0,2,5,59,0,2024,Kyle Pitts Sr.,ATL,7.9
4360248,2024_04_NO_ATL,0,0,0,0,0,0,0,0,0,3,0,0,2024,Kyle Pitts Sr.,ATL,0.0
4360248,2024_05_TB_ATL,0,0,0,0,0,0,0,0,7,8,88,0,2024,Kyle Pitts Sr.,ATL,15.8
4360248,2024_06_ATL_CAR,0,0,0,0,0,0,0,0,3,5,70,0,2024,Kyle Pitts Sr.,ATL,10.0
4360248,2024_07_SEA_ATL,0,0,0,0,0,0,0,0,7,9,65,0,2024,Kyle Pitts Sr.,ATL,13.5
4360248,2024_08_ATL_TB,0,0,0,0,0,0,0,0,4,5,91,2,2024,Kyle Pitts Sr.,ATL,25.1
4360248,2024_09_DAL_ATL,0,0,0,0,0,0,0,0,1,1,11,0,2024,Kyle Pitts Sr.,ATL,2.1
4360248,2024_10_ATL_NO,0,0,0,0,0,0,0,0,4,6,55,0,2024,Kyle Pitts Sr.,ATL,9.5
4360248,2024_11_ATL_DEN,0,0,0,0,0,0,0,0,1,3,9,0,2024,Kyle Pitts Sr.,ATL,1.9
4360248,2024_13_LAC_ATL,0,0,0,0,0,0,0,0,0,2,0,0,2024,Kyle Pitts Sr.,ATL,0.0
4360248,2024_14_ATL_MIN,0,0,0,0,0,0,0,0,1,6,14,0,2024,Kyle Pitts Sr.,ATL,2.4
4360248,2024_15_ATL_LV,0,0,0,0,0,0,0,0,4,4,28,0,2024,Kyle Pitts Sr.,ATL,6.8
4360248,2024_16_NYG_ATL,0,0,0,0,0,0,0,0,1,2,7,0,2024,Kyle Pitts Sr.,ATL,1.7
4360248,2024_17_ATL_WSH,0,0,0,0,0,0,0,0,4,5,44,1,2024,Kyle Pitts Sr.,ATL,14.4
4360248,2024_18_CAR_ATL,0,0,0,0,0,0,0,0,2,3,15,0,2024,Kyle Pitts Sr.,ATL,3.5
4360248,2025_01_TB_ATL,0,0,0,0,0,0,0,0,7,8,59,0,2025,Kyle Pitts Sr.,ATL,12.9
4360248,2025_02_ATL_MIN,0,0,0,0,0,0,0,0,4,5,37,0,2025,Kyle Pitts Sr.,ATL,7.7
4360248,2025_03_ATL_CAR,0,0,0,0,0,0,0,0,4,6,39,0,2025,Kyle Pitts Sr.,ATL,7.9
4360248,2025_04_WSH_ATL,0,0,0,0,0,0,0,0,5,5,70,1,2025,Kyle Pitts Sr.,ATL,18.0
4360248,2025_06_BUF_ATL,0,0,0,0,0,0,0,0,3,4,18,0,2025,Kyle Pitts Sr.,ATL,4.8
4360248,2025_07_ATL_SF,0,0,0,0,0,0,0,0,7,10,62,0,2025,Kyle Pitts Sr.,ATL,13.2
4360248,2025_08_MIA_ATL,0,0,0,0,0,0,0,0,9,9,59,0,2025,Kyle Pitts Sr.,ATL,14.9
4360248,2025_09_ATL_NE,0,0,0,0,0,0,0,0,4,7,38,0,2025,Kyle Pitts Sr.,ATL,7.8
4360248,2025_10_ATL_IND,0,0,0,0,0,0,0,0,2,5,38,0,2025,Kyle Pitts Sr.,ATL,5.8
4360248,2025_11_CAR_ATL,0,0,0,0,0,0,0,0,2,3,14,0,2025,Kyle Pitts Sr.,ATL,3.4
4360248,2025_12_ATL_NO,0,0,0,0,0,0,0,0,2,5,25,0,2025,Kyle Pitts Sr.,ATL,4.5
4360248,2025_13_ATL_NYJ,0,0,0,0,0,0,0,0,7,8,82,0,2025,Kyle Pitts Sr.,ATL,15.2
4360248,2025_14_SEA_ATL,0,0,0,0,0,0,0,0,6,10,90,0,2025,Kyle Pitts Sr.,ATL,15.0
4360248,2025_15_ATL_TB,0,0,0,0,0,0,0,0,11,12,166,3,2025,Kyle Pitts Sr.,ATL,45.6
4360248,2025_16_ATL_ARI,0,0,0,0,0,0,0,0,7,9,57,1,2025,Kyle Pitts Sr.,ATL,18.7
4360248,2025_17_LAR_ATL,0,0,0,0,0,0,0,0,2,3,16,0,2025,Kyle Pitts Sr.,ATL,3.6
4360248,2025_18_NO_ATL,0,0,0,0,0,0,0,0,6,9,58,0,2025,Kyle Pitts Sr.,ATL,11.8
4034946,2024_17_CAR_TB,0,0,0,0,0,3,-2,0,0,0,0,0,2024,Kyle Trask,TB,-0.2
4613202,2025_01_LV_NE,0,0,0,0,0,0,0,0,1,1,12,0,2025,Kyle Williams,NE,2.2
4613202,2025_03_PIT_NE,0,0,0,0,0,0,0,0,1,1,8,0,2025,Kyle Williams,NE,1.8
4613202,2025_06_NE_NO,0,0,0,0,0,0,0,0,0,2,0,0,2025,Kyle Williams,NE,0.0
4613202,2025_07_NE_TEN,0,0,0,0,0,0,0,0,0,1,0,0,2025,Kyle Williams,NE,0.0
4613202,2025_09_ATL_NE,0,0,0,0,0,0,0,0,0,1,0,0,2025,Kyle Williams,NE,0.0
4613202,2025_10_NE_TB,0,0,0,0,0,0,0,0,1,2,72,1,2025,Kyle Williams,NE,14.2
4613202,2025_11_NYJ_NE,0,0,0,0,0,0,0,0,0,3,0,0,2025,Kyle Williams,NE,0.0
4613202,2025_12_NE_CIN,0,0,0,0,0,0,0,0,1,1,18,0,2025,Kyle Williams,NE,2.8
4613202,2025_13_NYG_NE,0,0,0,0,0,0,0,0,1,1,33,1,2025,Kyle Williams,NE,10.3
4613202,2025_16_NE_BAL,0,0,0,0,0,0,0,0,2,3,46,1,2025,Kyle Williams,NE,12.6
4613202,2025_17_NE_NYJ,0,0,0,0,0,0,0,0,3,5,20,0,2025,Kyle Williams,NE,5.0
4039160,2024_01_HOU_IND,0,0,0,0,0,0,0,0,0,1,0,0,2024,Kylen Granson,IND,0.0
4039160,2024_02_IND_GB,0,0,0,0,0,0,0,0,1,2,9,0,2024,Kylen Granson,IND,1.9
4039160,2024_03_CHI_IND,0,0,0,0,0,0,0,0,1,1,40,0,2024,Kylen Granson,IND,5.0
4039160,2024_06_IND_TEN,0,0,0,0,0,0,0,0,0,1,0,0,2024,Kylen Granson,IND,0.0
4039160,2024_07_MIA_IND,0,0,0,0,0,0,0,0,0,2,0,0,2024,Kylen Granson,IND,0.0
4039160,2024_08_IND_HOU,0,0,0,0,0,0,0,0,1,2,4,0,2024,Kylen Granson,IND,1.4
4039160,2024_09_IND_MIN,0,0,0,0,0,0,0,0,1,1,22,0,2024,Kylen Granson,IND,3.2
4039160,2024_10_BUF_IND,0,0,0,0,0,0,0,0,2,2,15,0,2024,Kylen Granson,IND,3.5
4039160,2024_11_IND_NYJ,0,0,0,0,0,0,0,0,1,2,4,0,2024,Kylen Granson,IND,1.4
4039160,2024_12_DET_IND,0,0,0,0,0,0,0,0,0,2,0,0,2024,Kylen Granson,IND,0.0
4039160,2024_13_IND_NE,0,0,0,0,0,0,0,0,0,3,0,0,2024,Kylen Granson,IND,0.0
4039160,2024_15_IND_DEN,0,0,0,0,0,0,0,0,3,4,47,0,2024,Kylen Granson,IND,7.7
4039160,2024_17_IND_NYG,0,0,0,0,0,0,0,0,3,4,34,0,2024,Kylen Granson,IND,6.4
4039160,2024_18_JAX_IND,0,0,0,0,0,0,0,0,1,4,7,0,2024,Kylen Granson,IND,1.7
4039160,2025_01_DAL_PHI,0,0,0,0,0,0,0,0,1,1,1,0,2025,Kylen Granson,PHI,1.1
4039160,2025_02_PHI_KC,0,0,0,0,0,0,0,0,1,1,5,0,2025,Kylen Granson,PHI,1.5
4039160,2025_11_DET_PHI,0,0,0,0,0,0,0,0,1,2,4,0,2025,Kylen Granson,PHI,1.4
4039160,2025_18_WSH_PHI,0,0,0,0,0,0,0,0,4,5,30,0,2025,Kylen Granson,PHI,7.0
3917315,2024_01_ARI_BUF,21,31,162,1,0,5,57,0,0,0,0,0,2024,Kyler Murray,ARI,16.18
3917315,2024_02_LAR_ARI,17,21,266,3,0,5,59,0,0,0,0,0,2024,Kyler Murray,ARI,28.54
3917315,2024_03_DET_ARI,21,34,207,1,1,5,45,0,0,0,0,0,2024,Kyler Murray,ARI,15.78
3917315,2024_04_WSH_ARI,16,22,142,1,0,1,3,0,0,0,0,0,2024,Kyler Murray,ARI,9.98
3917315,2024_05_ARI_SF,19,30,195,1,1,7,83,1,0,0,0,0,2024,Kyler Murray,ARI,25.1
3917315,2024_06_ARI_GB,22,32,214,1,0,7,14,0,0,0,0,0,2024,Kyler Murray,ARI,13.96
3917315,2024_07_LAC_ARI,14,26,145,1,1,6,64,1,0,0,0,0,2024,Kyler Murray,ARI,21.2
3917315,2024_08_ARI_MIA,26,36,307,2,0,5,19,0,0,0,0,0,2024,Kyler Murray,ARI,22.18
3917315,2024_09_CHI_ARI,13,20,154,0,0,2,6,0,0,0,0,0,2024,Kyler Murray,ARI,6.76
3917315,2024_10_NYJ_ARI,22,24,266,1,0,3,21,2,0,0,0,0,2024,Kyler Murray,ARI,28.74
3917315,2024_12_ARI_SEA,24,37,285,0,1,2,9,0,0,0,0,0,2024,Kyler Murray,ARI,11.3
3917315,2024_13_ARI_MIN,31,45,260,1,2,7,48,0,0,0,0,0,2024,Kyler Murray,ARI,17.2
3917315,2024_14_SEA_ARI,25,38,259,2,2,3,16,0,0,0,0,0,2024,Kyler Murray,ARI,17.96
3917315,2024_15_NE_ARI,23,30,224,0,0,5,11,0,0,0,0,0,2024,Kyler Murray,ARI,10.06
3917315,2024_16_ARI_CAR,20,32,202,1,1,8,63,1,0,0,0,0,2024,Kyler Murray,ARI,23.38
3917315,2024_17_ARI_LAR,33,48,321,1,2,4,32,0,0,0,0,0,2024,Kyler Murray,ARI,18.04
3917315,2024_18_SF_ARI,25,35,242,4,0,3,22,0,0,0,0,0,2024,Kyler Murray,ARI,27.88
3917315,2025_01_ARI_NO,21,29,163,2,0,7,38,0,0,0,0,0,2025,Kyler Murray,ARI,18.32
3917315,2025_02_CAR_ARI,17,25,220,1,1,7,32,0,0,0,0,0,2025,Kyler Murray,ARI,15.0
3917315,2025_03_ARI_SF,22,35,159,1,0,6,37,0,0,0,0,0,2025,Kyler Murray,ARI,14.06
3917315,2025_04_SEA_ARI,27,41,200,2,2,5,41,0,0,0,0,0,2025,Kyler Murray,ARI,18.1
3917315,2025_05_TEN_ARI,23,31,220,0,0,4,25,1,0,0,0,0,2025,Kyler Murray,ARI,17.3
4430737,2024_01_LAR_DET,0,0,0,0,0,18,50,1,3,3,4,0,2024,Kyren Williams,LAR,14.4
4430737,2024_02_LAR_ARI,0,0,0,0,0,12,25,1,4,5,27,0,2024,Kyren Williams,LAR,15.2
4430737,2024_03_SF_LAR,0,0,0,0,0,24,89,2,2,2,27,1,2024,Kyren Williams,LAR,31.6
4430737,2024_04_LAR_CHI,0,0,0,0,0,19,94,1,4,4,10,0,2024,Kyren Williams,LAR,20.4
4430737,2024_05_GB_LAR,0,0,0,0,0,22,102,1,1,1,3,0,2024,Kyren Williams,LAR,17.5
4430737,2024_07_LV_LAR,0,0,0,0,0,21,76,2,0,0,0,0,2024,Kyren Williams,LAR,19.6
4430737,2024_08_MIN_LAR,0,0,0,0,0,23,97,0,5,7,19,1,2024,Kyren Williams,LAR,22.6
4430737,2024_09_LAR_SEA,0,0,0,0,0,22,69,0,1,3,26,0,2024,Kyren Williams,LAR,10.5
4430737,2024_10_MIA_LAR,0,0,0,0,0,15,62,0,5,6,20,0,2024,Kyren Williams,LAR,13.2
4430737,2024_11_LAR_NE,0,0,0,0,0,15,86,0,0,0,0,0,2024,Kyren Williams,LAR,8.6
4430737,2024_12_PHI_LAR,0,0,0,0,0,16,72,1,0,0,0,0,2024,Kyren Williams,LAR,13.2
4430737,2024_13_LAR_NO,0,0,0,0,0,15,104,1,1,1,9,0,2024,Kyren Williams,LAR,18.3
4430737,2024_14_BUF_LAR,0,0,0,0,0,29,87,2,2,2,10,0,2024,Kyren Williams,LAR,23.7
4430737,2024_15_LAR_SF,0,0,0,0,0,29,108,0,2,2,4,0,2024,Kyren Williams,LAR,13.2
4430737,2024_16_LAR_NYJ,0,0,0,0,0,23,122,1,1,1,7,0,2024,Kyren Williams,LAR,19.9
4430737,2024_17_ARI_LAR,0,0,0,0,0,13,56,1,3,3,16,0,2024,Kyren Williams,LAR,16.2
4430737,2025_01_HOU_LAR,0,0,0,0,0,18,66,1,1,2,3,0,2025,Kyren Williams,LAR,13.9
4430737,2025_02_LAR_TEN,0,0,0,0,0,17,66,0,2,2,14,0,2025,Kyren Williams,LAR,10.0
4430737,2025_03_LAR_PHI,0,0,0,0,0,20,94,0,2,3,18,1,2025,Kyren Williams,LAR,19.2
4430737,2025_04_IND_LAR,0,0,0,0,0,13,77,0,3,4,17,0,2025,Kyren Williams,LAR,12.4
4430737,2025_05_SF_LAR,0,0,0,0,0,14,65,0,8,10,66,2,2025,Kyren Williams,LAR,33.1
4430737,2025_06_LAR_BAL,0,0,0,0,0,13,50,1,2,2,37,0,2025,Kyren Williams,LAR,16.7
4430737,2025_07_LAR_JAX,0,0,0,0,0,12,54,0,2,3,11,0,2025,Kyren Williams,LAR,8.5
4430737,2025_09_NO_LAR,0,0,0,0,0,25,114,1,0,0,0,0,2025,Kyren Williams,LAR,17.4
4430737,2025_10_LAR_SF,0,0,0,0,0,14,73,2,2,3,11,0,2025,Kyren Williams,LAR,22.4
4430737,2025_11_SEA_LAR,0,0,0,0,0,12,91,1,1,2,5,0,2025,Kyren Williams,LAR,16.6
4430737,2025_12_TB_LAR,0,0,0,0,0,12,46,0,1,1,2,0,2025,Kyren Williams,LAR,5.8
4430737,2025_13_LAR_CAR,0,0,0,0,0,13,72,1,0,1,0,0,2025,Kyren Williams,LAR,13.2
4430737,2025_14_LAR_ARI,0,0,0,0,0,13,84,1,2,2,13,0,2025,Kyren Williams,LAR,17.7
4430737,2025_15_DET_LAR,0,0,0,0,0,15,78,2,1,1,10,0,2025,Kyren Williams,LAR,21.8
4430737,2025_16_LAR_SEA,0,0,0,0,0,23,70,0,3,6,15,0,2025,Kyren Williams,LAR,11.5
4430737,2025_17_LAR_ATL,0,0,0,0,0,13,92,0,3,3,38,0,2025,Kyren Williams,LAR,16.0
4430737,2025_18_ARI_LAR,0,0,0,0,0,12,60,0,3,5,21,0,2025,Kyren Williams,LAR,11.1
4612826,2024_01_LV_LAC,0,0,0,0,0,0,0,0,5,7,39,1,2024,Ladd McConkey,LAC,14.9
4612826,2024_02_LAC_CAR,0,0,0,0,0,0,0,0,2,4,26,0,2024,Ladd McConkey,LAC,4.6
4612826,2024_03_LAC_PIT,0,0,0,0,0,0,0,0,3,6,44,0,2024,Ladd McConkey,LAC,7.4
4612826,2024_04_KC_LAC,0,0,0,0,0,0,0,0,5,7,67,1,2024,Ladd McConkey,LAC,17.7
4612826,2024_06_LAC_DEN,0,0,0,0,0,0,0,0,4,8,43,0,2024,Ladd McConkey,LAC,8.3
4612826,2024_07_LAC_ARI,0,0,0,0,0,0,0,0,5,7,46,0,2024,Ladd McConkey,LAC,9.6
4612826,2024_08_NO_LAC,0,0,0,0,0,0,0,0,6,6,111,2,2024,Ladd McConkey,LAC,29.1
4612826,2024_09_LAC_CLE,0,0,0,0,0,0,0,0,5,7,64,0,2024,Ladd McConkey,LAC,11.4
4612826,2024_10_TEN_LAC,0,0,0,0,0,0,0,0,2,2,52,0,2024,Ladd McConkey,LAC,7.2
4612826,2024_11_CIN_LAC,0,0,0,0,0,0,0,0,6,9,123,0,2024,Ladd McConkey,LAC,18.3
4612826,2024_12_BAL_LAC,0,0,0,0,0,0,0,0,6,6,83,0,2024,Ladd McConkey,LAC,14.3
4612826,2024_13_LAC_ATL,0,0,0,0,0,0,0,0,9,12,117,0,2024,Ladd McConkey,LAC,20.7
4612826,2024_15_TB_LAC,0,0,0,0,0,0,0,0,5,7,58,1,2024,Ladd McConkey,LAC,16.8
4612826,2024_16_DEN_LAC,0,0,0,0,0,0,0,0,6,6,87,0,2024,Ladd McConkey,LAC,14.7
4612826,2024_17_LAC_NE,0,0,0,0,0,0,0,0,8,10,94,2,2024,Ladd McConkey,LAC,29.4
4612826,2024_18_LAC_LV,0,0,0,0,0,0,0,0,5,8,95,0,2024,Ladd McConkey,LAC,14.5
4612826,2025_01_KC_LAC,0,0,0,0,0,0,0,0,6,9,74,0,2025,Ladd McConkey,LAC,13.4
4612826,2025_02_LAC_LV,0,0,0,0,0,0,0,0,5,5,48,0,2025,Ladd McConkey,LAC,9.8
4612826,2025_03_DEN_LAC,0,0,0,0,0,0,0,0,4,7,41,0,2025,Ladd McConkey,LAC,8.1
4612826,2025_04_LAC_NYG,0,0,0,0,0,0,0,0,1,6,11,0,2025,Ladd McConkey,LAC,2.1
4612826,2025_05_WSH_LAC,0,0,0,0,0,0,0,0,5,7,39,1,2025,Ladd McConkey,LAC,14.9
4612826,2025_06_LAC_MIA,0,0,0,0,0,0,0,0,7,9,100,1,2025,Ladd McConkey,LAC,23.0
4612826,2025_07_IND_LAC,0,0,0,0,0,0,0,0,9,15,67,0,2025,Ladd McConkey,LAC,15.7
4612826,2025_08_MIN_LAC,0,0,0,0,0,0,0,0,6,10,88,1,2025,Ladd McConkey,LAC,20.8
4612826,2025_09_LAC_TEN,0,0,0,0,0,0,0,0,4,6,56,0,2025,Ladd McConkey,LAC,9.6
4612826,2025_10_PIT_LAC,0,0,0,0,0,0,0,0,4,6,107,1,2025,Ladd McConkey,LAC,20.7
4612826,2025_11_LAC_JAX,0,0,0,0,0,0,0,0,3,4,13,0,2025,Ladd McConkey,LAC,4.3
4612826,2025_13_LV_LAC,0,0,0,0,0,0,0,0,4,6,39,1,2025,Ladd McConkey,LAC,13.9
4612826,2025_14_PHI_LAC,0,0,0,0,0,0,0,0,1,5,12,0,2025,Ladd McConkey,LAC,2.2
4612826,2025_15_LAC_KC,0,0,0,0,0,0,0,0,2,3,20,0,2025,Ladd McConkey,LAC,4.0
4612826,2025_16_LAC_DAL,0,0,0,0,0,0,0,0,4,6,43,1,2025,Ladd McConkey,LAC,14.3
4612826,2025_17_HOU_LAC,0,0,0,0,0,0,0,0,1,2,31,0,2025,Ladd McConkey,LAC,4.1
3916387,2024_01_BAL_KC,26,41,273,1,0,16,122,0,0,0,0,0,2024,Lamar Jackson,BAL,27.12
3916387,2024_02_LV_BAL,21,34,247,1,1,5,45,0,0,0,0,0,2024,Lamar Jackson,BAL,17.38
3916387,2024_03_BAL_DAL,12,15,182,1,0,14,87,1,0,0,0,0,2024,Lamar Jackson,BAL,25.98
3916387,2024_04_BUF_BAL,13,18,156,2,0,6,54,1,0,0,0,0,2024,Lamar Jackson,BAL,25.64
3916387,2024_05_BAL_CIN,26,42,348,4,0,12,55,0,0,0,0,0,2024,Lamar Jackson,BAL,35.42
3916387,2024_06_WSH_BAL,20,26,323,1,1,11,40,0,0,0,0,0,2024,Lamar Jackson,BAL,19.92
3916387,2024_07_BAL_TB,17,22,281,5,0,9,52,0,0,0,0,0,2024,Lamar Jackson,BAL,36.44
3916387,2024_08_BAL_CLE,23,38,289,2,0,8,46,0,0,0,0,0,2024,Lamar Jackson,BAL,24.16
3916387,2024_09_DEN_BAL,16,19,280,3,0,3,4,0,0,0,0,0,2024,Lamar Jackson,BAL,23.6
3916387,2024_10_CIN_BAL,25,33,290,4,0,7,33,0,0,0,0,0,2024,Lamar Jackson,BAL,30.9
3916387,2024_11_BAL_PIT,16,33,207,1,1,4,46,0,0,0,0,0,2024,Lamar Jackson,BAL,15.88
3916387,2024_12_BAL_LAC,16,22,177,2,0,8,15,1,0,0,0,0,2024,Lamar Jackson,BAL,22.58
3916387,2024_13_PHI_BAL,23,36,237,2,0,8,79,0,0,0,0,0,2024,Lamar Jackson,BAL,25.38
3916387,2024_15_BAL_NYG,21,25,290,5,0,6,65,0,0,0,0,0,2024,Lamar Jackson,BAL,38.1
3916387,2024_16_PIT_BAL,15,23,207,3,1,9,22,0,0,0,0,0,2024,Lamar Jackson,BAL,21.48
3916387,2024_17_BAL_HOU,10,15,168,2,0,4,87,1,0,0,0,0,2024,Lamar Jackson,BAL,29.42
3916387,2024_18_CLE_BAL,16,32,217,2,0,9,63,0,0,0,0,0,2024,Lamar Jackson,BAL,22.98
3916387,2025_01_BAL_BUF,14,19,209,2,0,6,70,1,0,0,0,0,2025,Lamar Jackson,BAL,29.36
3916387,2025_02_CLE_BAL,19,29,225,4,0,2,13,0,0,0,0,0,2025,Lamar Jackson,BAL,26.3
3916387,2025_03_DET_BAL,21,27,288,3,0,7,35,0,0,0,0,0,2025,Lamar Jackson,BAL,27.02
3916387,2025_04_BAL_KC,14,20,147,1,1,6,48,0,0,0,0,0,2025,Lamar Jackson,BAL,13.68
3916387,2025_09_BAL_MIA,18,23,204,4,0,5,14,0,0,0,0,0,2025,Lamar Jackson,BAL,25.56
3916387,2025_10_BAL_MIN,17,29,176,1,0,9,36,0,0,0,0,0,2025,Lamar Jackson,BAL,14.64
3916387,2025_11_BAL_CLE,14,25,193,0,2,4,10,0,0,0,0,0,2025,Lamar Jackson,BAL,6.72
3916387,2025_12_NYJ_BAL,13,23,153,0,0,7,11,0,0,0,0,0,2025,Lamar Jackson,BAL,7.22
3916387,2025_13_CIN_BAL,17,32,246,0,1,6,27,0,0,0,0,0,2025,Lamar Jackson,BAL,11.54
3916387,2025_14_PIT_BAL,19,35,219,1,1,7,43,1,0,0,0,0,2025,Lamar Jackson,BAL,22.06
3916387,2025_15_BAL_CIN,8,12,150,2,1,2,26,0,0,0,0,0,2025,Lamar Jackson,BAL,15.6
3916387,2025_16_NE_BAL,7,10,101,0,0,2,7,0,0,0,0,0,2025,Lamar Jackson,BAL,4.74
3916387,2025_18_BAL_PIT,11,18,238,3,1,4,9,0,0,0,0,0,2025,Lamar Jackson,BAL,21.42
4243160,2024_01_DEN_SEA,0,0,0,0,0,1,1,0,1,1,0,0,2024,Laviska Shenault Jr.,SEA,1.1
4243160,2024_02_SEA_NE,0,0,0,0,0,0,0,0,1,1,6,0,2024,Laviska Shenault Jr.,SEA,1.6
4243160,2024_03_MIA_SEA,0,0,0,0,0,0,0,0,1,1,2,0,2024,Laviska Shenault Jr.,SEA,1.2
4243160,2024_04_SEA_DET,0,0,0,0,0,0,0,0,1,1,18,0,2024,Laviska Shenault Jr.,SEA,2.8
4243160,2024_08_BUF_SEA,0,0,0,0,0,0,0,0,1,1,10,0,2024,Laviska Shenault Jr.,SEA,2.0
4911851,2025_01_CAR_JAX,0,0,0,0,0,1,7,0,1,1,4,0,2025,LeQuint Allen Jr.,JAX,2.1
4911851,2025_03_HOU_JAX,0,0,0,0,0,0,0,0,1,1,9,0,2025,LeQuint Allen Jr.,JAX,1.9
4911851,2025_04_JAX_SF,0,0,0,0,0,0,0,0,1,1,7,0,2025,LeQuint Allen Jr.,JAX,1.7
4911851,2025_06_SEA_JAX,0,0,0,0,0,1,2,0,1,2,10,0,2025,LeQuint Allen Jr.,JAX,2.2
4911851,2025_07_LAR_JAX,0,0,0,0,0,0,0,0,1,1,4,0,2025,LeQuint Allen Jr.,JAX,1.4
4911851,2025_09_JAX_LV,0,0,0,0,0,1,10,0,1,1,1,0,2025,LeQuint Allen Jr.,JAX,2.1
4911851,2025_10_JAX_HOU,0,0,0,0,0,0,0,0,1,1,6,0,2025,LeQuint Allen Jr.,JAX,1.6
4911851,2025_11_LAC_JAX,0,0,0,0,0,8,36,0,0,0,0,0,2025,LeQuint Allen Jr.,JAX,3.6
4911851,2025_14_IND_JAX,0,0,0,0,0,0,0,0,2,2,8,0,2025,LeQuint Allen Jr.,JAX,2.8
4911851,2025_15_NYJ_JAX,0,0,0,0,0,4,11,0,1,1,5,0,2025,LeQuint Allen Jr.,JAX,2.6
4911851,2025_16_JAX_DEN,0,0,0,0,0,4,10,0,0,0,0,0,2025,LeQuint Allen Jr.,JAX,1.0
4039057,2024_01_DEN_SEA,0,0,0,0,0,0,0,0,0,1,0,0,2024,Lil'Jordan Humphrey,DEN,0.0
4039057,2024_02_PIT_DEN,0,0,0,0,0,0,0,0,4,5,50,0,2024,Lil'Jordan Humphrey,DEN,9.0
4039057,2024_03_DEN_TB,0,0,0,0,0,0,0,0,6,8,37,0,2024,Lil'Jordan Humphrey,DEN,9.7
4039057,2024_04_DEN_NYJ,0,0,0,0,0,0,0,0,0,1,0,0,2024,Lil'Jordan Humphrey,DEN,0.0
4039057,2024_05_LV_DEN,0,0,0,0,0,0,0,0,2,2,48,0,2024,Lil'Jordan Humphrey,DEN,6.8
4039057,2024_06_LAC_DEN,0,0,0,0,0,0,0,0,1,1,8,0,2024,Lil'Jordan Humphrey,DEN,1.8
4039057,2024_07_DEN_NO,0,0,0,0,0,0,0,0,2,3,12,0,2024,Lil'Jordan Humphrey,DEN,3.2
4039057,2024_08_CAR_DEN,0,0,0,0,0,0,0,0,4,6,22,0,2024,Lil'Jordan Humphrey,DEN,6.2
4039057,2024_09_DEN_BAL,0,0,0,0,0,0,0,0,2,5,11,0,2024,Lil'Jordan Humphrey,DEN,3.1
4039057,2024_10_DEN_KC,0,0,0,0,0,0,0,0,2,3,23,0,2024,Lil'Jordan Humphrey,DEN,4.3
4039057,2024_11_ATL_DEN,0,0,0,0,0,0,0,0,4,4,52,1,2024,Lil'Jordan Humphrey,DEN,15.2
4039057,2024_12_DEN_LV,0,0,0,0,0,0,0,0,2,3,4,0,2024,Lil'Jordan Humphrey,DEN,2.4
4039057,2024_15_IND_DEN,0,0,0,0,0,0,0,0,0,1,0,0,2024,Lil'Jordan Humphrey,DEN,0.0
4039057,2024_18_KC_DEN,0,0,0,0,0,0,0,0,2,2,26,0,2024,Lil'Jordan Humphrey,DEN,4.6
4039057,2025_06_PHI_NYG,0,0,0,0,0,0,0,0,4,8,55,0,2025,Lil'Jordan Humphrey,NYG,9.5
4039057,2025_07_NYG_DEN,0,0,0,0,0,0,0,0,0,2,0,0,2025,Lil'Jordan Humphrey,NYG,0.0
4039057,2025_13_DEN_WSH,0,0,0,0,0,0,0,0,0,1,0,0,2025,Lil'Jordan Humphrey,DEN,0.0
4039057,2025_14_DEN_LV,0,0,0,0,0,0,0,0,3,3,27,0,2025,Lil'Jordan Humphrey,DEN,5.7
4039057,2025_15_GB_DEN,0,0,0,0,0,0,0,0,3,4,42,1,2025,Lil'Jordan Humphrey,DEN,13.2
4039057,2025_16_JAX_DEN,0,0,0,0,0,0,0,0,1,2,9,0,2025,Lil'Jordan Humphrey,DEN,1.9
4039057,2025_17_DEN_KC,0,0,0,0,0,0,0,0,2,5,23,0,2025,Lil'Jordan Humphrey,DEN,4.3
4360231,2024_05_LV_DEN,0,0,0,0,0,0,0,0,1,1,5,0,2024,Lucas Krull,DEN,1.5
4360231,2024_06_LAC_DEN,0,0,0,0,0,0,0,0,2,4,11,0,2024,Lucas Krull,DEN,3.1
4360231,2024_07_DEN_NO,0,0,0,0,0,0,0,0,3,4,41,0,2024,Lucas Krull,DEN,7.1
4360231,2024_08_CAR_DEN,0,0,0,0,0,0,0,0,2,2,18,0,2024,Lucas Krull,DEN,3.8
4360231,2024_09_DEN_BAL,0,0,0,0,0,0,0,0,0,1,0,0,2024,Lucas Krull,DEN,0.0
4360231,2024_10_DEN_KC,0,0,0,0,0,0,0,0,2,2,21,0,2024,Lucas Krull,DEN,4.1
4360231,2024_13_CLE_DEN,0,0,0,0,0,0,0,0,3,3,24,0,2024,Lucas Krull,DEN,5.4
4360231,2024_15_IND_DEN,0,0,0,0,0,0,0,0,2,2,8,0,2024,Lucas Krull,DEN,2.8
4360231,2024_16_DEN_LAC,0,0,0,0,0,0,0,0,3,3,21,0,2024,Lucas Krull,DEN,5.1
4360231,2024_17_DEN_CIN,0,0,0,0,0,0,0,0,1,1,3,0,2024,Lucas Krull,DEN,1.3
4360231,2025_01_TEN_DEN,0,0,0,0,0,0,0,0,1,2,6,0,2025,Lucas Krull,DEN,1.6
4360231,2025_03_DEN_LAC,0,0,0,0,0,0,0,0,1,2,9,0,2025,Lucas Krull,DEN,1.9
4040612,2024_02_CLE_JAX,0,0,0,0,0,0,0,0,2,2,13,0,2024,Luke Farrell,JAX,3.3
4040612,2024_03_JAX_BUF,0,0,0,0,0,0,0,0,1,2,1,0,2024,Luke Farrell,JAX,1.1
4040612,2024_04_JAX_HOU,0,0,0,0,0,0,0,0,0,1,0,0,2024,Luke Farrell,JAX,0.0
4040612,2024_05_IND_JAX,0,0,0,0,0,0,0,0,2,2,17,0,2024,Luke Farrell,JAX,3.7
4040612,2024_09_JAX_PHI,0,0,0,0,0,0,0,0,1,1,5,0,2024,Luke Farrell,JAX,1.5
4040612,2024_10_MIN_JAX,0,0,0,0,0,0,0,0,2,2,16,0,2024,Luke Farrell,JAX,3.6
4040612,2024_11_JAX_DET,0,0,0,0,0,0,0,0,1,2,3,0,2024,Luke Farrell,JAX,1.3
4040612,2024_13_HOU_JAX,0,0,0,0,0,0,0,0,0,1,0,0,2024,Luke Farrell,JAX,0.0
4040612,2024_16_JAX_LV,0,0,0,0,0,0,0,0,2,3,8,0,2024,Luke Farrell,JAX,2.8
4040612,2024_18_JAX_IND,0,0,0,0,0,0,0,0,1,1,4,0,2024,Luke Farrell,JAX,1.4
4040612,2025_01_SF_SEA,0,0,0,0,0,0,0,0,1,1,4,0,2025,Luke Farrell,SF,1.4
4040612,2025_02_SF_NO,0,0,0,0,0,0,0,0,2,3,15,1,2025,Luke Farrell,SF,9.5
4040612,2025_04_JAX_SF,0,0,0,0,0,0,0,0,2,2,20,0,2025,Luke Farrell,SF,4.0
4040612,2025_05_SF_LAR,0,0,0,0,0,0,0,0,1,2,8,0,2025,Luke Farrell,SF,1.8
4040612,2025_07_ATL_SF,0,0,0,0,0,0,0,0,1,1,11,0,2025,Luke Farrell,SF,2.1
4040612,2025_09_SF_NYG,0,0,0,0,0,0,0,0,1,1,9,0,2025,Luke Farrell,SF,1.9
4040612,2025_10_LAR_SF,0,0,0,0,0,0,0,0,2,2,15,1,2025,Luke Farrell,SF,9.5
4040612,2025_12_CAR_SF,0,0,0,0,0,0,0,0,1,1,3,0,2025,Luke Farrell,SF,1.3
4040612,2025_13_SF_CLE,0,0,0,0,0,0,0,0,0,1,0,0,2025,Luke Farrell,SF,0.0
4426948,2024_01_WSH_TB,0,0,0,0,0,0,0,0,3,3,18,0,2024,Luke McCaffrey,WSH,4.8
4426948,2024_03_WSH_CIN,0,0,0,0,0,0,0,0,3,3,44,0,2024,Luke McCaffrey,WSH,7.4
4426948,2024_04_WSH_ARI,0,0,0,0,0,0,0,0,1,1,17,0,2024,Luke McCaffrey,WSH,2.7
4426948,2024_05_CLE_WSH,0,0,0,0,0,0,0,0,3,3,19,0,2024,Luke McCaffrey,WSH,4.9
4426948,2024_06_WSH_BAL,0,0,0,0,0,0,0,0,1,1,5,0,2024,Luke McCaffrey,WSH,1.5
4426948,2024_08_CHI_WSH,0,0,0,0,0,0,0,0,1,2,8,0,2024,Luke McCaffrey,WSH,1.8
4426948,2024_10_PIT_WSH,0,0,0,0,0,0,0,0,1,3,23,0,2024,Luke McCaffrey,WSH,3.3
4426948,2024_11_WSH_PHI,0,0,0,0,0,0,0,0,0,1,0,0,2024,Luke McCaffrey,WSH,0.0
4426948,2024_12_DAL_WSH,0,0,0,0,0,0,0,0,1,1,8,0,2024,Luke McCaffrey,WSH,1.8
4426948,2024_13_TEN_WSH,0,0,0,0,0,0,0,0,2,2,13,0,2024,Luke McCaffrey,WSH,3.3
4426948,2024_15_WSH_NO,0,0,0,0,0,0,0,0,1,1,0,0,2024,Luke McCaffrey,WSH,1.0
4426948,2024_16_PHI_WSH,0,0,0,0,0,0,0,0,1,3,13,0,2024,Luke McCaffrey,WSH,2.3
4426948,2025_02_WSH_GB,0,0,0,0,0,0,0,0,1,1,19,0,2025,Luke McCaffrey,WSH,2.9
4426948,2025_03_LV_WSH,0,0,0,0,0,0,0,0,3,3,56,1,2025,Luke McCaffrey,WSH,14.6
4426948,2025_04_WSH_ATL,0,0,0,0,0,0,0,0,2,3,21,1,2025,Luke McCaffrey,WSH,10.1
4426948,2025_05_WSH_LAC,0,0,0,0,0,0,0,0,1,2,50,0,2025,Luke McCaffrey,WSH,6.0
4426948,2025_06_CHI_WSH,0,0,0,0,0,0,0,0,1,1,33,1,2025,Luke McCaffrey,WSH,10.3
4426948,2025_07_WSH_DAL,0,0,0,0,0,0,0,0,0,2,0,0,2025,Luke McCaffrey,WSH,0.0
4426948,2025_08_WSH_KC,0,0,0,0,0,0,0,0,3,3,24,0,2025,Luke McCaffrey,WSH,5.4
4428085,2024_01_GB_PHI,0,0,0,0,0,0,0,0,0,2,0,0,2024,Luke Musgrave,GB,0.0
4428085,2024_02_IND_GB,0,0,0,0,0,0,0,0,1,1,6,0,2024,Luke Musgrave,GB,1.6
4428085,2024_03_GB_TEN,0,0,0,0,0,0,0,0,1,1,3,0,2024,Luke Musgrave,GB,1.3
4428085,2024_04_MIN_GB,0,0,0,0,0,0,0,0,3,3,13,0,2024,Luke Musgrave,GB,4.3
4428085,2024_16_NO_GB,0,0,0,0,0,0,0,0,0,1,0,0,2024,Luke Musgrave,GB,0.0
4428085,2024_17_GB_MIN,0,0,0,0,0,0,0,0,1,1,4,0,2024,Luke Musgrave,GB,1.4
4428085,2024_18_CHI_GB,0,0,0,0,0,0,0,0,1,1,19,0,2024,Luke Musgrave,GB,2.9
4428085,2025_01_DET_GB,0,0,0,0,0,0,0,0,1,1,4,0,2025,Luke Musgrave,GB,1.4
4428085,2025_02_WSH_GB,0,0,0,0,0,0,0,0,2,2,32,0,2025,Luke Musgrave,GB,5.2
4428085,2025_04_GB_DAL,0,0,0,0,0,0,0,0,1,1,6,0,2025,Luke Musgrave,GB,1.6
4428085,2025_06_CIN_GB,0,0,0,0,0,0,0,0,1,2,7,0,2025,Luke Musgrave,GB,1.7
4428085,2025_08_GB_PIT,0,0,0,0,0,0,0,0,1,1,5,0,2025,Luke Musgrave,GB,1.5
4428085,2025_09_CAR_GB,0,0,0,0,0,0,0,0,3,3,34,0,2025,Luke Musgrave,GB,6.4
4428085,2025_10_PHI_GB,0,0,0,0,0,0,0,0,3,3,23,0,2025,Luke Musgrave,GB,5.3
4428085,2025_11_GB_NYG,0,0,0,0,0,0,0,0,1,2,-1,0,2025,Luke Musgrave,GB,0.9
4428085,2025_12_MIN_GB,0,0,0,0,0,0,0,0,1,2,7,0,2025,Luke Musgrave,GB,1.7
4428085,2025_13_GB_DET,0,0,0,0,0,0,0,0,1,1,23,0,2025,Luke Musgrave,GB,3.3
4428085,2025_14_CHI_GB,0,0,0,0,0,0,0,0,2,4,22,0,2025,Luke Musgrave,GB,4.2
4428085,2025_15_GB_DEN,0,0,0,0,0,0,0,0,4,6,52,0,2025,Luke Musgrave,GB,9.2
4428085,2025_16_GB_CHI,0,0,0,0,0,0,0,0,3,3,38,0,2025,Luke Musgrave,GB,6.8
4372096,2024_02_NO_DAL,0,0,0,0,0,0,0,0,6,6,43,0,2024,Luke Schoonmaker,DAL,10.3
4372096,2024_03_BAL_DAL,0,0,0,0,0,0,0,0,1,2,5,0,2024,Luke Schoonmaker,DAL,1.5
4372096,2024_05_DAL_PIT,0,0,0,0,0,0,0,0,1,2,8,0,2024,Luke Schoonmaker,DAL,1.8
4372096,2024_10_PHI_DAL,0,0,0,0,0,0,0,0,0,1,0,0,2024,Luke Schoonmaker,DAL,0.0
4372096,2024_11_HOU_DAL,0,0,0,0,0,0,0,0,6,10,56,0,2024,Luke Schoonmaker,DAL,11.6
4372096,2024_12_DAL_WSH,0,0,0,0,0,0,0,0,3,4,55,1,2024,Luke Schoonmaker,DAL,14.5
4372096,2024_13_NYG_DAL,0,0,0,0,0,0,0,0,5,6,33,0,2024,Luke Schoonmaker,DAL,8.3
4372096,2024_14_CIN_DAL,0,0,0,0,0,0,0,0,2,2,22,0,2024,Luke Schoonmaker,DAL,4.2
4372096,2024_16_TB_DAL,0,0,0,0,0,0,0,0,1,1,3,0,2024,Luke Schoonmaker,DAL,1.3
4372096,2024_18_WSH_DAL,0,0,0,0,0,0,0,0,2,2,16,0,2024,Luke Schoonmaker,DAL,3.6
4372096,2025_01_DAL_PHI,0,0,0,0,0,0,0,0,0,1,0,0,2025,Luke Schoonmaker,DAL,0.0
4372096,2025_02_NYG_DAL,0,0,0,0,0,0,0,0,0,2,0,0,2025,Luke Schoonmaker,DAL,0.0
4372096,2025_03_DAL_CHI,0,0,0,0,0,0,0,0,1,1,5,0,2025,Luke Schoonmaker,DAL,1.5
4372096,2025_04_GB_DAL,0,0,0,0,0,0,0,0,2,2,8,0,2025,Luke Schoonmaker,DAL,2.8
4372096,2025_05_DAL_NYJ,0,0,0,0,0,0,0,0,1,2,3,0,2025,Luke Schoonmaker,DAL,1.3
4372096,2025_06_DAL_CAR,0,0,0,0,0,0,0,0,1,2,8,0,2025,Luke Schoonmaker,DAL,1.8
4372096,2025_08_DAL_DEN,0,0,0,0,0,0,0,0,2,3,25,0,2025,Luke Schoonmaker,DAL,4.5
4372096,2025_09_ARI_DAL,0,0,0,0,0,0,0,0,1,2,14,0,2025,Luke Schoonmaker,DAL,2.4
4372096,2025_12_PHI_DAL,0,0,0,0,0,0,0,0,0,1,0,0,2025,Luke Schoonmaker,DAL,0.0
4372096,2025_13_KC_DAL,0,0,0,0,0,0,0,0,1,1,1,0,2025,Luke Schoonmaker,DAL,1.1
4372096,2025_14_DAL_DET,0,0,0,0,0,0,0,0,1,2,12,0,2025,Luke Schoonmaker,DAL,2.2
4372096,2025_15_MIN_DAL,0,0,0,0,0,0,0,0,1,1,29,0,2025,Luke Schoonmaker,DAL,3.9
4372096,2025_17_DAL_WSH,0,0,0,0,0,0,0,0,2,2,15,0,2025,Luke Schoonmaker,DAL,3.5
4372096,2025_18_DAL_NYG,0,0,0,0,0,0,0,0,1,1,12,0,2025,Luke Schoonmaker,DAL,2.2
4430806,2025_03_GB_CLE,0,0,0,0,0,0,0,0,0,1,0,0,2025,Luke Wypler,CLE,0.0
4685278,2025_01_MIN_CHI,0,0,0,0,0,0,0,0,1,1,-3,0,2025,Luther Burden III,CHI,0.7
4685278,2025_02_CHI_DET,0,0,0,0,0,0,0,0,1,2,5,0,2025,Luther Burden III,CHI,1.5
4685278,2025_03_DAL_CHI,0,0,0,0,0,1,7,0,3,3,101,1,2025,Luther Burden III,CHI,19.8
4685278,2025_04_CHI_LV,0,0,0,0,0,0,0,0,2,2,-4,0,2025,Luther Burden III,CHI,1.6
4685278,2025_06_CHI_WSH,0,0,0,0,0,0,0,0,4,4,51,0,2025,Luther Burden III,CHI,9.1
4685278,2025_07_NO_CHI,0,0,0,0,0,1,-1,0,1,2,22,0,2025,Luther Burden III,CHI,3.1
4685278,2025_08_CHI_BAL,0,0,0,0,0,0,0,0,1,1,-1,0,2025,Luther Burden III,CHI,0.9
4685278,2025_10_NYG_CHI,0,0,0,0,0,0,0,0,3,3,51,0,2025,Luther Burden III,CHI,8.1
4685278,2025_11_CHI_MIN,0,0,0,0,0,0,0,0,3,5,27,0,2025,Luther Burden III,CHI,5.7
4685278,2025_12_PIT_CHI,0,0,0,0,0,1,15,0,3,5,46,0,2025,Luther Burden III,CHI,9.1
4685278,2025_13_CHI_PHI,0,0,0,0,0,1,3,0,4,6,33,0,2025,Luther Burden III,CHI,7.6
4685278,2025_14_CHI_GB,0,0,0,0,0,1,3,0,4,6,67,0,2025,Luther Burden III,CHI,11.0
4685278,2025_15_CLE_CHI,0,0,0,0,0,0,0,0,6,7,84,0,2025,Luther Burden III,CHI,14.4
4685278,2025_17_CHI_SF,0,0,0,0,0,0,0,0,8,9,138,1,2025,Luther Burden III,CHI,27.8
4685278,2025_18_DET_CHI,0,0,0,0,0,1,10,0,3,4,35,0,2025,Luther Burden III,CHI,7.5
4241464,2024_03_JAX_BUF,5,8,22,0,0,0,0,0,0,0,0,0,2024,Mac Jones,JAX,0.88
4241464,2024_10_MIN_JAX,14,22,111,0,2,5,8,1,0,0,0,0,2024,Mac Jones,JAX,9.24
4241464,2024_11_JAX_DET,17,29,138,0,1,2,7,0,0,0,0,0,2024,Mac Jones,JAX,5.22
4241464,2024_13_HOU_JAX,20,32,235,2,0,3,6,0,0,0,0,0,2024,Mac Jones,JAX,18.0
4241464,2024_14_JAX_TEN,23,31,220,0,2,3,3,0,0,0,0,0,2024,Mac Jones,JAX,7.1
4241464,2024_15_NYJ_JAX,31,46,294,2,2,4,29,0,0,0,0,0,2024,Mac Jones,JAX,20.66
4241464,2024_16_JAX_LV,25,39,247,1,0,0,0,0,0,0,0,0,2024,Mac Jones,JAX,13.88
4241464,2024_17_TEN_JAX,15,22,174,2,0,6,22,0,0,0,0,0,2024,Mac Jones,JAX,17.16
4241464,2024_18_JAX_IND,20,32,225,1,1,5,17,0,0,0,0,0,2024,Mac Jones,JAX,13.7
4241464,2025_02_SF_NO,26,39,279,3,0,6,6,0,0,0,0,0,2025,Mac Jones,SF,23.76
4241464,2025_03_ARI_SF,27,41,284,1,1,1,-1,0,0,0,0,0,2025,Mac Jones,SF,14.26
4241464,2025_05_SF_LAR,33,49,342,2,0,4,5,0,0,0,0,0,2025,Mac Jones,SF,22.18
4241464,2025_06_SF_TB,27,39,347,0,2,5,13,0,0,0,0,0,2025,Mac Jones,SF,13.18
4241464,2025_07_ATL_SF,17,26,152,0,1,5,11,0,0,0,0,0,2025,Mac Jones,SF,6.18
4241464,2025_08_SF_HOU,19,32,193,2,1,2,23,0,0,0,0,0,2025,Mac Jones,SF,17.02
4241464,2025_09_SF_NYG,19,24,235,2,0,4,4,0,0,0,0,0,2025,Mac Jones,SF,17.8
4241464,2025_10_LAR_SF,33,39,319,3,1,1,3,0,0,0,0,0,2025,Mac Jones,SF,24.06
4241464,2025_11_SF_ARI,0,0,0,0,0,3,-3,0,0,0,0,0,2025,Mac Jones,SF,-0.3
4241464,2025_16_SF_IND,0,0,0,0,0,3,-3,0,0,0,0,0,2025,Mac Jones,SF,-0.3
2991662,2024_01_ARI_BUF,0,0,0,0,0,0,0,0,2,2,25,1,2024,Mack Hollins,BUF,10.5
2991662,2024_02_BUF_MIA,0,0,0,0,0,0,0,0,0,1,0,0,2024,Mack Hollins,BUF,0.0
2991662,2024_03_JAX_BUF,0,0,0,0,0,0,0,0,1,2,16,0,2024,Mack Hollins,BUF,2.6
2991662,2024_04_BUF_BAL,0,0,0,0,0,0,0,0,1,6,5,0,2024,Mack Hollins,BUF,1.5
2991662,2024_05_BUF_HOU,0,0,0,0,0,0,0,0,2,6,27,0,2024,Mack Hollins,BUF,4.7
2991662,2024_06_BUF_NYJ,0,0,0,0,0,0,0,0,1,2,8,1,2024,Mack Hollins,BUF,7.8
2991662,2024_07_TEN_BUF,0,0,0,0,0,0,0,0,0,1,0,0,2024,Mack Hollins,BUF,0.0
2991662,2024_09_MIA_BUF,0,0,0,0,0,0,0,0,5,5,30,1,2024,Mack Hollins,BUF,14.0
2991662,2024_10_BUF_IND,0,0,0,0,0,0,0,0,4,4,86,0,2024,Mack Hollins,BUF,12.6
2991662,2024_11_KC_BUF,0,0,0,0,0,0,0,0,2,2,27,0,2024,Mack Hollins,BUF,4.7
2991662,2024_13_SF_BUF,0,0,0,0,0,0,0,0,1,1,7,1,2024,Mack Hollins,BUF,7.7
2991662,2024_14_BUF_LAR,0,0,0,0,0,0,0,0,4,6,57,1,2024,Mack Hollins,BUF,15.7
2991662,2024_15_BUF_DET,0,0,0,0,0,0,0,0,1,3,7,0,2024,Mack Hollins,BUF,1.7
2991662,2024_16_NE_BUF,0,0,0,0,0,0,0,0,2,3,25,0,2024,Mack Hollins,BUF,4.5
2991662,2024_17_NYJ_BUF,0,0,0,0,0,0,0,0,2,2,33,0,2024,Mack Hollins,BUF,5.3
2991662,2024_18_BUF_NE,0,0,0,0,0,0,0,0,3,4,25,0,2024,Mack Hollins,BUF,5.5
2991662,2025_01_LV_NE,0,0,0,0,0,0,0,0,1,2,3,0,2025,Mack Hollins,NE,1.3
2991662,2025_02_NE_MIA,0,0,0,0,0,0,0,0,1,2,8,1,2025,Mack Hollins,NE,7.8
2991662,2025_03_PIT_NE,0,0,0,0,0,0,0,0,4,4,27,0,2025,Mack Hollins,NE,6.7
2991662,2025_04_CAR_NE,0,0,0,0,0,0,0,0,1,1,4,1,2025,Mack Hollins,NE,7.4
2991662,2025_06_NE_NO,0,0,0,0,0,0,0,0,2,3,28,0,2025,Mack Hollins,NE,4.8
2991662,2025_07_NE_TEN,0,0,0,0,0,1,4,0,2,2,49,0,2025,Mack Hollins,NE,7.3
2991662,2025_08_CLE_NE,0,0,0,0,0,0,0,0,7,7,89,0,2025,Mack Hollins,NE,15.9
2991662,2025_09_ATL_NE,0,0,0,0,0,0,0,0,2,2,9,0,2025,Mack Hollins,NE,2.9
2991662,2025_10_NE_TB,0,0,0,0,0,0,0,0,6,10,106,0,2025,Mack Hollins,NE,16.6
2991662,2025_11_NYJ_NE,0,0,0,0,0,0,0,0,4,5,64,0,2025,Mack Hollins,NE,10.4
2991662,2025_12_NE_CIN,0,0,0,0,0,0,0,0,2,6,30,0,2025,Mack Hollins,NE,5.0
2991662,2025_13_NYG_NE,0,0,0,0,0,0,0,0,3,4,23,0,2025,Mack Hollins,NE,5.3
2991662,2025_15_BUF_NE,0,0,0,0,0,0,0,0,4,8,41,0,2025,Mack Hollins,NE,8.1
2991662,2025_16_NE_BAL,0,0,0,0,0,0,0,0,7,9,69,0,2025,Mack Hollins,NE,13.9
4613104,2024_02_NYJ_TEN,0,0,0,0,0,0,0,0,1,1,4,0,2024,Malachi Corley,NYJ,1.4
4613104,2024_10_NYJ_ARI,0,0,0,0,0,0,0,0,1,2,2,0,2024,Malachi Corley,NYJ,1.2
4613104,2024_11_IND_NYJ,0,0,0,0,0,0,0,0,1,1,10,0,2024,Malachi Corley,NYJ,2.0
4613104,2024_13_SEA_NYJ,0,0,0,0,0,1,8,0,0,2,0,0,2024,Malachi Corley,NYJ,0.8
4613104,2025_07_MIA_CLE,0,0,0,0,0,0,0,0,2,2,17,0,2025,Malachi Corley,CLE,3.7
4613104,2025_10_CLE_NYJ,0,0,0,0,0,2,32,0,0,1,0,0,2025,Malachi Corley,CLE,3.2
4613104,2025_11_BAL_CLE,0,0,0,0,0,0,0,0,2,2,9,0,2025,Malachi Corley,CLE,2.9
4613104,2025_12_CLE_LV,0,0,0,0,0,1,-6,0,1,1,8,0,2025,Malachi Corley,CLE,1.2
4613104,2025_15_CLE_CHI,0,0,0,0,0,0,0,0,1,1,10,0,2025,Malachi Corley,CLE,2.0
4613104,2025_16_BUF_CLE,0,0,0,0,0,3,30,0,2,4,11,0,2025,Malachi Corley,CLE,6.1
4613104,2025_17_PIT_CLE,0,0,0,0,0,0,0,0,1,1,4,0,2025,Malachi Corley,CLE,1.4
4613104,2025_18_CLE_CIN,0,0,0,0,0,3,18,0,2,2,20,0,2025,Malachi Corley,CLE,5.8
4692024,2025_17_NE_NYJ,0,0,0,0,0,0,0,0,1,1,3,0,2025,Malachi Moore,NYJ,1.3
4240603,2025_11_DAL_LV,0,0,0,0,0,4,20,0,0,0,0,0,2025,Malik Davis,DAL,2.0
4240603,2025_12_PHI_DAL,0,0,0,0,0,3,24,0,0,0,0,0,2025,Malik Davis,DAL,2.4
4240603,2025_13_KC_DAL,0,0,0,0,0,3,47,1,0,0,0,0,2025,Malik Davis,DAL,10.7
4240603,2025_14_DAL_DET,0,0,0,0,0,3,6,0,0,0,0,0,2025,Malik Davis,DAL,0.6
4240603,2025_15_MIN_DAL,0,0,0,0,0,8,21,1,2,3,16,0,2025,Malik Davis,DAL,11.7
4240603,2025_16_LAC_DAL,0,0,0,0,0,8,23,0,0,0,0,0,2025,Malik Davis,DAL,2.3
4240603,2025_17_DAL_WSH,0,0,0,0,0,20,103,0,0,2,0,0,2025,Malik Davis,DAL,10.3
4689334,2024_04_MIN_GB,0,0,0,0,0,0,0,0,2,2,12,0,2024,Malik Heath,GB,3.2
4689334,2024_05_GB_LAR,0,0,0,0,0,0,0,0,2,3,14,0,2024,Malik Heath,GB,3.4
4689334,2024_12_SF_GB,0,0,0,0,0,0,0,0,2,2,15,1,2024,Malik Heath,GB,9.5
4689334,2024_17_GB_MIN,0,0,0,0,0,0,0,0,1,1,3,1,2024,Malik Heath,GB,7.3
4689334,2024_18_CHI_GB,0,0,0,0,0,0,0,0,3,5,53,0,2024,Malik Heath,GB,8.3
4689334,2025_02_WSH_GB,0,0,0,0,0,0,0,0,1,1,37,0,2025,Malik Heath,GB,4.7
4689334,2025_04_GB_DAL,0,0,0,0,0,0,0,0,1,1,9,0,2025,Malik Heath,GB,1.9
4689334,2025_08_GB_PIT,0,0,0,0,0,0,0,0,3,3,29,0,2025,Malik Heath,GB,5.9
4689334,2025_09_CAR_GB,0,0,0,0,0,0,0,0,1,1,11,0,2025,Malik Heath,GB,2.1
4689334,2025_13_GB_DET,0,0,0,0,0,0,0,0,0,1,0,0,2025,Malik Heath,GB,0.0
4595348,2024_01_MIN_NYG,0,0,0,0,0,0,0,0,5,7,66,0,2024,Malik Nabers,NYG,11.6
4595348,2024_02_NYG_WSH,0,0,0,0,0,0,0,0,10,18,127,1,2024,Malik Nabers,NYG,28.7
4595348,2024_03_NYG_CLE,0,1,0,0,0,2,4,0,8,12,78,2,2024,Malik Nabers,NYG,28.2
4595348,2024_04_DAL_NYG,0,0,0,0,0,1,-4,0,12,15,115,0,2024,Malik Nabers,NYG,23.1
4595348,2024_07_PHI_NYG,0,0,0,0,0,0,0,0,4,8,41,0,2024,Malik Nabers,NYG,8.1
4595348,2024_08_NYG_PIT,0,0,0,0,0,0,0,0,7,13,71,0,2024,Malik Nabers,NYG,14.1
4595348,2024_09_WSH_NYG,0,0,0,0,0,0,0,0,9,11,59,0,2024,Malik Nabers,NYG,14.9
4595348,2024_10_NYG_CAR,0,0,0,0,0,1,-2,0,6,10,50,0,2024,Malik Nabers,NYG,10.8
4595348,2024_12_TB_NYG,0,0,0,0,0,0,0,0,6,9,64,0,2024,Malik Nabers,NYG,12.4
4595348,2024_13_NYG_DAL,0,0,0,0,0,1,4,0,8,13,69,0,2024,Malik Nabers,NYG,15.3
4595348,2024_14_NO_NYG,0,0,0,0,0,0,0,0,5,10,79,0,2024,Malik Nabers,NYG,12.9
4595348,2024_15_BAL_NYG,0,0,0,0,0,0,0,0,10,14,82,1,2024,Malik Nabers,NYG,24.2
4595348,2024_16_NYG_ATL,0,0,0,0,0,0,0,0,7,14,68,0,2024,Malik Nabers,NYG,13.8
4595348,2024_17_IND_NYG,0,0,0,0,0,0,0,0,7,8,171,2,2024,Malik Nabers,NYG,36.1
4595348,2024_18_NYG_PHI,0,0,0,0,0,0,0,0,5,8,64,1,2024,Malik Nabers,NYG,17.4
4595348,2025_01_NYG_WSH,0,0,0,0,0,0,0,0,5,12,71,0,2025,Malik Nabers,NYG,12.1
4595348,2025_02_NYG_DAL,0,0,0,0,0,0,0,0,9,13,167,2,2025,Malik Nabers,NYG,37.7
4595348,2025_03_KC_NYG,0,0,0,0,0,0,0,0,2,7,13,0,2025,Malik Nabers,NYG,3.3
4595348,2025_04_LAC_NYG,0,0,0,0,0,0,0,0,2,3,20,0,2025,Malik Nabers,NYG,4.0
3115928,2025_05_SF_LAR,0,0,0,0,0,0,0,0,0,1,0,0,2025,Malik Turner,SF,0.0
4569603,2024_04_TEN_MIA,0,0,0,0,0,0,0,0,1,1,8,0,2024,Malik Washington,MIA,1.8
4569603,2024_07_MIA_IND,0,0,0,0,0,0,0,0,2,3,9,0,2024,Malik Washington,MIA,2.9
4569603,2024_10_MIA_LAR,0,0,0,0,0,1,18,1,1,2,17,0,2024,Malik Washington,MIA,10.5
4569603,2024_11_LV_MIA,0,0,0,0,0,1,7,0,3,3,11,0,2024,Malik Washington,MIA,4.8
4569603,2024_12_NE_MIA,0,0,0,0,0,1,2,0,1,2,1,0,2024,Malik Washington,MIA,1.3
4569603,2024_13_MIA_GB,0,0,0,0,0,0,0,0,2,4,8,0,2024,Malik Washington,MIA,2.8
4569603,2024_14_NYJ_MIA,0,0,0,0,0,0,0,0,0,1,0,0,2024,Malik Washington,MIA,0.0
4569603,2024_15_MIA_HOU,0,0,0,0,0,0,0,0,5,6,52,0,2024,Malik Washington,MIA,10.2
4569603,2024_16_SF_MIA,0,0,0,0,0,0,0,0,3,4,28,0,2024,Malik Washington,MIA,5.8
4569603,2024_17_MIA_CLE,0,0,0,0,0,1,-11,0,4,5,41,0,2024,Malik Washington,MIA,7.0
4569603,2024_18_MIA_NYJ,0,0,0,0,0,0,0,0,4,5,48,0,2024,Malik Washington,MIA,8.8
4569603,2025_01_MIA_IND,0,0,0,0,0,1,9,0,2,5,20,0,2025,Malik Washington,MIA,4.9
4569603,2025_02_NE_MIA,0,0,0,0,0,3,23,0,1,2,2,0,2025,Malik Washington,MIA,3.5
4569603,2025_03_MIA_BUF,0,0,0,0,0,2,20,0,3,5,12,0,2025,Malik Washington,MIA,6.2
4569603,2025_04_NYJ_MIA,0,0,0,0,0,2,8,0,2,3,13,0,2025,Malik Washington,MIA,4.1
4569603,2025_05_MIA_CAR,0,0,0,0,0,0,0,0,4,5,0,0,2025,Malik Washington,MIA,4.0
4569603,2025_06_LAC_MIA,0,0,0,0,0,1,1,0,4,5,22,0,2025,Malik Washington,MIA,6.3
4569603,2025_07_MIA_CLE,0,0,0,0,0,0,0,0,5,8,30,0,2025,Malik Washington,MIA,8.0
4569603,2025_08_MIA_ATL,0,0,0,0,0,0,0,0,4,5,36,1,2025,Malik Washington,MIA,13.6
4569603,2025_09_BAL_MIA,0,0,0,0,0,3,13,0,3,3,48,0,2025,Malik Washington,MIA,9.1
4569603,2025_10_BUF_MIA,0,0,0,0,0,1,4,0,2,3,9,1,2025,Malik Washington,MIA,9.3
4569603,2025_11_WSH_MIA,0,0,0,0,0,0,0,0,3,3,42,0,2025,Malik Washington,MIA,7.2
4569603,2025_13_NO_MIA,0,0,0,0,0,0,0,0,4,5,30,0,2025,Malik Washington,MIA,7.0
4569603,2025_14_MIA_NYJ,0,0,0,0,0,0,0,0,3,4,10,0,2025,Malik Washington,MIA,4.0
4569603,2025_15_MIA_PIT,0,0,0,0,0,0,0,0,1,1,10,0,2025,Malik Washington,MIA,2.0
4569603,2025_16_CIN_MIA,0,0,0,0,0,1,9,1,1,1,23,0,2025,Malik Washington,MIA,10.2
4569603,2025_17_TB_MIA,0,0,0,0,0,1,1,0,1,3,4,0,2025,Malik Washington,MIA,1.5
4569603,2025_18_MIA_NE,0,0,0,0,0,2,22,0,3,4,6,1,2025,Malik Washington,MIA,11.8
4242512,2024_02_IND_GB,12,14,122,1,0,6,41,0,0,0,0,0,2024,Malik Willis,GB,12.98
4242512,2024_03_GB_TEN,13,19,202,1,0,6,73,1,0,0,0,0,2024,Malik Willis,GB,25.38
4242512,2024_08_GB_JAX,4,5,56,1,0,4,23,0,0,0,0,0,2024,Malik Willis,GB,8.54
4242512,2024_16_NO_GB,1,2,34,0,0,3,-2,0,0,0,0,0,2024,Malik Willis,GB,1.16
4242512,2024_18_CHI_GB,10,13,136,0,0,1,3,0,0,0,0,0,2024,Malik Willis,GB,5.74
4242512,2025_11_GB_NYG,2,2,6,1,0,1,16,0,0,0,0,0,2025,Malik Willis,GB,5.84
4242512,2025_12_MIN_GB,1,1,7,0,0,2,3,0,0,0,0,0,2025,Malik Willis,GB,0.58
4242512,2025_16_GB_CHI,9,11,121,1,0,10,44,0,0,0,0,0,2025,Malik Willis,GB,13.24
4242512,2025_17_BAL_GB,18,21,288,1,0,9,60,2,0,0,0,0,2025,Malik Willis,GB,33.52
4429023,2024_02_IND_GB,0,0,0,0,0,6,15,0,1,1,3,0,2024,MarShawn Lloyd,GB,2.8
9614,2024_06_JAX_CHI,0,0,0,0,0,0,0,0,1,1,2,0,2024,Marcedes Lewis,CHI,1.2
4241720,2024_15_NE_ARI,0,0,0,0,0,0,0,0,1,1,18,0,2024,Marcus Jones,NE,2.8
2576980,2024_05_CLE_WSH,1,3,-2,0,0,2,2,0,0,0,0,0,2024,Marcus Mariota,WSH,0.12
2576980,2024_07_CAR_WSH,18,23,205,2,0,11,34,0,0,0,0,0,2024,Marcus Mariota,WSH,19.6
2576980,2024_18_WSH_DAL,15,18,161,2,0,5,56,1,0,0,0,0,2024,Marcus Mariota,WSH,26.04
2576980,2025_03_LV_WSH,15,21,207,1,0,6,40,1,0,0,0,0,2025,Marcus Mariota,WSH,22.28
2576980,2025_04_WSH_ATL,16,27,156,2,1,2,20,0,0,0,0,0,2025,Marcus Mariota,WSH,15.24
2576980,2025_07_WSH_DAL,4,10,63,0,1,2,34,0,0,0,0,0,2025,Marcus Mariota,WSH,4.92
2576980,2025_08_WSH_KC,21,30,213,1,2,8,28,0,0,0,0,0,2025,Marcus Mariota,WSH,13.32
2576980,2025_10_DET_WSH,16,22,213,2,0,5,22,0,0,0,0,0,2025,Marcus Mariota,WSH,18.72
2576980,2025_11_WSH_MIA,20,30,213,1,1,4,49,0,0,0,0,0,2025,Marcus Mariota,WSH,16.42
2576980,2025_13_DEN_WSH,28,50,294,2,1,10,55,0,0,0,0,0,2025,Marcus Mariota,WSH,24.26
2576980,2025_14_WSH_MIN,2,4,30,0,1,2,7,0,0,0,0,0,2025,Marcus Mariota,WSH,0.9
2576980,2025_15_WSH_NYG,10,19,211,1,0,10,43,0,0,0,0,0,2025,Marcus Mariota,WSH,16.74
2576980,2025_16_PHI_WSH,7,14,95,0,0,1,-1,0,0,0,0,0,2025,Marcus Mariota,WSH,3.7
3116365,2024_01_BAL_KC,0,0,0,0,0,0,0,0,2,2,14,0,2024,Mark Andrews,BAL,3.4
3116365,2024_02_LV_BAL,0,0,0,0,0,0,0,0,4,5,51,0,2024,Mark Andrews,BAL,9.1
3116365,2024_03_BAL_DAL,0,0,0,0,0,0,0,0,0,1,0,0,2024,Mark Andrews,BAL,0.0
3116365,2024_04_BUF_BAL,0,0,0,0,0,0,0,0,0,1,0,0,2024,Mark Andrews,BAL,0.0
3116365,2024_05_BAL_CIN,0,0,0,0,0,0,0,0,4,5,55,0,2024,Mark Andrews,BAL,9.5
3116365,2024_06_WSH_BAL,0,0,0,0,0,0,0,0,3,4,66,1,2024,Mark Andrews,BAL,15.6
3116365,2024_07_BAL_TB,0,0,0,0,0,0,0,0,4,4,41,2,2024,Mark Andrews,BAL,20.1
3116365,2024_08_BAL_CLE,0,0,0,0,0,0,0,0,5,5,36,1,2024,Mark Andrews,BAL,14.6
3116365,2024_09_DEN_BAL,0,0,0,0,0,0,0,0,2,2,26,0,2024,Mark Andrews,BAL,4.6
3116365,2024_10_CIN_BAL,0,0,0,0,0,0,0,0,6,7,68,1,2024,Mark Andrews,BAL,18.8
3116365,2024_11_BAL_PIT,0,0,0,0,0,0,0,0,2,3,22,0,2024,Mark Andrews,BAL,4.2
3116365,2024_12_BAL_LAC,0,0,0,0,0,1,2,0,5,5,44,1,2024,Mark Andrews,BAL,15.6
3116365,2024_13_PHI_BAL,0,0,0,0,0,1,2,0,6,7,67,1,2024,Mark Andrews,BAL,18.9
3116365,2024_15_BAL_NYG,0,0,0,0,0,0,0,0,2,2,24,1,2024,Mark Andrews,BAL,10.4
3116365,2024_16_PIT_BAL,0,0,0,0,0,1,1,0,4,6,37,1,2024,Mark Andrews,BAL,13.8
3116365,2024_17_BAL_HOU,0,0,0,0,0,0,0,0,2,2,68,1,2024,Mark Andrews,BAL,14.8
3116365,2024_18_CLE_BAL,0,0,0,0,0,1,0,0,4,8,54,1,2024,Mark Andrews,BAL,15.4
3116365,2025_01_BAL_BUF,0,0,0,0,0,0,0,0,1,1,5,0,2025,Mark Andrews,BAL,1.5
3116365,2025_02_CLE_BAL,0,0,0,0,0,1,2,0,1,3,2,0,2025,Mark Andrews,BAL,1.4
3116365,2025_03_DET_BAL,0,0,0,0,0,0,0,0,6,6,91,2,2025,Mark Andrews,BAL,27.1
3116365,2025_04_BAL_KC,0,0,0,0,0,0,0,0,7,8,30,0,2025,Mark Andrews,BAL,10.0
3116365,2025_05_HOU_BAL,0,0,0,0,0,0,0,0,2,3,22,0,2025,Mark Andrews,BAL,4.2
3116365,2025_06_LAR_BAL,0,0,0,0,0,3,2,0,4,6,24,0,2025,Mark Andrews,BAL,6.6
3116365,2025_08_CHI_BAL,0,0,0,0,0,0,0,0,3,3,34,0,2025,Mark Andrews,BAL,6.4
3116365,2025_09_BAL_MIA,0,0,0,0,0,2,4,0,2,3,22,2,2025,Mark Andrews,BAL,16.6
3116365,2025_10_BAL_MIN,0,0,0,0,0,0,0,0,3,5,14,1,2025,Mark Andrews,BAL,10.4
3116365,2025_11_BAL_CLE,0,0,0,0,0,1,35,1,3,5,32,0,2025,Mark Andrews,BAL,15.7
3116365,2025_12_NYJ_BAL,0,0,0,0,0,2,2,0,1,3,9,0,2025,Mark Andrews,BAL,2.1
3116365,2025_13_CIN_BAL,0,0,0,0,0,0,0,0,4,6,47,0,2025,Mark Andrews,BAL,8.7
3116365,2025_14_PIT_BAL,0,0,0,0,0,0,0,0,1,5,9,0,2025,Mark Andrews,BAL,1.9
3116365,2025_15_BAL_CIN,0,0,0,0,0,0,0,0,2,3,18,0,2025,Mark Andrews,BAL,3.8
3116365,2025_16_NE_BAL,0,0,0,0,0,1,3,0,2,3,21,0,2025,Mark Andrews,BAL,4.4
3116365,2025_17_BAL_GB,0,0,0,0,0,0,0,0,4,4,28,0,2025,Mark Andrews,BAL,6.8
3116365,2025_18_BAL_PIT,0,0,0,0,0,0,0,0,2,3,14,0,2025,Mark Andrews,BAL,3.4
3051738,2024_01_ARI_BUF,0,0,0,0,0,0,0,0,1,2,19,0,2024,Marquez Valdes-Scantling,BUF,2.9
3051738,2024_02_BUF_MIA,0,0,0,0,0,0,0,0,0,1,0,0,2024,Marquez Valdes-Scantling,BUF,0.0
3051738,2024_03_JAX_BUF,0,0,0,0,0,0,0,0,1,2,7,0,2024,Marquez Valdes-Scantling,BUF,1.7
3051738,2024_04_BUF_BAL,0,0,0,0,0,0,0,0,0,1,0,0,2024,Marquez Valdes-Scantling,BUF,0.0
3051738,2024_05_BUF_HOU,0,0,0,0,0,0,0,0,0,3,0,0,2024,Marquez Valdes-Scantling,BUF,0.0
3051738,2024_09_NO_CAR,0,0,0,0,0,0,0,0,1,1,5,0,2024,Marquez Valdes-Scantling,NO,1.5
3051738,2024_10_ATL_NO,0,0,0,0,0,0,0,0,3,3,109,2,2024,Marquez Valdes-Scantling,NO,25.9
3051738,2024_11_CLE_NO,0,0,0,0,0,0,0,0,2,4,87,1,2024,Marquez Valdes-Scantling,NO,16.7
3051738,2024_13_LAR_NO,0,0,0,0,0,0,0,0,2,3,36,1,2024,Marquez Valdes-Scantling,NO,11.6
3051738,2024_14_NO_NYG,0,0,0,0,0,0,0,0,4,7,51,0,2024,Marquez Valdes-Scantling,NO,9.1
3051738,2024_15_WSH_NO,0,0,0,0,0,1,4,0,2,7,64,0,2024,Marquez Valdes-Scantling,NO,8.8
3051738,2024_17_LV_NO,0,0,0,0,0,0,0,0,0,2,0,0,2024,Marquez Valdes-Scantling,NO,0.0
3051738,2024_18_NO_TB,0,0,0,0,0,0,0,0,3,8,33,0,2024,Marquez Valdes-Scantling,NO,6.3
3051738,2025_02_SF_NO,0,0,0,0,0,0,0,0,0,1,0,0,2025,Marquez Valdes-Scantling,SF,0.0
3051738,2025_03_ARI_SF,0,0,0,0,0,0,0,0,1,1,9,0,2025,Marquez Valdes-Scantling,SF,1.9
3051738,2025_05_SF_LAR,0,0,0,0,0,0,0,0,1,3,9,0,2025,Marquez Valdes-Scantling,SF,1.9
3051738,2025_06_SF_TB,0,0,0,0,0,0,0,0,2,3,22,0,2025,Marquez Valdes-Scantling,SF,4.2
3051738,2025_14_PIT_BAL,0,0,0,0,0,0,0,0,0,1,0,0,2025,Marquez Valdes-Scantling,PIT,0.0
3051738,2025_15_MIA_PIT,0,0,0,0,0,0,0,0,1,1,19,1,2025,Marquez Valdes-Scantling,PIT,8.9
3051738,2025_16_PIT_DET,0,0,0,0,0,0,0,0,1,3,6,0,2025,Marquez Valdes-Scantling,PIT,1.6
3051738,2025_17_PIT_CLE,0,0,0,0,0,0,0,0,3,9,21,0,2025,Marquez Valdes-Scantling,PIT,5.1
3051738,2025_18_BAL_PIT,0,0,0,0,0,0,0,0,5,7,34,0,2025,Marquez Valdes-Scantling,PIT,8.4
4432708,2024_01_ARI_BUF,0,0,0,0,0,0,0,0,1,3,4,0,2024,Marvin Harrison Jr.,ARI,1.4
4432708,2024_02_LAR_ARI,0,0,0,0,0,0,0,0,4,8,130,2,2024,Marvin Harrison Jr.,ARI,29.0
4432708,2024_03_DET_ARI,0,0,0,0,0,0,0,0,5,11,64,1,2024,Marvin Harrison Jr.,ARI,17.4
4432708,2024_04_WSH_ARI,0,0,0,0,0,0,0,0,5,6,45,1,2024,Marvin Harrison Jr.,ARI,15.5
4432708,2024_05_ARI_SF,0,0,0,0,0,0,0,0,2,7,36,0,2024,Marvin Harrison Jr.,ARI,5.6
4432708,2024_06_ARI_GB,0,0,0,0,0,0,0,0,0,2,0,0,2024,Marvin Harrison Jr.,ARI,0.0
4432708,2024_07_LAC_ARI,0,0,0,0,0,0,0,0,3,6,21,0,2024,Marvin Harrison Jr.,ARI,5.1
4432708,2024_08_ARI_MIA,0,0,0,0,0,0,0,0,6,7,111,1,2024,Marvin Harrison Jr.,ARI,23.1
4432708,2024_09_CHI_ARI,0,0,0,0,0,0,0,0,2,5,34,0,2024,Marvin Harrison Jr.,ARI,5.4
4432708,2024_10_NYJ_ARI,0,0,0,0,0,0,0,0,5,5,54,1,2024,Marvin Harrison Jr.,ARI,16.4
4432708,2024_12_ARI_SEA,0,0,0,0,0,0,0,0,3,6,47,0,2024,Marvin Harrison Jr.,ARI,7.7
4432708,2024_13_ARI_MIN,0,0,0,0,0,0,0,0,5,12,60,1,2024,Marvin Harrison Jr.,ARI,17.0
4432708,2024_14_SEA_ARI,0,0,0,0,0,0,0,0,4,8,49,0,2024,Marvin Harrison Jr.,ARI,8.9
4432708,2024_15_NE_ARI,0,0,0,0,0,0,0,0,2,6,32,0,2024,Marvin Harrison Jr.,ARI,5.2
4432708,2024_16_ARI_CAR,0,0,0,0,0,0,0,0,4,8,39,0,2024,Marvin Harrison Jr.,ARI,7.9
4432708,2024_17_ARI_LAR,0,0,0,0,0,0,0,0,6,10,96,0,2024,Marvin Harrison Jr.,ARI,15.6
4432708,2024_18_SF_ARI,0,0,0,0,0,0,0,0,5,6,63,1,2024,Marvin Harrison Jr.,ARI,17.3
4432708,2025_01_ARI_NO,0,0,0,0,0,0,0,0,5,6,71,1,2025,Marvin Harrison Jr.,ARI,18.1
4432708,2025_02_CAR_ARI,0,0,0,0,0,0,0,0,2,5,27,0,2025,Marvin Harrison Jr.,ARI,4.7
4432708,2025_03_ARI_SF,0,0,0,0,0,0,0,0,3,6,44,0,2025,Marvin Harrison Jr.,ARI,7.4
4432708,2025_04_SEA_ARI,0,0,0,0,0,0,0,0,6,10,66,1,2025,Marvin Harrison Jr.,ARI,18.6
4432708,2025_05_TEN_ARI,0,0,0,0,0,0,0,0,4,5,98,0,2025,Marvin Harrison Jr.,ARI,13.8
4432708,2025_06_ARI_IND,0,0,0,0,0,0,0,0,2,2,32,0,2025,Marvin Harrison Jr.,ARI,5.2
4432708,2025_07_GB_ARI,0,0,0,0,0,0,0,0,2,6,58,0,2025,Marvin Harrison Jr.,ARI,7.8
4432708,2025_09_ARI_DAL,0,0,0,0,0,0,0,0,7,10,96,1,2025,Marvin Harrison Jr.,ARI,22.6
4432708,2025_10_ARI_SEA,0,0,0,0,0,0,0,0,3,12,33,1,2025,Marvin Harrison Jr.,ARI,12.3
4432708,2025_13_ARI_TB,0,0,0,0,0,0,0,0,6,7,69,0,2025,Marvin Harrison Jr.,ARI,12.9
4432708,2025_16_ATL_ARI,0,0,0,0,0,0,0,0,1,3,14,0,2025,Marvin Harrison Jr.,ARI,2.4
4432708,2025_17_ARI_CIN,0,0,0,0,0,0,0,0,0,1,0,0,2025,Marvin Harrison Jr.,ARI,0.0
4686472,2024_01_DEN_SEA,0,0,0,0,0,0,0,0,0,1,0,0,2024,Marvin Mims Jr.,DEN,0.0
4686472,2024_02_PIT_DEN,0,0,0,0,0,0,0,0,1,2,10,0,2024,Marvin Mims Jr.,DEN,2.0
4686472,2024_03_DEN_TB,0,0,0,0,0,0,0,0,1,1,9,0,2024,Marvin Mims Jr.,DEN,1.9
4686472,2024_05_LV_DEN,0,0,0,0,0,1,17,0,1,1,7,0,2024,Marvin Mims Jr.,DEN,3.4
4686472,2024_06_LAC_DEN,0,0,0,0,0,0,0,0,0,3,0,0,2024,Marvin Mims Jr.,DEN,0.0
4686472,2024_07_DEN_NO,0,0,0,0,0,0,0,0,2,3,18,0,2024,Marvin Mims Jr.,DEN,3.8
4686472,2024_08_CAR_DEN,0,0,0,0,0,0,0,0,1,2,8,0,2024,Marvin Mims Jr.,DEN,1.8
4686472,2024_09_DEN_BAL,0,0,0,0,0,0,0,0,1,2,4,0,2024,Marvin Mims Jr.,DEN,1.4
4686472,2024_10_DEN_KC,0,0,0,0,0,3,17,0,4,4,13,0,2024,Marvin Mims Jr.,DEN,7.0
4686472,2024_11_ATL_DEN,0,0,0,0,0,3,4,0,2,2,49,1,2024,Marvin Mims Jr.,DEN,13.3
4686472,2024_12_DEN_LV,0,0,0,0,0,2,-2,0,3,5,44,0,2024,Marvin Mims Jr.,DEN,7.2
4686472,2024_13_CLE_DEN,0,0,0,0,0,1,4,0,3,4,105,1,2024,Marvin Mims Jr.,DEN,19.9
4686472,2024_15_IND_DEN,0,0,0,0,0,1,0,0,4,4,20,0,2024,Marvin Mims Jr.,DEN,6.0
4686472,2024_16_DEN_LAC,0,0,0,0,0,1,3,0,3,5,62,0,2024,Marvin Mims Jr.,DEN,9.5
4686472,2024_17_DEN_CIN,0,0,0,0,0,1,-1,0,8,8,103,2,2024,Marvin Mims Jr.,DEN,30.2
4686472,2024_18_KC_DEN,0,0,0,0,0,0,0,0,5,5,51,2,2024,Marvin Mims Jr.,DEN,22.1
4686472,2025_01_TEN_DEN,0,0,0,0,0,0,0,0,3,4,12,0,2025,Marvin Mims Jr.,DEN,4.2
4686472,2025_02_DEN_IND,0,0,0,0,0,0,0,0,2,2,24,1,2025,Marvin Mims Jr.,DEN,10.4
4686472,2025_03_DEN_LAC,0,0,0,0,0,0,0,0,1,4,4,0,2025,Marvin Mims Jr.,DEN,1.4
4686472,2025_04_CIN_DEN,0,0,0,0,0,1,16,1,6,6,69,0,2025,Marvin Mims Jr.,DEN,20.5
4686472,2025_05_DEN_PHI,0,0,0,0,0,1,9,0,2,5,10,0,2025,Marvin Mims Jr.,DEN,3.9
4686472,2025_06_DEN_NYJ,0,0,0,0,0,1,-2,0,2,3,30,0,2025,Marvin Mims Jr.,DEN,4.8
4686472,2025_07_NYG_DEN,0,0,0,0,0,1,13,0,6,7,85,0,2025,Marvin Mims Jr.,DEN,15.8
4686472,2025_08_DAL_DEN,0,0,0,0,0,3,18,0,0,1,0,0,2025,Marvin Mims Jr.,DEN,1.8
4686472,2025_13_DEN_WSH,0,0,0,0,0,1,9,0,2,2,8,0,2025,Marvin Mims Jr.,DEN,3.7
4686472,2025_14_DEN_LV,0,0,0,0,0,1,2,0,1,1,5,0,2025,Marvin Mims Jr.,DEN,1.7
4686472,2025_15_GB_DEN,0,0,0,0,0,1,8,0,4,6,29,0,2025,Marvin Mims Jr.,DEN,7.7
4686472,2025_16_JAX_DEN,0,0,0,0,0,1,3,0,3,3,26,0,2025,Marvin Mims Jr.,DEN,5.9
4686472,2025_17_DEN_KC,0,0,0,0,0,0,0,0,3,4,10,0,2025,Marvin Mims Jr.,DEN,4.0
4686472,2025_18_LAC_DEN,0,0,0,0,0,0,0,0,2,3,10,0,2025,Marvin Mims Jr.,DEN,3.0
4057082,2024_15_CIN_TEN,0,0,0,0,0,0,0,0,1,1,11,0,2024,Mason Kinsey,TEN,2.1
4057082,2024_16_TEN_IND,0,0,0,0,0,0,0,0,1,1,6,0,2024,Mason Kinsey,TEN,1.6
4057082,2025_11_HOU_TEN,0,0,0,0,0,0,0,0,1,3,14,0,2025,Mason Kinsey,TEN,2.4
4057082,2025_17_NO_TEN,0,0,0,0,0,0,0,0,1,1,34,0,2025,Mason Kinsey,TEN,4.4
3116407,2024_04_TEN_MIA,9,17,85,0,0,0,0,0,0,0,0,0,2024,Mason Rudolph,TEN,3.4
3116407,2024_07_TEN_BUF,25,40,215,1,1,5,13,0,0,0,0,0,2024,Mason Rudolph,TEN,12.9
3116407,2024_08_TEN_DET,22,38,266,1,2,4,29,1,0,0,0,0,2024,Mason Rudolph,TEN,21.54
3116407,2024_09_NE_TEN,20,33,240,2,1,4,19,0,0,0,0,0,2024,Mason Rudolph,TEN,18.5
3116407,2024_15_CIN_TEN,21,26,209,2,1,2,14,0,0,0,0,0,2024,Mason Rudolph,TEN,16.76
3116407,2024_16_TEN_IND,23,34,252,2,3,4,3,0,0,0,0,0,2024,Mason Rudolph,TEN,15.38
3116407,2024_17_TEN_JAX,19,31,193,1,1,5,23,0,0,0,0,0,2024,Mason Rudolph,TEN,13.02
3116407,2024_18_HOU_TEN,7,9,70,0,0,1,5,0,0,0,0,0,2024,Mason Rudolph,TEN,3.3
3116407,2025_06_CLE_PIT,0,0,0,0,0,3,0,0,0,0,0,0,2025,Mason Rudolph,PIT,0.0
3116407,2025_11_CIN_PIT,12,16,127,1,0,1,-1,0,0,0,0,0,2025,Mason Rudolph,PIT,8.98
3116407,2025_12_PIT_CHI,24,31,171,1,1,3,7,0,0,0,0,0,2025,Mason Rudolph,PIT,10.54
4808766,2025_01_PIT_NYJ,0,0,0,0,0,0,0,0,1,1,20,0,2025,Mason Taylor,NYJ,3.0
4808766,2025_02_BUF_NYJ,0,0,0,0,0,0,0,0,1,2,5,0,2025,Mason Taylor,NYJ,1.5
4808766,2025_03_NYJ_TB,0,0,0,0,0,0,0,0,4,6,18,0,2025,Mason Taylor,NYJ,5.8
4808766,2025_04_NYJ_MIA,0,0,0,0,0,0,0,0,5,7,65,0,2025,Mason Taylor,NYJ,11.5
4808766,2025_05_DAL_NYJ,0,0,0,0,0,0,0,0,9,12,67,0,2025,Mason Taylor,NYJ,15.7
4808766,2025_06_DEN_NYJ,0,0,0,0,0,0,0,0,1,1,2,0,2025,Mason Taylor,NYJ,1.2
4808766,2025_07_CAR_NYJ,0,0,0,0,0,0,0,0,3,5,31,0,2025,Mason Taylor,NYJ,6.1
4808766,2025_08_NYJ_CIN,0,0,0,0,0,0,0,0,5,8,34,1,2025,Mason Taylor,NYJ,14.4
4808766,2025_10_CLE_NYJ,0,0,0,0,0,0,0,0,1,2,4,0,2025,Mason Taylor,NYJ,1.4
4808766,2025_11_NYJ_NE,0,0,0,0,0,0,0,0,4,4,30,0,2025,Mason Taylor,NYJ,7.0
4808766,2025_12_NYJ_BAL,0,0,0,0,0,0,0,0,3,5,21,0,2025,Mason Taylor,NYJ,5.1
4808766,2025_13_ATL_NYJ,0,0,0,0,0,0,0,0,2,4,21,0,2025,Mason Taylor,NYJ,4.1
4808766,2025_14_MIA_NYJ,0,0,0,0,0,0,0,0,5,8,51,0,2025,Mason Taylor,NYJ,10.1
4573697,2024_01_CAR_NO,0,0,0,0,0,0,0,0,1,1,6,0,2024,Mason Tipton,NO,1.6
4573697,2024_03_PHI_NO,0,0,0,0,0,0,0,0,2,3,11,0,2024,Mason Tipton,NO,3.1
4573697,2024_04_NO_ATL,0,0,0,0,0,0,0,0,1,1,6,0,2024,Mason Tipton,NO,1.6
4573697,2024_05_NO_KC,0,0,0,0,0,0,0,0,1,4,2,0,2024,Mason Tipton,NO,1.2
4573697,2024_06_TB_NO,0,0,0,0,0,0,0,0,1,2,15,0,2024,Mason Tipton,NO,2.5
4573697,2024_07_DEN_NO,0,0,0,0,0,0,0,0,6,9,45,0,2024,Mason Tipton,NO,10.5
4573697,2024_08_NO_LAC,0,0,0,0,0,0,0,0,2,2,14,0,2024,Mason Tipton,NO,3.4
4573697,2024_09_NO_CAR,0,0,0,0,0,0,0,0,0,3,0,0,2024,Mason Tipton,NO,0.0
4573697,2024_16_NO_GB,0,0,0,0,0,0,0,0,0,1,0,0,2024,Mason Tipton,NO,0.0
4573697,2025_07_NO_CHI,0,0,0,0,0,0,0,0,0,1,0,0,2025,Mason Tipton,NO,0.0
4573697,2025_08_TB_NO,0,0,0,0,0,0,0,0,0,1,0,0,2025,Mason Tipton,NO,0.0
4573697,2025_12_ATL_NO,0,0,0,0,0,1,11,0,3,4,22,0,2025,Mason Tipton,NO,6.3
4573697,2025_13_NO_MIA,0,0,0,0,0,1,-1,0,3,4,20,0,2025,Mason Tipton,NO,4.9
4573697,2025_15_CAR_NO,0,0,0,0,0,1,-4,0,1,2,5,0,2025,Mason Tipton,NO,1.1
4573697,2025_16_NYJ_NO,0,0,0,0,0,1,12,0,4,5,29,0,2025,Mason Tipton,NO,8.1
4701936,2025_01_DET_GB,0,0,0,0,0,0,0,0,2,2,16,0,2025,Matthew Golden,GB,3.6
4701936,2025_02_WSH_GB,0,0,0,0,0,2,15,0,0,2,0,0,2025,Matthew Golden,GB,1.5
4701936,2025_03_GB_CLE,0,0,0,0,0,3,9,0,4,4,52,0,2025,Matthew Golden,GB,10.1
4701936,2025_04_GB_DAL,0,0,0,0,0,1,5,0,5,6,58,0,2025,Matthew Golden,GB,11.3
4701936,2025_06_CIN_GB,0,0,0,0,0,2,16,0,3,5,86,0,2025,Matthew Golden,GB,13.2
4701936,2025_07_GB_ARI,0,0,0,0,0,0,0,0,4,4,37,0,2025,Matthew Golden,GB,7.7
4701936,2025_08_GB_PIT,0,0,0,0,0,0,0,0,3,3,4,0,2025,Matthew Golden,GB,3.4
4701936,2025_09_CAR_GB,0,0,0,0,0,0,0,0,2,3,9,0,2025,Matthew Golden,GB,2.9
4701936,2025_11_GB_NYG,0,0,0,0,0,0,0,0,1,3,24,0,2025,Matthew Golden,GB,3.4
4701936,2025_14_CHI_GB,0,0,0,0,0,0,0,0,0,1,0,0,2025,Matthew Golden,GB,0.0
4701936,2025_15_GB_DEN,0,0,0,0,0,0,0,0,3,4,55,0,2025,Matthew Golden,GB,8.5
4701936,2025_16_GB_CHI,0,0,0,0,0,2,4,0,0,1,0,0,2025,Matthew Golden,GB,0.4
4701936,2025_17_BAL_GB,0,0,0,0,0,0,0,0,1,3,12,0,2025,Matthew Golden,GB,2.2
4701936,2025_18_GB_MIN,0,0,0,0,0,0,0,0,1,3,8,0,2025,Matthew Golden,GB,1.8
12483,2024_01_LAR_DET,34,49,317,1,1,0,0,0,0,0,0,0,2024,Matthew Stafford,LAR,15.68
12483,2024_02_LAR_ARI,19,27,216,0,0,0,0,0,0,0,0,0,2024,Matthew Stafford,LAR,8.64
12483,2024_03_SF_LAR,16,25,221,1,0,0,0,0,0,0,0,0,2024,Matthew Stafford,LAR,12.84
12483,2024_04_LAR_CHI,20,29,224,0,1,1,-1,0,0,0,0,0,2024,Matthew Stafford,LAR,7.86
12483,2024_05_GB_LAR,29,45,260,1,1,0,0,0,0,0,0,0,2024,Matthew Stafford,LAR,13.4
12483,2024_07_LV_LAR,14,23,154,0,1,2,-2,0,0,0,0,0,2024,Matthew Stafford,LAR,4.96
12483,2024_08_MIN_LAR,25,34,279,4,1,3,-4,0,0,0,0,0,2024,Matthew Stafford,LAR,25.76
12483,2024_09_LAR_SEA,25,44,298,2,1,1,0,0,0,0,0,0,2024,Matthew Stafford,LAR,18.92
12483,2024_10_MIA_LAR,32,46,293,0,1,1,0,0,0,0,0,0,2024,Matthew Stafford,LAR,10.72
12483,2024_11_LAR_NE,18,27,295,4,0,4,0,0,0,0,0,0,2024,Matthew Stafford,LAR,27.8
12483,2024_12_PHI_LAR,24,36,243,2,0,1,15,0,0,0,0,0,2024,Matthew Stafford,LAR,19.22
12483,2024_13_LAR_NO,14,24,183,2,0,4,3,0,0,0,0,0,2024,Matthew Stafford,LAR,15.62
12483,2024_14_BUF_LAR,23,30,320,2,0,0,0,0,0,0,0,0,2024,Matthew Stafford,LAR,20.8
12483,2024_15_LAR_SF,16,27,160,0,0,4,18,0,0,0,0,0,2024,Matthew Stafford,LAR,8.2
12483,2024_16_LAR_NYJ,14,19,110,1,1,3,-4,0,0,0,0,0,2024,Matthew Stafford,LAR,7.0
12483,2024_17_ARI_LAR,17,32,189,0,0,6,16,0,0,0,0,0,2024,Matthew Stafford,LAR,9.16
12483,2025_01_HOU_LAR,21,29,245,1,0,4,-2,0,0,0,0,0,2025,Matthew Stafford,LAR,13.6
12483,2025_02_LAR_TEN,23,33,298,2,1,2,-6,0,0,0,0,0,2025,Matthew Stafford,LAR,18.32
12483,2025_03_LAR_PHI,19,33,196,2,1,0,0,0,0,0,0,0,2025,Matthew Stafford,LAR,14.84
12483,2025_04_IND_LAR,29,41,375,3,0,4,4,0,0,0,0,0,2025,Matthew Stafford,LAR,27.4
12483,2025_05_SF_LAR,30,47,389,3,0,1,0,0,0,0,0,0,2025,Matthew Stafford,LAR,27.56
12483,2025_06_LAR_BAL,17,26,181,1,0,4,1,0,0,0,0,0,2025,Matthew Stafford,LAR,11.34
12483,2025_07_LAR_JAX,21,33,182,5,0,2,1,0,0,0,0,0,2025,Matthew Stafford,LAR,27.38
12483,2025_09_NO_LAR,24,32,281,4,0,4,-4,0,0,0,0,0,2025,Matthew Stafford,LAR,26.84
12483,2025_10_LAR_SF,24,36,280,4,0,3,-3,0,0,0,0,0,2025,Matthew Stafford,LAR,26.9
12483,2025_11_SEA_LAR,15,28,130,2,0,0,0,0,0,0,0,0,2025,Matthew Stafford,LAR,13.2
12483,2025_12_TB_LAR,25,35,273,3,0,0,0,0,0,0,0,0,2025,Matthew Stafford,LAR,22.92
12483,2025_13_LAR_CAR,18,28,243,2,2,1,-1,0,0,0,0,0,2025,Matthew Stafford,LAR,15.62
12483,2025_14_LAR_ARI,22,31,281,3,0,0,0,0,0,0,0,0,2025,Matthew Stafford,LAR,23.24
12483,2025_15_DET_LAR,24,38,368,2,1,1,2,0,0,0,0,0,2025,Matthew Stafford,LAR,21.92
12483,2025_16_LAR_SEA,29,49,457,3,0,2,6,0,0,0,0,0,2025,Matthew Stafford,LAR,30.88
12483,2025_17_LAR_ATL,22,38,269,2,3,0,0,0,0,0,0,0,2025,Matthew Stafford,LAR,15.76
12483,2025_18_ARI_LAR,25,40,259,4,0,1,3,0,0,0,0,0,2025,Matthew Stafford,LAR,26.66
4573398,2025_13_MIN_SEA,19,30,126,0,4,1,-1,0,0,0,0,0,2025,Max Brosmer,MIN,0.94
4573398,2025_16_MIN_NYG,7,9,52,0,0,3,-3,0,0,0,0,0,2025,Max Brosmer,MIN,1.78
4573398,2025_17_DET_MIN,9,16,51,0,0,2,16,0,0,0,0,0,2025,Max Brosmer,MIN,3.64
4573398,2025_18_GB_MIN,7,8,57,0,0,0,0,0,0,0,0,0,2025,Max Brosmer,MIN,2.28
4035004,2024_05_NO_KC,0,0,0,0,0,0,0,0,4,4,33,0,2024,Mecole Hardman Jr.,KC,7.3
4035004,2024_07_KC_SF,0,0,0,0,0,2,38,1,1,2,17,0,2024,Mecole Hardman Jr.,KC,12.5
4035004,2024_08_KC_LV,0,0,0,0,0,0,0,0,1,1,8,0,2024,Mecole Hardman Jr.,KC,1.8
4035004,2024_09_TB_KC,0,0,0,0,0,0,0,0,3,3,17,0,2024,Mecole Hardman Jr.,KC,4.7
4035004,2024_10_DEN_KC,0,0,0,0,0,0,0,0,1,1,3,0,2024,Mecole Hardman Jr.,KC,1.3
4035004,2024_11_KC_BUF,0,0,0,0,0,1,9,0,2,3,12,0,2024,Mecole Hardman Jr.,KC,4.1
4035004,2025_11_TB_BUF,0,0,0,0,0,0,0,0,0,1,0,0,2025,Mecole Hardman Jr.,BUF,0.0
4034704,2025_09_DEN_HOU,0,0,0,0,0,0,0,0,1,1,16,0,2025,Michael Bandy,DEN,2.6
4034704,2025_15_GB_DEN,0,0,0,0,0,0,0,0,1,1,20,1,2025,Michael Bandy,DEN,9.0
4034704,2025_17_DEN_KC,0,0,0,0,0,0,0,0,2,2,14,0,2025,Michael Bandy,DEN,3.4
2515270,2024_01_DEN_SEA,0,0,0,0,0,0,0,0,1,1,3,0,2024,Michael Burton,DEN,1.3
2515270,2024_02_PIT_DEN,0,0,0,0,0,0,0,0,1,1,1,0,2024,Michael Burton,DEN,1.1
2515270,2024_04_DEN_NYJ,0,0,0,0,0,0,0,0,1,1,3,0,2024,Michael Burton,DEN,1.3
2515270,2024_05_LV_DEN,0,0,0,0,0,0,0,0,1,1,5,0,2024,Michael Burton,DEN,1.5
2515270,2024_08_CAR_DEN,0,0,0,0,0,0,0,0,1,1,28,0,2024,Michael Burton,DEN,3.8
2515270,2024_11_ATL_DEN,0,0,0,0,0,2,2,0,1,1,-2,0,2024,Michael Burton,DEN,1.0
2515270,2024_12_DEN_LV,0,0,0,0,0,1,3,0,1,1,8,0,2024,Michael Burton,DEN,2.1
2515270,2024_16_DEN_LAC,0,0,0,0,0,0,0,0,3,3,19,1,2024,Michael Burton,DEN,10.9
4240657,2024_16_ARI_CAR,0,0,0,0,0,5,18,0,5,5,30,0,2024,Michael Carter,ARI,9.8
4240657,2024_17_ARI_LAR,0,0,0,0,0,13,70,0,2,2,11,0,2024,Michael Carter,ARI,10.1
4240657,2024_18_SF_ARI,0,0,0,0,0,17,43,1,4,4,16,0,2024,Michael Carter,ARI,15.9
4240657,2025_05_TEN_ARI,0,0,0,0,0,18,51,1,5,5,22,0,2025,Michael Carter,ARI,18.3
4240657,2025_06_ARI_IND,0,0,0,0,0,9,34,0,2,5,30,0,2025,Michael Carter,ARI,8.4
4240657,2025_07_GB_ARI,0,0,0,0,0,7,11,0,2,2,25,0,2025,Michael Carter,ARI,5.6
4240657,2025_10_ARI_SEA,0,0,0,0,0,3,4,0,0,0,0,0,2025,Michael Carter,ARI,0.4
4240657,2025_11_SF_ARI,0,0,0,0,0,2,6,0,5,7,22,0,2025,Michael Carter,ARI,7.8
4240657,2025_12_JAX_ARI,0,0,0,0,0,5,28,0,3,3,30,0,2025,Michael Carter,ARI,8.8
4240657,2025_13_ARI_TB,0,0,0,0,0,5,17,0,5,6,47,0,2025,Michael Carter,ARI,11.4
4240657,2025_14_LAR_ARI,0,0,0,0,0,3,13,0,2,4,18,0,2025,Michael Carter,ARI,5.1
4240657,2025_15_ARI_HOU,0,0,0,0,0,14,56,0,4,4,38,0,2025,Michael Carter,ARI,13.4
4240657,2025_16_ATL_ARI,0,0,0,0,0,11,65,0,0,2,0,0,2025,Michael Carter,ARI,6.5
4240657,2025_17_ARI_CIN,0,0,0,0,0,7,29,0,2,4,14,0,2025,Michael Carter,ARI,6.3
4240657,2025_18_ARI_LAR,0,0,0,0,0,7,18,0,3,3,21,0,2025,Michael Carter,ARI,6.9
4429086,2024_01_LV_LAC,0,0,0,0,0,0,0,0,2,3,3,0,2024,Michael Mayer,LV,2.3
4429086,2024_02_LV_BAL,0,0,0,0,0,0,0,0,1,1,11,0,2024,Michael Mayer,LV,2.1
4429086,2024_03_CAR_LV,0,0,0,0,0,0,0,0,1,3,7,0,2024,Michael Mayer,LV,1.7
4429086,2024_11_LV_MIA,0,0,0,0,0,0,0,0,1,3,5,0,2024,Michael Mayer,LV,1.5
4429086,2024_12_DEN_LV,0,0,0,0,0,0,0,0,2,2,11,0,2024,Michael Mayer,LV,3.1
4429086,2024_13_LV_KC,0,0,0,0,0,0,0,0,1,2,5,0,2024,Michael Mayer,LV,1.5
4429086,2024_14_LV_TB,0,0,0,0,0,0,0,0,7,9,68,0,2024,Michael Mayer,LV,13.8
4429086,2024_15_ATL_LV,0,0,0,0,0,0,0,0,1,2,11,0,2024,Michael Mayer,LV,2.1
4429086,2024_16_JAX_LV,0,0,0,0,0,0,0,0,0,1,0,0,2024,Michael Mayer,LV,0.0
4429086,2024_17_LV_NO,0,0,0,0,0,0,0,0,1,2,14,0,2024,Michael Mayer,LV,2.4
4429086,2024_18_LAC_LV,0,0,0,0,0,0,0,0,4,4,21,0,2024,Michael Mayer,LV,6.1
4429086,2025_01_LV_NE,0,0,0,0,0,0,0,0,4,4,38,0,2025,Michael Mayer,LV,7.8
4429086,2025_02_LAC_LV,0,0,0,0,0,0,0,0,2,2,9,0,2025,Michael Mayer,LV,2.9
4429086,2025_03_LV_WSH,0,0,0,0,0,0,0,0,0,1,0,0,2025,Michael Mayer,LV,0.0
4429086,2025_06_TEN_LV,0,0,0,0,0,0,0,0,5,7,50,1,2025,Michael Mayer,LV,16.0
4429086,2025_07_LV_KC,0,0,0,0,0,0,0,0,1,2,10,0,2025,Michael Mayer,LV,2.0
4429086,2025_09_JAX_LV,0,0,0,0,0,0,0,0,3,7,26,0,2025,Michael Mayer,LV,5.6
4429086,2025_10_LV_DEN,0,0,0,0,0,0,0,0,3,4,22,0,2025,Michael Mayer,LV,5.2
4429086,2025_11_DAL_LV,0,0,0,0,0,0,0,0,3,4,13,0,2025,Michael Mayer,LV,4.3
4429086,2025_12_CLE_LV,0,0,0,0,0,0,0,0,1,1,14,0,2025,Michael Mayer,LV,2.4
4429086,2025_16_LV_HOU,0,0,0,0,0,0,0,0,1,3,10,0,2025,Michael Mayer,LV,2.0
4429086,2025_17_NYG_LV,0,0,0,0,0,0,0,0,9,10,89,0,2025,Michael Mayer,LV,17.9
4429086,2025_18_KC_LV,0,0,0,0,0,0,0,0,3,5,47,0,2025,Michael Mayer,LV,7.7
4360423,2024_16_NYG_ATL,18,27,202,0,1,4,3,0,0,0,0,0,2024,Michael Penix Jr.,ATL,7.38
4360423,2024_17_ATL_WSH,19,35,223,1,1,2,3,0,0,0,0,0,2024,Michael Penix Jr.,ATL,12.22
4360423,2024_18_CAR_ATL,21,38,312,2,1,1,5,1,0,0,0,0,2024,Michael Penix Jr.,ATL,25.98
4360423,2025_01_TB_ATL,27,42,298,1,0,6,21,1,0,0,0,0,2025,Michael Penix Jr.,ATL,24.02
4360423,2025_02_ATL_MIN,13,21,135,0,0,1,-1,0,0,0,0,0,2025,Michael Penix Jr.,ATL,5.3
4360423,2025_03_ATL_CAR,18,36,172,0,2,2,9,0,0,0,0,0,2025,Michael Penix Jr.,ATL,5.78
4360423,2025_04_WSH_ATL,20,26,313,2,1,4,2,0,0,0,0,0,2025,Michael Penix Jr.,ATL,19.72
4360423,2025_06_BUF_ATL,20,32,250,1,0,2,6,0,0,0,0,0,2025,Michael Penix Jr.,ATL,14.6
4360423,2025_07_ATL_SF,21,38,241,1,0,2,6,0,0,0,0,0,2025,Michael Penix Jr.,ATL,14.24
4360423,2025_09_ATL_NE,22,37,221,3,0,2,19,0,0,0,0,0,2025,Michael Penix Jr.,ATL,22.74
4360423,2025_10_ATL_IND,12,28,177,1,0,1,-1,0,0,0,0,0,2025,Michael Penix Jr.,ATL,10.98
4360423,2025_11_CAR_ATL,13,16,175,0,0,1,9,0,0,0,0,0,2025,Michael Penix Jr.,ATL,7.9
4035687,2024_01_HOU_IND,0,0,0,0,0,0,0,0,4,8,31,0,2024,Michael Pittman Jr.,IND,7.1
4035687,2024_02_IND_GB,0,0,0,0,0,0,0,0,3,7,21,0,2024,Michael Pittman Jr.,IND,5.1
4035687,2024_03_CHI_IND,0,0,0,0,0,0,0,0,4,5,36,0,2024,Michael Pittman Jr.,IND,7.6
4035687,2024_04_PIT_IND,0,0,0,0,0,0,0,0,6,9,113,0,2024,Michael Pittman Jr.,IND,17.3
4035687,2024_05_IND_JAX,0,0,0,0,0,0,0,0,5,8,37,1,2024,Michael Pittman Jr.,IND,14.7
4035687,2024_06_IND_TEN,0,0,0,0,0,0,0,0,3,5,35,1,2024,Michael Pittman Jr.,IND,12.5
4035687,2024_07_MIA_IND,0,0,0,0,0,0,0,0,3,5,63,0,2024,Michael Pittman Jr.,IND,9.3
4035687,2024_08_IND_HOU,0,0,0,0,0,0,0,0,1,6,16,0,2024,Michael Pittman Jr.,IND,2.6
4035687,2024_09_IND_MIN,0,0,0,0,0,0,0,0,1,4,14,0,2024,Michael Pittman Jr.,IND,2.4
4035687,2024_11_IND_NYJ,0,0,0,0,0,0,0,0,5,8,46,0,2024,Michael Pittman Jr.,IND,9.6
4035687,2024_12_DET_IND,0,0,0,0,0,0,0,0,6,7,96,0,2024,Michael Pittman Jr.,IND,15.6
4035687,2024_13_IND_NE,0,0,0,0,0,0,0,0,5,7,42,0,2024,Michael Pittman Jr.,IND,9.2
4035687,2024_15_IND_DEN,0,0,0,0,0,0,0,0,6,9,58,0,2024,Michael Pittman Jr.,IND,11.8
4035687,2024_16_TEN_IND,0,0,0,0,0,0,0,0,2,3,19,0,2024,Michael Pittman Jr.,IND,3.9
4035687,2024_17_IND_NYG,0,0,0,0,0,0,0,0,9,10,109,1,2024,Michael Pittman Jr.,IND,25.9
4035687,2024_18_JAX_IND,0,0,0,0,0,0,0,0,6,10,72,0,2024,Michael Pittman Jr.,IND,13.2
4035687,2025_01_MIA_IND,0,0,0,0,0,0,0,0,6,8,80,1,2025,Michael Pittman Jr.,IND,20.0
4035687,2025_02_DEN_IND,0,0,0,0,0,0,0,0,4,5,40,0,2025,Michael Pittman Jr.,IND,8.0
4035687,2025_03_IND_TEN,0,0,0,0,0,0,0,0,6,6,73,1,2025,Michael Pittman Jr.,IND,19.3
4035687,2025_04_IND_LAR,0,0,0,0,0,0,0,0,5,10,41,1,2025,Michael Pittman Jr.,IND,15.1
4035687,2025_05_LV_IND,0,0,0,0,0,0,0,0,5,6,39,1,2025,Michael Pittman Jr.,IND,14.9
4035687,2025_06_ARI_IND,0,0,0,0,0,0,0,0,2,3,20,0,2025,Michael Pittman Jr.,IND,4.0
4035687,2025_07_IND_LAC,0,0,0,0,0,0,0,0,7,9,58,1,2025,Michael Pittman Jr.,IND,18.8
4035687,2025_08_TEN_IND,0,0,0,0,0,0,0,0,8,9,95,1,2025,Michael Pittman Jr.,IND,23.5
4035687,2025_09_IND_PIT,0,0,0,0,0,0,0,0,9,12,115,0,2025,Michael Pittman Jr.,IND,20.5
4035687,2025_10_ATL_IND,0,0,0,0,0,0,0,0,2,2,19,0,2025,Michael Pittman Jr.,IND,3.9
4035687,2025_12_IND_KC,0,0,0,0,0,0,0,0,5,8,27,1,2025,Michael Pittman Jr.,IND,13.7
4035687,2025_13_HOU_IND,0,0,0,0,0,0,0,0,1,4,13,0,2025,Michael Pittman Jr.,IND,2.3
4035687,2025_14_IND_JAX,0,0,0,0,0,0,0,0,9,12,79,0,2025,Michael Pittman Jr.,IND,16.9
4035687,2025_15_IND_SEA,0,0,0,0,0,0,0,0,3,5,26,0,2025,Michael Pittman Jr.,IND,5.6
4035687,2025_16_SF_IND,0,0,0,0,0,0,0,0,4,5,32,0,2025,Michael Pittman Jr.,IND,7.2
4035687,2025_17_JAX_IND,0,0,0,0,0,0,0,0,2,3,16,0,2025,Michael Pittman Jr.,IND,3.6
4035687,2025_18_IND_HOU,0,0,0,0,0,0,0,0,2,4,11,0,2025,Michael Pittman Jr.,IND,3.1
4360761,2024_01_ARI_BUF,0,0,0,0,0,0,0,0,1,2,5,1,2024,Michael Wilson,ARI,7.5
4360761,2024_02_LAR_ARI,0,0,0,0,0,0,0,0,2,2,31,0,2024,Michael Wilson,ARI,5.1
4360761,2024_03_DET_ARI,0,0,0,0,0,0,0,0,8,9,64,0,2024,Michael Wilson,ARI,14.4
4360761,2024_04_WSH_ARI,0,0,0,0,0,0,0,0,3,7,38,0,2024,Michael Wilson,ARI,6.8
4360761,2024_05_ARI_SF,0,0,0,0,0,0,0,0,5,6,78,0,2024,Michael Wilson,ARI,12.8
4360761,2024_06_ARI_GB,0,0,0,0,0,0,0,0,2,4,21,1,2024,Michael Wilson,ARI,10.1
4360761,2024_07_LAC_ARI,0,0,0,0,0,0,0,0,1,3,15,0,2024,Michael Wilson,ARI,2.5
4360761,2024_08_ARI_MIA,0,0,0,0,0,0,0,0,5,6,31,1,2024,Michael Wilson,ARI,14.1
4360761,2024_09_CHI_ARI,0,0,0,0,0,0,0,0,0,1,0,0,2024,Michael Wilson,ARI,0.0
4360761,2024_10_NYJ_ARI,0,0,0,0,0,0,0,0,3,4,24,0,2024,Michael Wilson,ARI,5.4
4360761,2024_12_ARI_SEA,0,0,0,0,0,0,0,0,2,4,54,0,2024,Michael Wilson,ARI,7.4
4360761,2024_13_ARI_MIN,0,0,0,0,0,0,0,0,5,7,55,0,2024,Michael Wilson,ARI,10.5
4360761,2024_14_SEA_ARI,0,0,0,0,0,0,0,0,2,3,57,1,2024,Michael Wilson,ARI,13.7
4360761,2024_15_NE_ARI,0,0,0,0,0,0,0,0,2,2,9,0,2024,Michael Wilson,ARI,2.9
4360761,2024_16_ARI_CAR,0,0,0,0,0,0,0,0,2,5,44,0,2024,Michael Wilson,ARI,6.4
4360761,2024_17_ARI_LAR,0,0,0,0,0,1,7,0,4,6,22,0,2024,Michael Wilson,ARI,6.9
4360761,2025_01_ARI_NO,0,0,0,0,0,0,0,0,1,4,5,0,2025,Michael Wilson,ARI,1.5
4360761,2025_02_CAR_ARI,0,0,0,0,0,0,0,0,1,2,11,1,2025,Michael Wilson,ARI,8.1
4360761,2025_03_ARI_SF,0,0,0,0,0,0,0,0,1,2,5,0,2025,Michael Wilson,ARI,1.5
4360761,2025_04_SEA_ARI,0,0,0,0,0,0,0,0,3,6,15,0,2025,Michael Wilson,ARI,4.5
4360761,2025_05_TEN_ARI,0,0,0,0,0,0,0,0,2,4,16,0,2025,Michael Wilson,ARI,3.6
4360761,2025_06_ARI_IND,0,0,0,0,0,0,0,0,4,5,44,0,2025,Michael Wilson,ARI,8.4
4360761,2025_07_GB_ARI,0,0,0,0,0,0,0,0,3,4,40,0,2025,Michael Wilson,ARI,7.0
4360761,2025_09_ARI_DAL,0,0,0,0,0,0,0,0,3,4,61,0,2025,Michael Wilson,ARI,9.1
4360761,2025_10_ARI_SEA,0,0,0,0,0,0,0,0,4,7,34,0,2025,Michael Wilson,ARI,7.4
4360761,2025_11_SF_ARI,0,0,0,0,0,0,0,0,15,18,185,0,2025,Michael Wilson,ARI,33.5
4360761,2025_12_JAX_ARI,0,0,0,0,0,0,0,0,10,15,118,0,2025,Michael Wilson,ARI,21.8
4360761,2025_13_ARI_TB,0,0,0,0,0,0,0,0,3,7,36,0,2025,Michael Wilson,ARI,6.6
4360761,2025_14_LAR_ARI,0,0,0,0,0,0,0,0,11,16,142,2,2025,Michael Wilson,ARI,37.2
4360761,2025_15_ARI_HOU,0,0,0,0,0,0,0,0,5,11,54,1,2025,Michael Wilson,ARI,16.4
4360761,2025_16_ATL_ARI,0,0,0,0,0,0,0,0,2,3,52,1,2025,Michael Wilson,ARI,13.2
4360761,2025_17_ARI_CIN,0,0,0,0,0,0,0,0,5,10,89,1,2025,Michael Wilson,ARI,19.9
4360761,2025_18_ARI_LAR,0,0,0,0,0,0,0,0,5,8,99,1,2025,Michael Wilson,ARI,20.9
4360174,2024_13_CLE_DEN,0,0,0,0,0,0,0,0,3,5,43,0,2024,Michael Woods II,CLE,7.3
4360174,2024_14_CLE_PIT,0,0,0,0,0,0,0,0,1,3,12,0,2024,Michael Woods II,CLE,2.2
4360174,2024_15_KC_CLE,0,0,0,0,0,0,0,0,2,3,7,0,2024,Michael Woods II,CLE,2.7
4360174,2024_16_CLE_CIN,0,0,0,0,0,0,0,0,0,3,0,0,2024,Michael Woods II,CLE,0.0
4360174,2024_17_MIA_CLE,0,0,0,0,0,0,0,0,1,3,3,0,2024,Michael Woods II,CLE,1.3
3139033,2024_01_CAR_NO,0,0,0,0,0,4,7,0,0,0,0,0,2024,Mike Boone,CAR,0.7
3139033,2024_17_CAR_TB,0,0,0,0,0,2,11,0,0,2,0,0,2024,Mike Boone,CAR,1.1
3139033,2024_18_CAR_ATL,0,0,0,0,0,4,18,0,1,1,-2,0,2024,Mike Boone,CAR,2.6
4043039,2024_11_KC_BUF,0,0,0,0,0,0,0,0,1,1,5,0,2024,Mike Caliendo,KC,1.5
16737,2024_01_WSH_TB,0,0,0,0,0,0,0,0,5,6,61,2,2024,Mike Evans,TB,23.1
16737,2024_02_TB_DET,0,0,0,0,0,0,0,0,3,6,42,0,2024,Mike Evans,TB,7.2
16737,2024_03_DEN_TB,0,0,0,0,0,0,0,0,2,3,17,0,2024,Mike Evans,TB,3.7
16737,2024_04_PHI_TB,0,0,0,0,0,0,0,0,8,14,94,1,2024,Mike Evans,TB,23.4
16737,2024_05_TB_ATL,0,0,0,0,0,0,0,0,5,7,62,2,2024,Mike Evans,TB,23.2
16737,2024_06_TB_NO,0,0,0,0,0,0,0,0,2,6,34,0,2024,Mike Evans,TB,5.4
16737,2024_07_BAL_TB,0,0,0,0,0,0,0,0,1,3,25,1,2024,Mike Evans,TB,9.5
16737,2024_12_TB_NYG,0,0,0,0,0,0,0,0,5,6,68,0,2024,Mike Evans,TB,11.8
16737,2024_13_TB_CAR,0,0,0,0,0,0,0,0,8,12,118,1,2024,Mike Evans,TB,25.8
16737,2024_14_LV_TB,0,0,0,0,0,0,0,0,4,5,69,0,2024,Mike Evans,TB,10.9
16737,2024_15_TB_LAC,0,0,0,0,0,0,0,0,9,11,159,2,2024,Mike Evans,TB,36.9
16737,2024_16_TB_DAL,0,0,0,0,0,0,0,0,5,8,69,0,2024,Mike Evans,TB,11.9
16737,2024_17_CAR_TB,0,0,0,0,0,0,0,0,8,9,97,2,2024,Mike Evans,TB,29.7
16737,2024_18_NO_TB,0,0,0,0,0,0,0,0,9,14,89,0,2024,Mike Evans,TB,17.9
16737,2025_01_TB_ATL,0,0,0,0,0,0,0,0,5,8,51,0,2025,Mike Evans,TB,10.1
16737,2025_02_TB_HOU,0,0,0,0,0,0,0,0,5,11,56,0,2025,Mike Evans,TB,10.6
16737,2025_03_NYJ_TB,0,0,0,0,0,0,0,0,4,8,33,1,2025,Mike Evans,TB,13.3
16737,2025_07_TB_DET,0,0,0,0,0,0,0,0,0,4,0,0,2025,Mike Evans,TB,0.0
16737,2025_15_ATL_TB,0,0,0,0,0,0,0,0,6,12,132,0,2025,Mike Evans,TB,19.2
16737,2025_16_TB_CAR,0,0,0,0,0,0,0,0,5,9,31,1,2025,Mike Evans,TB,14.1
16737,2025_17_TB_MIA,0,0,0,0,0,0,0,0,3,7,31,1,2025,Mike Evans,TB,12.1
16737,2025_18_CAR_TB,0,0,0,0,0,0,0,0,2,2,34,0,2025,Mike Evans,TB,5.4
3116164,2024_01_NE_CIN,0,0,0,0,0,0,0,0,3,4,18,0,2024,Mike Gesicki,CIN,4.8
3116164,2024_02_CIN_KC,0,0,0,0,0,0,0,0,7,9,91,0,2024,Mike Gesicki,CIN,16.1
3116164,2024_03_WSH_CIN,0,0,0,0,0,0,0,0,4,5,47,0,2024,Mike Gesicki,CIN,8.7
3116164,2024_04_CIN_CAR,0,0,0,0,0,0,0,0,1,1,-9,0,2024,Mike Gesicki,CIN,0.1
3116164,2024_05_BAL_CIN,0,0,0,0,0,0,0,0,2,2,31,0,2024,Mike Gesicki,CIN,5.1
3116164,2024_07_CIN_CLE,0,0,0,0,0,0,0,0,1,1,2,0,2024,Mike Gesicki,CIN,1.2
3116164,2024_08_PHI_CIN,0,0,0,0,0,0,0,0,7,8,73,0,2024,Mike Gesicki,CIN,14.3
3116164,2024_09_LV_CIN,0,0,0,0,0,0,0,0,5,6,100,2,2024,Mike Gesicki,CIN,27.0
3116164,2024_10_CIN_BAL,0,0,0,0,0,0,0,0,4,9,30,0,2024,Mike Gesicki,CIN,7.0
3116164,2024_11_CIN_LAC,0,0,0,0,0,0,0,0,0,2,0,0,2024,Mike Gesicki,CIN,0.0
3116164,2024_13_PIT_CIN,0,0,0,0,0,0,0,0,5,5,53,0,2024,Mike Gesicki,CIN,10.3
3116164,2024_14_CIN_DAL,0,0,0,0,0,0,0,0,3,3,24,0,2024,Mike Gesicki,CIN,5.4
3116164,2024_15_CIN_TEN,0,0,0,0,0,0,0,0,3,4,37,0,2024,Mike Gesicki,CIN,6.7
3116164,2024_16_CLE_CIN,0,0,0,0,0,0,0,0,2,2,14,0,2024,Mike Gesicki,CIN,3.4
3116164,2024_17_DEN_CIN,0,0,0,0,0,0,0,0,10,12,86,0,2024,Mike Gesicki,CIN,18.6
3116164,2024_18_CIN_PIT,0,0,0,0,0,0,0,0,8,10,68,0,2024,Mike Gesicki,CIN,14.8
3116164,2025_01_CIN_CLE,0,0,0,0,0,0,0,0,1,3,14,0,2025,Mike Gesicki,CIN,2.4
3116164,2025_02_JAX_CIN,0,0,0,0,0,0,0,0,3,4,18,0,2025,Mike Gesicki,CIN,4.8
3116164,2025_03_CIN_MIN,0,0,0,0,0,0,0,0,1,3,6,0,2025,Mike Gesicki,CIN,1.6
3116164,2025_04_CIN_DEN,0,0,0,0,0,0,0,0,1,1,8,0,2025,Mike Gesicki,CIN,1.8
3116164,2025_05_DET_CIN,0,0,0,0,0,0,0,0,2,5,15,0,2025,Mike Gesicki,CIN,3.5
3116164,2025_12_NE_CIN,0,0,0,0,0,0,0,0,4,6,35,0,2025,Mike Gesicki,CIN,7.5
3116164,2025_13_CIN_BAL,0,0,0,0,0,0,0,0,2,4,19,0,2025,Mike Gesicki,CIN,3.9
3116164,2025_14_CIN_BUF,0,0,0,0,0,0,0,0,6,6,86,1,2025,Mike Gesicki,CIN,20.6
3116164,2025_15_BAL_CIN,0,0,0,0,0,0,0,0,1,2,11,0,2025,Mike Gesicki,CIN,2.1
3116164,2025_16_CIN_MIA,0,0,0,0,0,0,0,0,3,4,35,1,2025,Mike Gesicki,CIN,12.5
3116164,2025_17_ARI_CIN,0,0,0,0,0,0,0,0,2,2,47,0,2025,Mike Gesicki,CIN,6.7
3116164,2025_18_CLE_CIN,0,0,0,0,0,0,0,0,2,2,13,0,2025,Mike Gesicki,CIN,3.3
3051381,2024_18_BUF_NE,3,11,28,0,0,0,0,0,0,0,0,0,2024,Mike White,BUF,1.12
3045138,2024_02_NYJ_TEN,0,0,0,0,0,0,0,0,1,1,19,0,2024,Mike Williams,NYJ,2.9
3045138,2024_03_NE_NYJ,0,0,0,0,0,0,0,0,3,4,34,0,2024,Mike Williams,NYJ,6.4
3045138,2024_04_DEN_NYJ,0,0,0,0,0,0,0,0,4,5,67,0,2024,Mike Williams,NYJ,10.7
3045138,2024_05_NYJ_MIN,0,0,0,0,0,0,0,0,2,4,25,0,2024,Mike Williams,NYJ,4.5
3045138,2024_06_BUF_NYJ,0,0,0,0,0,0,0,0,0,3,0,0,2024,Mike Williams,NYJ,0.0
3045138,2024_07_NYJ_PIT,0,0,0,0,0,0,0,0,1,2,15,0,2024,Mike Williams,NYJ,2.5
3045138,2024_09_HOU_NYJ,0,0,0,0,0,0,0,0,1,2,6,0,2024,Mike Williams,NYJ,1.6
3045138,2024_10_PIT_WSH,0,0,0,0,0,0,0,0,1,1,32,1,2024,Mike Williams,PIT,10.2
3045138,2024_14_CLE_PIT,0,0,0,0,0,0,0,0,3,4,36,0,2024,Mike Williams,PIT,6.6
3045138,2024_15_PIT_PHI,0,0,0,0,0,0,0,0,1,2,15,0,2024,Mike Williams,PIT,2.5
3045138,2024_16_PIT_BAL,0,0,0,0,0,0,0,0,3,3,24,0,2024,Mike Williams,PIT,5.4
3045138,2024_17_KC_PIT,0,0,0,0,0,0,0,0,0,2,0,0,2024,Mike Williams,PIT,0.0
3045138,2024_18_CIN_PIT,0,0,0,0,0,0,0,0,1,1,25,0,2024,Mike Williams,PIT,3.5
4045163,2024_01_CAR_NO,0,0,0,0,0,5,22,0,0,2,0,0,2024,Miles Sanders,CAR,2.2
4045163,2024_02_LAC_CAR,0,0,0,0,0,7,20,0,3,3,5,0,2024,Miles Sanders,CAR,5.5
4045163,2024_03_CAR_LV,0,0,0,0,0,7,17,1,2,2,13,0,2024,Miles Sanders,CAR,11.0
4045163,2024_04_CIN_CAR,0,0,0,0,0,6,32,0,3,4,14,0,2024,Miles Sanders,CAR,7.6
4045163,2024_05_CAR_CHI,0,0,0,0,0,2,6,0,2,3,27,0,2024,Miles Sanders,CAR,5.3
4045163,2024_06_ATL_CAR,0,0,0,0,0,3,1,0,1,1,12,0,2024,Miles Sanders,CAR,2.3
4045163,2024_07_CAR_WSH,0,0,0,0,0,3,34,0,1,2,-6,0,2024,Miles Sanders,CAR,3.8
4045163,2024_08_CAR_DEN,0,0,0,0,0,1,7,0,7,7,38,0,2024,Miles Sanders,CAR,11.5
4045163,2024_09_NO_CAR,0,0,0,0,0,2,-5,0,2,2,-5,0,2024,Miles Sanders,CAR,1.0
4045163,2024_18_CAR_ATL,0,0,0,0,0,17,66,1,3,4,50,1,2024,Miles Sanders,CAR,26.6
4045163,2025_01_DAL_PHI,0,0,0,0,0,4,53,0,1,1,-3,0,2025,Miles Sanders,DAL,6.0
4045163,2025_02_NYG_DAL,0,0,0,0,0,5,15,1,2,2,4,0,2025,Miles Sanders,DAL,9.9
4045163,2025_03_DAL_CHI,0,0,0,0,0,9,41,0,3,3,12,0,2025,Miles Sanders,DAL,8.3
4045163,2025_04_GB_DAL,0,0,0,0,0,2,8,0,2,2,17,0,2025,Miles Sanders,DAL,4.5
4683243,2025_02_CAR_ARI,0,0,0,0,0,0,0,0,1,1,9,0,2025,Mitchell Evans,CAR,1.9
4683243,2025_03_ATL_CAR,0,0,0,0,0,0,0,0,1,1,9,0,2025,Mitchell Evans,CAR,1.9
4683243,2025_04_CAR_NE,0,0,0,0,0,0,0,0,3,4,23,1,2025,Mitchell Evans,CAR,11.3
4683243,2025_05_MIA_CAR,0,0,0,0,0,0,0,0,1,1,4,1,2025,Mitchell Evans,CAR,7.4
4683243,2025_06_DAL_CAR,0,0,0,0,0,0,0,0,1,1,21,0,2025,Mitchell Evans,CAR,3.1
4683243,2025_07_CAR_NYJ,0,0,0,0,0,0,0,0,2,3,24,0,2025,Mitchell Evans,CAR,4.4
4683243,2025_10_NO_CAR,0,0,0,0,0,0,0,0,0,1,0,0,2025,Mitchell Evans,CAR,0.0
4683243,2025_11_CAR_ATL,0,0,0,0,0,0,0,0,2,2,28,0,2025,Mitchell Evans,CAR,4.8
4683243,2025_12_CAR_SF,0,0,0,0,0,0,0,0,0,1,0,0,2025,Mitchell Evans,CAR,0.0
4683243,2025_13_LAR_CAR,0,0,0,0,0,0,0,0,3,3,20,0,2025,Mitchell Evans,CAR,5.0
4683243,2025_16_TB_CAR,0,0,0,0,0,0,0,0,3,3,23,0,2025,Mitchell Evans,CAR,5.3
4683243,2025_17_SEA_CAR,0,0,0,0,0,1,1,0,1,2,5,0,2025,Mitchell Evans,CAR,1.6
4683243,2025_18_CAR_TB,0,0,0,0,0,0,0,0,1,2,5,0,2025,Mitchell Evans,CAR,1.5
4690070,2025_02_JAX_CIN,0,0,0,0,0,0,0,0,1,1,13,1,2025,Mitchell Tinsley,CIN,8.3
4690070,2025_03_CIN_MIN,0,0,0,0,0,0,0,0,0,1,0,0,2025,Mitchell Tinsley,CIN,0.0
4690070,2025_04_CIN_DEN,0,0,0,0,0,0,0,0,1,2,9,0,2025,Mitchell Tinsley,CIN,1.9
4690070,2025_09_CHI_CIN,0,0,0,0,0,0,0,0,1,2,27,0,2025,Mitchell Tinsley,CIN,3.7
4690070,2025_12_NE_CIN,0,0,0,0,0,0,0,0,2,6,29,1,2025,Mitchell Tinsley,CIN,10.9
4690070,2025_13_CIN_BAL,0,0,0,0,0,0,0,0,2,9,22,0,2025,Mitchell Tinsley,CIN,4.2
4690070,2025_15_BAL_CIN,0,0,0,0,0,0,0,0,1,2,16,0,2025,Mitchell Tinsley,CIN,2.6
4690070,2025_16_CIN_MIA,0,0,0,0,0,0,0,0,0,1,0,0,2025,Mitchell Tinsley,CIN,0.0
3039707,2024_03_JAX_BUF,1,1,3,0,0,1,-1,0,0,0,0,0,2024,Mitchell Trubisky,BUF,0.02
3039707,2024_08_BUF_SEA,0,0,0,0,0,3,-3,0,0,0,0,0,2024,Mitchell Trubisky,BUF,-0.3
3039707,2024_13_SF_BUF,1,1,4,0,0,4,-3,0,0,0,0,0,2024,Mitchell Trubisky,BUF,-0.14
3039707,2024_17_NYJ_BUF,1,1,69,1,0,2,-1,0,0,0,0,0,2024,Mitchell Trubisky,BUF,6.66
3039707,2024_18_BUF_NE,15,21,101,1,0,4,12,0,0,0,0,0,2024,Mitchell Trubisky,BUF,9.24
3039707,2025_02_BUF_NYJ,1,2,32,0,0,3,-3,0,0,0,0,0,2025,Mitchell Trubisky,BUF,0.98
3039707,2025_18_NYJ_BUF,22,29,259,4,0,5,5,0,0,0,0,0,2025,Mitchell Trubisky,BUF,26.86
2998565,2024_01_HOU_IND,0,0,0,0,0,0,0,0,0,1,0,0,2024,Mo Alie-Cox,IND,0.0
2998565,2024_02_IND_GB,0,0,0,0,0,0,0,0,1,1,22,0,2024,Mo Alie-Cox,IND,3.2
2998565,2024_03_CHI_IND,0,0,0,0,0,0,0,0,0,1,0,0,2024,Mo Alie-Cox,IND,0.0
2998565,2024_05_IND_JAX,0,0,0,0,0,0,0,0,2,4,37,1,2024,Mo Alie-Cox,IND,11.7
2998565,2024_06_IND_TEN,0,0,0,0,0,0,0,0,4,4,41,0,2024,Mo Alie-Cox,IND,8.1
2998565,2024_07_MIA_IND,0,0,0,0,0,0,0,0,0,1,0,0,2024,Mo Alie-Cox,IND,0.0
2998565,2024_08_IND_HOU,0,0,0,0,0,0,0,0,0,1,0,0,2024,Mo Alie-Cox,IND,0.0
2998565,2024_11_IND_NYJ,0,0,0,0,0,0,0,0,2,3,17,0,2024,Mo Alie-Cox,IND,3.7
2998565,2024_13_IND_NE,0,0,0,0,0,0,0,0,2,2,15,0,2024,Mo Alie-Cox,IND,3.5
2998565,2024_16_TEN_IND,0,0,0,0,0,0,0,0,1,2,15,0,2024,Mo Alie-Cox,IND,2.5
2998565,2024_17_IND_NYG,0,0,0,0,0,0,0,0,0,1,0,0,2024,Mo Alie-Cox,IND,0.0
2998565,2024_18_JAX_IND,0,0,0,0,0,0,0,0,0,1,0,0,2024,Mo Alie-Cox,IND,0.0
2998565,2025_01_MIA_IND,0,0,0,0,0,0,0,0,1,1,20,0,2025,Mo Alie-Cox,IND,3.0
2998565,2025_02_DEN_IND,0,0,0,0,0,0,0,0,1,1,8,0,2025,Mo Alie-Cox,IND,1.8
2998565,2025_06_ARI_IND,0,0,0,0,0,0,0,0,1,2,16,0,2025,Mo Alie-Cox,IND,2.6
2998565,2025_07_IND_LAC,0,0,0,0,0,0,0,0,1,2,6,0,2025,Mo Alie-Cox,IND,1.6
2998565,2025_09_IND_PIT,0,0,0,0,0,0,0,0,0,1,0,0,2025,Mo Alie-Cox,IND,0.0
2998565,2025_10_ATL_IND,0,0,0,0,0,0,0,0,0,1,0,0,2025,Mo Alie-Cox,IND,0.0
2998565,2025_12_IND_KC,0,0,0,0,0,0,0,0,1,1,9,0,2025,Mo Alie-Cox,IND,1.9
2998565,2025_14_IND_JAX,0,0,0,0,0,0,0,0,0,2,0,0,2025,Mo Alie-Cox,IND,0.0
2998565,2025_16_SF_IND,0,0,0,0,0,0,0,0,2,2,16,0,2025,Mo Alie-Cox,IND,3.6
2998565,2025_17_JAX_IND,0,0,0,0,0,0,0,0,3,3,20,1,2025,Mo Alie-Cox,IND,11.0
2998565,2025_18_IND_HOU,0,0,0,0,0,0,0,0,3,4,22,0,2025,Mo Alie-Cox,IND,5.2
4432731,2025_17_NO_TEN,0,0,0,0,0,0,0,0,2,2,10,0,2025,Moliki Matavao,NO,3.0
2508256,2024_01_PIT_ATL,0,0,0,0,0,0,0,0,1,2,9,0,2024,MyCole Pruitt,PIT,1.9
2508256,2024_08_NYG_PIT,0,0,0,0,0,0,0,0,1,1,10,0,2024,MyCole Pruitt,PIT,2.0
2508256,2024_10_PIT_WSH,0,0,0,0,0,0,0,0,0,1,0,0,2024,MyCole Pruitt,PIT,0.0
2508256,2024_13_PIT_CIN,0,0,0,0,0,0,0,0,2,3,21,0,2024,MyCole Pruitt,PIT,4.1
2508256,2024_14_CLE_PIT,0,0,0,0,0,0,0,0,1,1,-1,0,2024,MyCole Pruitt,PIT,0.9
2508256,2024_16_PIT_BAL,0,0,0,0,0,0,0,0,1,2,1,1,2024,MyCole Pruitt,PIT,7.1
3886818,2024_05_NYJ_MIN,0,0,0,0,0,2,2,0,1,1,11,0,2024,Myles Gaskin,MIN,2.3
3886818,2025_13_MIN_SEA,0,0,0,0,0,3,6,0,0,0,0,0,2025,Myles Gaskin,SEA,0.6
4241457,2024_01_PIT_ATL,0,0,0,0,0,20,70,0,1,2,9,0,2024,Najee Harris,PIT,8.9
4241457,2024_02_PIT_DEN,0,0,0,0,0,17,69,0,1,2,5,0,2024,Najee Harris,PIT,8.4
4241457,2024_03_LAC_PIT,0,0,0,0,0,18,70,0,5,5,16,0,2024,Najee Harris,PIT,13.6
4241457,2024_04_PIT_IND,0,0,0,0,0,13,19,0,3,6,54,0,2024,Najee Harris,PIT,10.3
4241457,2024_05_DAL_PIT,0,0,0,0,0,14,42,0,2,2,35,0,2024,Najee Harris,PIT,9.7
4241457,2024_06_PIT_LV,0,0,0,0,0,14,106,1,2,2,16,0,2024,Najee Harris,PIT,20.2
4241457,2024_07_NYJ_PIT,0,0,0,0,0,21,102,1,0,1,0,0,2024,Najee Harris,PIT,16.2
4241457,2024_08_NYG_PIT,0,0,0,0,0,19,114,0,3,4,17,0,2024,Najee Harris,PIT,16.1
4241457,2024_10_PIT_WSH,0,0,0,0,0,21,53,1,0,0,0,0,2024,Najee Harris,PIT,11.3
4241457,2024_11_BAL_PIT,0,0,0,0,0,18,63,0,4,5,30,0,2024,Najee Harris,PIT,13.3
4241457,2024_12_PIT_CLE,0,0,0,0,0,16,41,0,2,2,13,0,2024,Najee Harris,PIT,7.4
4241457,2024_13_PIT_CIN,0,0,0,0,0,16,75,1,6,6,54,0,2024,Najee Harris,PIT,24.9
4241457,2024_14_CLE_PIT,0,0,0,0,0,16,53,1,0,0,0,0,2024,Najee Harris,PIT,11.3
4241457,2024_15_PIT_PHI,0,0,0,0,0,6,14,0,1,1,7,0,2024,Najee Harris,PIT,3.1
4241457,2024_16_PIT_BAL,0,0,0,0,0,9,42,0,0,1,0,0,2024,Najee Harris,PIT,4.2
4241457,2024_17_KC_PIT,0,0,0,0,0,13,74,0,2,4,7,0,2024,Najee Harris,PIT,10.1
4241457,2024_18_CIN_PIT,0,0,0,0,0,12,36,1,4,5,20,0,2024,Najee Harris,PIT,15.6
4241457,2025_01_KC_LAC,0,0,0,0,0,1,5,0,1,1,5,0,2025,Najee Harris,LAC,2.0
4241457,2025_02_LAC_LV,0,0,0,0,0,8,28,0,2,2,20,0,2025,Najee Harris,LAC,6.8
4241457,2025_03_DEN_LAC,0,0,0,0,0,6,28,0,0,0,0,0,2025,Najee Harris,LAC,2.8
4383440,2024_02_PIT_DEN,0,0,0,0,0,0,0,0,0,1,0,0,2024,Nate Adkins,DEN,0.0
4383440,2024_03_DEN_TB,0,0,0,0,0,0,0,0,1,1,6,0,2024,Nate Adkins,DEN,1.6
4383440,2024_04_DEN_NYJ,0,0,0,0,0,0,0,0,1,1,0,0,2024,Nate Adkins,DEN,1.0
4383440,2024_05_LV_DEN,0,0,0,0,0,0,0,0,1,1,8,0,2024,Nate Adkins,DEN,1.8
4383440,2024_06_LAC_DEN,0,0,0,0,0,0,0,0,1,1,5,0,2024,Nate Adkins,DEN,1.5
4383440,2024_08_CAR_DEN,0,0,0,0,0,0,0,0,1,1,3,1,2024,Nate Adkins,DEN,7.3
4383440,2024_11_ATL_DEN,0,0,0,0,0,0,0,0,1,1,12,1,2024,Nate Adkins,DEN,8.2
4383440,2024_13_CLE_DEN,0,0,0,0,0,0,0,0,1,1,16,0,2024,Nate Adkins,DEN,2.6
4383440,2024_15_IND_DEN,0,0,0,0,0,0,0,0,1,1,15,1,2024,Nate Adkins,DEN,8.5
4383440,2024_16_DEN_LAC,0,0,0,0,0,0,0,0,2,2,18,0,2024,Nate Adkins,DEN,3.8
4383440,2024_17_DEN_CIN,0,0,0,0,0,0,0,0,1,1,7,0,2024,Nate Adkins,DEN,1.7
4383440,2024_18_KC_DEN,0,0,0,0,0,0,0,0,3,3,25,0,2024,Nate Adkins,DEN,5.5
4383440,2025_04_CIN_DEN,0,0,0,0,0,0,0,0,2,3,5,0,2025,Nate Adkins,DEN,2.5
4383440,2025_05_DEN_PHI,0,0,0,0,0,0,0,0,0,1,0,0,2025,Nate Adkins,DEN,0.0
4383440,2025_06_DEN_NYJ,0,0,0,0,0,0,0,0,2,2,23,1,2025,Nate Adkins,DEN,10.3
4383440,2025_07_NYG_DEN,0,0,0,0,0,0,0,0,2,3,20,0,2025,Nate Adkins,DEN,4.0
4383440,2025_08_DAL_DEN,0,0,0,0,0,0,0,0,0,1,0,0,2025,Nate Adkins,DEN,0.0
4383440,2025_16_JAX_DEN,0,0,0,0,0,0,0,0,0,1,0,0,2025,Nate Adkins,DEN,0.0
4605841,2025_03_ATL_CAR,0,0,0,0,0,7,46,0,0,0,0,0,2025,Nathan Carter,ATL,4.6
2971618,2024_01_BAL_KC,0,0,0,0,0,0,0,0,1,1,6,0,2024,Nelson Agholor,BAL,1.6
2971618,2024_02_LV_BAL,0,0,0,0,0,0,0,0,1,3,13,0,2024,Nelson Agholor,BAL,2.3
2971618,2024_03_BAL_DAL,0,0,0,0,0,0,0,0,1,1,56,0,2024,Nelson Agholor,BAL,6.6
2971618,2024_04_BUF_BAL,0,0,0,0,0,0,0,0,2,3,10,0,2024,Nelson Agholor,BAL,3.0
2971618,2024_05_BAL_CIN,0,0,0,0,0,0,0,0,1,4,4,0,2024,Nelson Agholor,BAL,1.4
2971618,2024_06_WSH_BAL,0,0,0,0,0,0,0,0,1,3,25,0,2024,Nelson Agholor,BAL,3.5
2971618,2024_07_BAL_TB,0,0,0,0,0,0,0,0,1,2,20,0,2024,Nelson Agholor,BAL,3.0
2971618,2024_08_BAL_CLE,0,0,0,0,0,0,0,0,3,5,36,1,2024,Nelson Agholor,BAL,12.6
2971618,2024_09_DEN_BAL,0,0,0,0,0,0,0,0,1,1,29,0,2024,Nelson Agholor,BAL,3.9
2971618,2024_10_CIN_BAL,0,0,0,0,0,0,0,0,1,2,6,1,2024,Nelson Agholor,BAL,7.6
2971618,2024_11_BAL_PIT,0,0,0,0,0,0,0,0,0,1,0,0,2024,Nelson Agholor,BAL,0.0
2971618,2024_13_PHI_BAL,0,0,0,0,0,0,0,0,0,2,0,0,2024,Nelson Agholor,BAL,0.0
2971618,2024_15_BAL_NYG,0,0,0,0,0,0,0,0,1,1,26,0,2024,Nelson Agholor,BAL,3.6
3128720,2024_07_CIN_CLE,0,0,0,0,0,11,22,1,1,3,10,0,2024,Nick Chubb,CLE,10.2
3128720,2024_08_BAL_CLE,0,0,0,0,0,16,52,0,0,2,0,0,2024,Nick Chubb,CLE,5.2
3128720,2024_09_LAC_CLE,0,0,0,0,0,15,39,0,1,1,-4,0,2024,Nick Chubb,CLE,4.5
3128720,2024_11_CLE_NO,0,0,0,0,0,11,50,0,0,0,0,0,2024,Nick Chubb,CLE,5.0
3128720,2024_12_PIT_CLE,0,0,0,0,0,20,59,2,1,1,1,0,2024,Nick Chubb,CLE,19.0
3128720,2024_13_CLE_DEN,0,0,0,0,0,9,21,0,2,2,24,1,2024,Nick Chubb,CLE,12.5
3128720,2024_14_CLE_PIT,0,0,0,0,0,11,48,0,0,1,0,0,2024,Nick Chubb,CLE,4.8
3128720,2024_15_KC_CLE,0,0,0,0,0,9,41,0,0,1,0,0,2024,Nick Chubb,CLE,4.1
3128720,2025_01_HOU_LAR,0,0,0,0,0,13,60,0,0,1,0,0,2025,Nick Chubb,HOU,6.0
3128720,2025_02_TB_HOU,0,0,0,0,0,12,43,1,2,2,29,0,2025,Nick Chubb,HOU,15.2
3128720,2025_03_HOU_JAX,0,0,0,0,0,9,38,0,3,4,2,0,2025,Nick Chubb,HOU,7.0
3128720,2025_04_TEN_HOU,0,0,0,0,0,13,47,0,2,2,15,0,2025,Nick Chubb,HOU,8.2
3128720,2025_05_HOU_BAL,0,0,0,0,0,11,61,1,0,1,0,0,2025,Nick Chubb,HOU,12.1
3128720,2025_07_HOU_SEA,0,0,0,0,0,5,16,0,1,3,-5,0,2025,Nick Chubb,HOU,2.1
3128720,2025_08_SF_HOU,0,0,0,0,0,17,56,0,2,2,13,0,2025,Nick Chubb,HOU,8.9
3128720,2025_09_DEN_HOU,0,0,0,0,0,11,34,0,0,0,0,0,2025,Nick Chubb,HOU,3.4
3128720,2025_10_JAX_HOU,0,0,0,0,0,5,47,0,1,1,5,0,2025,Nick Chubb,HOU,6.2
3128720,2025_11_HOU_TEN,0,0,0,0,0,3,17,0,0,2,0,0,2025,Nick Chubb,HOU,1.7
3128720,2025_12_BUF_HOU,0,0,0,0,0,6,16,0,1,1,-1,0,2025,Nick Chubb,HOU,2.5
3128720,2025_13_HOU_IND,0,0,0,0,0,9,34,1,0,0,0,0,2025,Nick Chubb,HOU,9.4
3128720,2025_16_LV_HOU,0,0,0,0,0,6,33,0,1,1,9,0,2025,Nick Chubb,HOU,5.2
4569547,2025_10_ARI_SEA,0,0,0,0,0,0,0,0,0,1,0,0,2025,Nick Kallerup,SEA,0.0
3059989,2025_13_JAX_TEN,0,0,0,0,0,3,-3,0,0,0,0,0,2025,Nick Mullens,JAX,-0.3
3059989,2025_14_IND_JAX,1,1,3,0,0,3,-1,0,0,0,0,0,2025,Nick Mullens,JAX,0.02
3059989,2025_15_NYJ_JAX,0,0,0,0,0,3,-2,0,0,0,0,0,2025,Nick Mullens,JAX,-0.2
3059989,2025_18_TEN_JAX,2,2,16,0,0,3,-2,0,0,0,0,0,2025,Nick Mullens,JAX,0.44
2576399,2024_01_TEN_CHI,0,0,0,0,0,0,0,0,2,2,11,0,2024,Nick Vannett,TEN,3.1
2576399,2024_03_GB_TEN,0,0,0,0,0,0,0,0,2,2,9,1,2024,Nick Vannett,TEN,8.9
2576399,2024_07_TEN_BUF,0,0,0,0,0,0,0,0,4,4,25,0,2024,Nick Vannett,TEN,6.5
2576399,2024_08_TEN_DET,0,0,0,0,0,0,0,0,0,1,0,0,2024,Nick Vannett,TEN,0.0
2576399,2024_09_NE_TEN,0,0,0,0,0,0,0,0,2,2,33,1,2024,Nick Vannett,TEN,11.3
2576399,2024_11_MIN_TEN,0,0,0,0,0,0,0,0,1,1,6,0,2024,Nick Vannett,TEN,1.6
2576399,2024_12_TEN_HOU,0,0,0,0,0,0,0,0,0,1,0,0,2024,Nick Vannett,TEN,0.0
2576399,2024_13_TEN_WSH,0,0,0,0,0,0,0,0,1,1,6,0,2024,Nick Vannett,TEN,1.6
2576399,2024_14_JAX_TEN,0,0,0,0,0,0,0,0,1,2,4,0,2024,Nick Vannett,TEN,1.4
2576399,2024_15_CIN_TEN,0,0,0,0,0,0,0,0,1,1,7,0,2024,Nick Vannett,TEN,1.7
2576399,2024_17_TEN_JAX,0,0,0,0,0,0,0,0,1,1,8,1,2024,Nick Vannett,TEN,7.8
2576399,2024_18_HOU_TEN,0,0,0,0,0,0,0,0,2,2,26,0,2024,Nick Vannett,TEN,4.6
3929785,2024_06_IND_TEN,0,0,0,0,0,0,0,0,1,2,9,1,2024,Nick Westbrook-Ikhine,TEN,7.9
3929785,2024_07_TEN_BUF,0,0,0,0,0,0,0,0,2,4,10,1,2024,Nick Westbrook-Ikhine,TEN,9.0
3929785,2024_08_TEN_DET,0,0,0,0,0,0,0,0,2,4,39,1,2024,Nick Westbrook-Ikhine,TEN,11.9
3929785,2024_09_NE_TEN,0,0,0,0,0,0,0,0,5,6,50,1,2024,Nick Westbrook-Ikhine,TEN,16.0
3929785,2024_10_TEN_LAC,0,0,0,0,0,0,0,0,3,3,31,0,2024,Nick Westbrook-Ikhine,TEN,6.1
3929785,2024_11_MIN_TEN,0,0,0,0,0,0,0,0,2,6,117,1,2024,Nick Westbrook-Ikhine,TEN,19.7
3929785,2024_12_TEN_HOU,0,0,0,0,0,0,0,0,2,5,48,1,2024,Nick Westbrook-Ikhine,TEN,12.8
3929785,2024_13_TEN_WSH,0,0,0,0,0,0,0,0,3,8,61,2,2024,Nick Westbrook-Ikhine,TEN,21.1
3929785,2024_14_JAX_TEN,0,0,0,0,0,0,0,0,1,2,19,0,2024,Nick Westbrook-Ikhine,TEN,2.9
3929785,2024_15_CIN_TEN,0,0,0,0,0,0,0,0,2,3,9,0,2024,Nick Westbrook-Ikhine,TEN,2.9
3929785,2024_16_TEN_IND,0,0,0,0,0,0,0,0,2,4,17,1,2024,Nick Westbrook-Ikhine,TEN,9.7
3929785,2024_17_TEN_JAX,0,0,0,0,0,0,0,0,3,6,37,0,2024,Nick Westbrook-Ikhine,TEN,6.7
3929785,2024_18_HOU_TEN,0,0,0,0,0,0,0,0,4,7,50,0,2024,Nick Westbrook-Ikhine,TEN,9.0
3929785,2025_01_MIA_IND,0,0,0,0,0,0,0,0,1,2,7,0,2025,Nick Westbrook-Ikhine,MIA,1.7
3929785,2025_02_NE_MIA,0,0,0,0,0,0,0,0,2,3,18,0,2025,Nick Westbrook-Ikhine,MIA,3.8
3929785,2025_04_NYJ_MIA,0,0,0,0,0,0,0,0,1,1,1,0,2025,Nick Westbrook-Ikhine,MIA,1.1
3929785,2025_06_LAC_MIA,0,0,0,0,0,0,0,0,0,1,0,0,2025,Nick Westbrook-Ikhine,MIA,0.0
3929785,2025_07_MIA_CLE,0,0,0,0,0,0,0,0,3,4,16,0,2025,Nick Westbrook-Ikhine,MIA,4.6
3929785,2025_08_MIA_ATL,0,0,0,0,0,0,0,0,1,3,18,0,2025,Nick Westbrook-Ikhine,MIA,2.8
3929785,2025_09_BAL_MIA,0,0,0,0,0,0,0,0,2,4,22,0,2025,Nick Westbrook-Ikhine,MIA,4.2
3929785,2025_10_BUF_MIA,0,0,0,0,0,0,0,0,1,1,7,0,2025,Nick Westbrook-Ikhine,MIA,1.7
3929785,2025_15_MIA_PIT,0,0,0,0,0,0,0,0,0,1,0,0,2025,Nick Westbrook-Ikhine,MIA,0.0
4258173,2024_01_HOU_IND,0,0,0,0,0,0,0,0,6,8,117,0,2024,Nico Collins,HOU,17.7
4258173,2024_02_CHI_HOU,0,0,0,0,0,0,0,0,8,10,135,1,2024,Nico Collins,HOU,27.5
4258173,2024_03_HOU_MIN,0,0,0,0,0,0,0,0,4,10,86,0,2024,Nico Collins,HOU,12.6
4258173,2024_04_JAX_HOU,0,0,0,0,0,0,0,0,12,15,151,1,2024,Nico Collins,HOU,33.1
4258173,2024_05_BUF_HOU,0,0,0,0,0,0,0,0,2,2,78,1,2024,Nico Collins,HOU,15.8
4258173,2024_11_HOU_DAL,0,0,0,0,0,0,0,0,4,7,54,0,2024,Nico Collins,HOU,9.4
4258173,2024_12_TEN_HOU,0,0,0,0,0,0,0,0,5,9,92,1,2024,Nico Collins,HOU,20.2
4258173,2024_13_HOU_JAX,0,0,0,0,0,0,0,0,8,11,119,0,2024,Nico Collins,HOU,19.9
4258173,2024_15_MIA_HOU,0,0,0,0,0,0,0,0,4,6,17,2,2024,Nico Collins,HOU,17.7
4258173,2024_16_HOU_KC,0,0,0,0,0,0,0,0,7,10,60,0,2024,Nico Collins,HOU,13.0
4258173,2024_17_BAL_HOU,0,0,0,0,0,0,0,0,3,6,59,0,2024,Nico Collins,HOU,8.9
4258173,2024_18_HOU_TEN,0,0,0,0,0,0,0,0,5,5,38,1,2024,Nico Collins,HOU,14.8
4258173,2025_01_HOU_LAR,0,0,0,0,0,0,0,0,3,5,25,0,2025,Nico Collins,HOU,5.5
4258173,2025_02_TB_HOU,0,0,0,0,0,0,0,0,3,9,52,1,2025,Nico Collins,HOU,14.2
4258173,2025_03_HOU_JAX,0,0,0,0,0,0,0,0,8,11,104,1,2025,Nico Collins,HOU,24.4
4258173,2025_04_TEN_HOU,0,0,0,0,0,0,0,0,4,6,79,0,2025,Nico Collins,HOU,11.9
4258173,2025_05_HOU_BAL,0,0,0,0,0,1,8,0,4,5,52,1,2025,Nico Collins,HOU,16.0
4258173,2025_07_HOU_SEA,0,0,0,0,0,0,0,0,4,10,27,0,2025,Nico Collins,HOU,6.7
4258173,2025_09_DEN_HOU,0,0,0,0,0,0,0,0,7,11,75,0,2025,Nico Collins,HOU,14.5
4258173,2025_10_JAX_HOU,0,0,0,0,0,0,0,0,7,15,136,0,2025,Nico Collins,HOU,20.6
4258173,2025_11_HOU_TEN,0,0,0,0,0,0,0,0,9,10,92,1,2025,Nico Collins,HOU,24.2
4258173,2025_12_BUF_HOU,0,0,0,0,0,0,0,0,3,3,55,0,2025,Nico Collins,HOU,8.5
4258173,2025_13_HOU_IND,0,0,0,0,0,1,7,1,5,10,98,0,2025,Nico Collins,HOU,21.5
4258173,2025_14_HOU_KC,0,0,0,0,0,0,0,0,4,8,121,0,2025,Nico Collins,HOU,16.1
4258173,2025_15_ARI_HOU,0,0,0,0,0,0,0,0,3,4,85,2,2025,Nico Collins,HOU,23.5
4258173,2025_16_LV_HOU,0,0,0,0,0,0,0,0,4,9,59,0,2025,Nico Collins,HOU,9.9
4258173,2025_17_HOU_LAC,0,0,0,0,0,0,0,0,3,4,57,0,2025,Nico Collins,HOU,8.7
4372716,2024_18_KC_DEN,0,0,0,0,0,0,0,0,2,6,48,0,2024,Nikko Remigio,KC,6.8
4372716,2025_02_PHI_KC,0,0,0,0,0,0,0,0,1,1,21,0,2025,Nikko Remigio,KC,3.1
3121409,2024_02_NYG_WSH,0,0,0,0,0,0,0,0,3,3,56,0,2024,Noah Brown,WSH,8.6
3121409,2024_03_WSH_CIN,0,0,0,0,0,0,0,0,3,3,29,0,2024,Noah Brown,WSH,5.9
3121409,2024_04_WSH_ARI,0,0,0,0,0,0,0,0,3,4,26,0,2024,Noah Brown,WSH,5.6
3121409,2024_06_WSH_BAL,0,0,0,0,0,0,0,0,4,8,58,0,2024,Noah Brown,WSH,9.8
3121409,2024_07_CAR_WSH,0,0,0,0,0,0,0,0,1,1,16,0,2024,Noah Brown,WSH,2.6
3121409,2024_08_CHI_WSH,0,0,0,0,0,0,0,0,3,6,73,1,2024,Noah Brown,WSH,16.3
3121409,2024_09_WSH_NYG,0,0,0,0,0,0,0,0,5,6,60,0,2024,Noah Brown,WSH,11.0
3121409,2024_10_PIT_WSH,0,0,0,0,0,0,0,0,3,7,33,0,2024,Noah Brown,WSH,6.3
3121409,2024_11_WSH_PHI,0,0,0,0,0,0,0,0,1,4,4,0,2024,Noah Brown,WSH,1.4
3121409,2024_12_DAL_WSH,0,0,0,0,0,0,0,0,6,10,71,0,2024,Noah Brown,WSH,13.1
3121409,2024_13_TEN_WSH,0,0,0,0,0,0,0,0,3,4,27,0,2024,Noah Brown,WSH,5.7
3121409,2025_01_NYG_WSH,0,0,0,0,0,0,0,0,2,3,27,0,2025,Noah Brown,WSH,4.7
3121409,2025_02_WSH_GB,0,0,0,0,0,0,0,0,1,4,9,0,2025,Noah Brown,WSH,1.9
3121409,2025_14_WSH_MIN,0,0,0,0,0,0,0,0,1,2,19,0,2025,Noah Brown,WSH,2.9
3121409,2025_15_WSH_NYG,0,0,0,0,0,0,0,0,1,1,28,0,2025,Noah Brown,WSH,3.8
4036131,2024_01_DEN_SEA,0,0,0,0,0,0,0,0,2,4,11,0,2024,Noah Fant,SEA,3.1
4036131,2024_02_SEA_NE,0,0,0,0,0,0,0,0,1,3,14,0,2024,Noah Fant,SEA,2.4
4036131,2024_03_MIA_SEA,0,0,0,0,0,0,0,0,6,6,60,0,2024,Noah Fant,SEA,12.0
4036131,2024_04_SEA_DET,0,0,0,0,0,0,0,0,2,2,26,0,2024,Noah Fant,SEA,4.6
4036131,2024_05_NYG_SEA,0,0,0,0,0,0,0,0,3,3,24,0,2024,Noah Fant,SEA,5.4
4036131,2024_06_SF_SEA,0,0,0,0,0,0,0,0,6,6,63,0,2024,Noah Fant,SEA,12.3
4036131,2024_07_SEA_ATL,0,0,0,0,0,0,0,0,4,4,65,0,2024,Noah Fant,SEA,10.5
4036131,2024_08_BUF_SEA,0,0,0,0,0,0,0,0,3,4,22,0,2024,Noah Fant,SEA,5.2
4036131,2024_13_SEA_NYJ,0,0,0,0,0,0,0,0,3,4,26,0,2024,Noah Fant,SEA,5.6
4036131,2024_14_SEA_ARI,0,0,0,0,0,0,0,0,3,4,18,0,2024,Noah Fant,SEA,4.8
4036131,2024_15_GB_SEA,0,0,0,0,0,0,0,0,3,7,15,0,2024,Noah Fant,SEA,4.5
4036131,2024_16_MIN_SEA,0,0,0,0,0,0,0,0,3,6,50,0,2024,Noah Fant,SEA,8.0
4036131,2024_17_SEA_CHI,0,0,0,0,0,0,0,0,4,5,43,0,2024,Noah Fant,SEA,8.3
4036131,2024_18_SEA_LAR,0,0,0,0,0,0,0,0,5,6,63,1,2024,Noah Fant,SEA,17.3
4036131,2025_01_CIN_CLE,0,0,0,0,0,0,0,0,4,5,26,1,2025,Noah Fant,CIN,12.6
4036131,2025_02_JAX_CIN,0,0,0,0,0,0,0,0,3,4,28,0,2025,Noah Fant,CIN,5.8
4036131,2025_03_CIN_MIN,0,0,0,0,0,0,0,0,5,5,26,0,2025,Noah Fant,CIN,7.6
4036131,2025_06_CIN_GB,0,0,0,0,0,0,0,0,4,4,27,0,2025,Noah Fant,CIN,6.7
4036131,2025_07_PIT_CIN,0,0,0,0,0,0,0,0,4,4,44,1,2025,Noah Fant,CIN,14.4
4036131,2025_08_NYJ_CIN,0,0,0,0,0,0,0,0,3,3,41,0,2025,Noah Fant,CIN,7.1
4036131,2025_09_CHI_CIN,0,0,0,0,0,0,0,0,2,3,28,1,2025,Noah Fant,CIN,10.8
4036131,2025_11_CIN_PIT,0,0,0,0,0,0,0,0,5,6,36,0,2025,Noah Fant,CIN,8.6
4036131,2025_12_NE_CIN,0,0,0,0,0,0,0,0,1,1,9,0,2025,Noah Fant,CIN,1.9
4036131,2025_13_CIN_BAL,0,0,0,0,0,0,0,0,1,2,3,0,2025,Noah Fant,CIN,1.3
4036131,2025_14_CIN_BUF,0,0,0,0,0,0,0,0,1,2,15,0,2025,Noah Fant,CIN,2.5
4036131,2025_17_ARI_CIN,0,0,0,0,0,0,0,0,0,1,0,0,2025,Noah Fant,CIN,0.0
4036131,2025_18_CLE_CIN,0,0,0,0,0,0,0,0,1,1,5,0,2025,Noah Fant,CIN,1.5
4240472,2024_01_BAL_KC,0,0,0,0,0,0,0,0,3,3,37,0,2024,Noah Gray,KC,6.7
4240472,2024_03_KC_ATL,0,0,0,0,0,0,0,0,1,2,13,0,2024,Noah Gray,KC,2.3
4240472,2024_04_KC_LAC,0,0,0,0,0,0,0,0,4,4,40,0,2024,Noah Gray,KC,8.0
4240472,2024_05_NO_KC,0,0,0,0,0,0,0,0,2,2,29,0,2024,Noah Gray,KC,4.9
4240472,2024_07_KC_SF,0,0,0,0,0,0,0,0,4,4,66,0,2024,Noah Gray,KC,10.6
4240472,2024_08_KC_LV,0,0,0,0,0,0,0,0,3,3,23,0,2024,Noah Gray,KC,5.3
4240472,2024_09_TB_KC,0,0,0,0,0,0,0,0,0,1,0,0,2024,Noah Gray,KC,0.0
4240472,2024_10_DEN_KC,0,0,0,0,0,0,0,0,2,2,18,0,2024,Noah Gray,KC,3.8
4240472,2024_11_KC_BUF,0,0,0,0,0,0,0,0,4,5,23,2,2024,Noah Gray,KC,18.3
4240472,2024_12_KC_CAR,0,0,0,0,0,0,0,0,4,4,66,2,2024,Noah Gray,KC,22.6
4240472,2024_13_LV_KC,0,0,0,0,0,0,0,0,4,6,58,0,2024,Noah Gray,KC,9.8
4240472,2024_14_LAC_KC,0,0,0,0,0,0,0,0,4,5,26,0,2024,Noah Gray,KC,6.6
4240472,2024_15_KC_CLE,0,0,0,0,0,0,0,0,2,5,21,1,2024,Noah Gray,KC,10.1
4240472,2024_16_HOU_KC,0,0,0,0,0,0,0,0,1,1,10,0,2024,Noah Gray,KC,2.0
4240472,2024_17_KC_PIT,0,0,0,0,0,0,0,0,1,1,6,0,2024,Noah Gray,KC,1.6
4240472,2024_18_KC_DEN,0,0,0,0,0,1,-4,0,1,1,1,0,2024,Noah Gray,KC,0.7
4240472,2025_01_KC_LAC,0,0,0,0,0,0,0,0,1,1,3,0,2025,Noah Gray,KC,1.3
4240472,2025_02_PHI_KC,0,0,0,0,0,0,0,0,1,5,1,0,2025,Noah Gray,KC,1.1
4240472,2025_03_KC_NYG,0,0,0,0,0,0,0,0,3,6,17,0,2025,Noah Gray,KC,4.7
4240472,2025_04_BAL_KC,0,0,0,0,0,0,0,0,1,1,1,0,2025,Noah Gray,KC,1.1
4240472,2025_06_DET_KC,0,0,0,0,0,0,0,0,2,2,25,0,2025,Noah Gray,KC,4.5
4240472,2025_07_LV_KC,0,0,0,0,0,0,0,0,1,1,28,0,2025,Noah Gray,KC,3.8
4240472,2025_08_WSH_KC,0,0,0,0,0,0,0,0,2,4,23,0,2025,Noah Gray,KC,4.3
4240472,2025_09_KC_BUF,0,0,0,0,0,0,0,0,0,1,0,0,2025,Noah Gray,KC,0.0
4240472,2025_11_KC_DEN,0,0,0,0,0,0,0,0,2,3,9,0,2025,Noah Gray,KC,2.9
4240472,2025_12_IND_KC,0,0,0,0,0,0,0,0,3,4,25,0,2025,Noah Gray,KC,5.5
4240472,2025_14_HOU_KC,0,0,0,0,0,0,0,0,1,3,14,0,2025,Noah Gray,KC,2.4
4240472,2025_17_DEN_KC,0,0,0,0,0,0,0,0,1,1,2,0,2025,Noah Gray,KC,1.2
4240472,2025_18_KC_LV,0,0,0,0,0,0,0,0,3,5,30,0,2025,Noah Gray,KC,6.0
16733,2024_05_MIA_NE,0,0,0,0,0,0,0,0,0,1,0,0,2024,Odell Beckham Jr.,MIA,0.0
16733,2024_07_MIA_IND,0,0,0,0,0,0,0,0,0,2,0,0,2024,Odell Beckham Jr.,MIA,0.0
16733,2024_09_MIA_BUF,0,0,0,0,0,0,0,0,3,3,15,0,2024,Odell Beckham Jr.,MIA,4.5
16733,2024_10_MIA_LAR,0,0,0,0,0,0,0,0,2,2,17,0,2024,Odell Beckham Jr.,MIA,3.7
16733,2024_11_LV_MIA,0,0,0,0,0,0,0,0,2,4,13,0,2024,Odell Beckham Jr.,MIA,3.3
16733,2024_12_NE_MIA,0,0,0,0,0,0,0,0,0,3,0,0,2024,Odell Beckham Jr.,MIA,0.0
16733,2024_13_MIA_GB,0,0,0,0,0,0,0,0,1,2,9,0,2024,Odell Beckham Jr.,MIA,1.9
16733,2024_14_NYJ_MIA,0,0,0,0,0,0,0,0,1,1,1,0,2024,Odell Beckham Jr.,MIA,1.1
3917914,2024_01_WSH_TB,0,0,0,0,0,0,0,0,1,3,15,0,2024,Olamide Zaccheaus,WSH,2.5
3917914,2024_02_NYG_WSH,0,0,0,0,0,0,0,0,3,3,14,0,2024,Olamide Zaccheaus,WSH,4.4
3917914,2024_04_WSH_ARI,0,0,0,0,0,0,0,0,6,6,85,0,2024,Olamide Zaccheaus,WSH,14.5
3917914,2024_05_CLE_WSH,0,0,0,0,0,0,0,0,1,3,10,0,2024,Olamide Zaccheaus,WSH,2.0
3917914,2024_06_WSH_BAL,0,0,0,0,0,0,0,0,4,6,27,0,2024,Olamide Zaccheaus,WSH,6.7
3917914,2024_07_CAR_WSH,0,0,0,0,0,0,0,0,4,6,25,0,2024,Olamide Zaccheaus,WSH,6.5
3917914,2024_09_WSH_NYG,0,0,0,0,0,0,0,0,2,2,48,0,2024,Olamide Zaccheaus,WSH,6.8
3917914,2024_10_PIT_WSH,0,0,0,0,0,0,0,0,1,3,8,0,2024,Olamide Zaccheaus,WSH,1.8
3917914,2024_11_WSH_PHI,0,0,0,0,0,0,0,0,1,2,10,0,2024,Olamide Zaccheaus,WSH,2.0
3917914,2024_12_DAL_WSH,0,0,0,0,0,0,0,0,1,1,8,0,2024,Olamide Zaccheaus,WSH,1.8
3917914,2024_13_TEN_WSH,0,0,0,0,0,0,0,0,3,3,14,0,2024,Olamide Zaccheaus,WSH,4.4
3917914,2024_15_WSH_NO,0,0,0,0,0,0,0,0,3,4,36,0,2024,Olamide Zaccheaus,WSH,6.6
3917914,2024_16_PHI_WSH,0,0,0,0,0,0,0,0,5,8,70,2,2024,Olamide Zaccheaus,WSH,24.0
3917914,2024_17_ATL_WSH,0,0,0,0,0,1,8,0,8,9,85,1,2024,Olamide Zaccheaus,WSH,23.3
3917914,2024_18_WSH_DAL,0,0,0,0,0,0,0,0,2,5,51,0,2024,Olamide Zaccheaus,WSH,7.1
3917914,2025_01_MIN_CHI,0,0,0,0,0,0,0,0,4,7,42,0,2025,Olamide Zaccheaus,CHI,8.2
3917914,2025_02_CHI_DET,0,0,0,0,0,1,9,0,2,5,12,0,2025,Olamide Zaccheaus,CHI,4.1
3917914,2025_03_DAL_CHI,0,0,0,0,0,1,12,0,3,4,24,0,2025,Olamide Zaccheaus,CHI,6.6
3917914,2025_04_CHI_LV,0,0,0,0,0,0,0,0,5,6,41,0,2025,Olamide Zaccheaus,CHI,9.1
3917914,2025_06_CHI_WSH,0,0,0,0,0,1,4,0,2,6,24,0,2025,Olamide Zaccheaus,CHI,4.8
3917914,2025_07_NO_CHI,0,0,0,0,0,1,0,0,2,3,9,0,2025,Olamide Zaccheaus,CHI,2.9
3917914,2025_08_CHI_BAL,0,0,0,0,0,0,0,0,7,7,33,0,2025,Olamide Zaccheaus,CHI,10.3
3917914,2025_09_CHI_CIN,0,0,0,0,0,0,0,0,6,8,58,1,2025,Olamide Zaccheaus,CHI,17.8
3917914,2025_10_NYG_CHI,0,0,0,0,0,0,0,0,1,4,5,0,2025,Olamide Zaccheaus,CHI,1.5
3917914,2025_12_PIT_CHI,0,0,0,0,0,0,0,0,1,1,6,0,2025,Olamide Zaccheaus,CHI,1.6
3917914,2025_13_CHI_PHI,0,0,0,0,0,0,0,0,2,3,19,0,2025,Olamide Zaccheaus,CHI,3.9
3917914,2025_14_CHI_GB,0,0,0,0,0,0,0,0,2,3,7,1,2025,Olamide Zaccheaus,CHI,8.7
3917914,2025_15_CLE_CHI,0,0,0,0,0,0,0,0,0,3,0,0,2025,Olamide Zaccheaus,CHI,0.0
3917914,2025_16_GB_CHI,0,0,0,0,0,0,0,0,2,5,33,0,2025,Olamide Zaccheaus,CHI,5.3
4711533,2025_01_MIA_IND,0,0,0,0,0,2,4,0,1,1,-1,0,2025,Ollie Gordon II,MIA,1.3
4711533,2025_02_NE_MIA,0,0,0,0,0,1,8,0,1,1,5,0,2025,Ollie Gordon II,MIA,2.3
4711533,2025_03_MIA_BUF,0,0,0,0,0,9,38,1,0,0,0,0,2025,Ollie Gordon II,MIA,9.8
4711533,2025_04_NYJ_MIA,0,0,0,0,0,6,10,0,0,1,0,0,2025,Ollie Gordon II,MIA,1.0
4711533,2025_05_MIA_CAR,0,0,0,0,0,3,-2,0,0,0,0,0,2025,Ollie Gordon II,MIA,-0.2
4711533,2025_06_LAC_MIA,0,0,0,0,0,2,1,0,1,1,1,0,2025,Ollie Gordon II,MIA,1.2
4711533,2025_07_MIA_CLE,0,0,0,0,0,5,11,0,1,2,2,0,2025,Ollie Gordon II,MIA,2.3
4711533,2025_08_MIA_ATL,0,0,0,0,0,10,46,0,1,1,20,1,2025,Ollie Gordon II,MIA,13.6
4711533,2025_09_BAL_MIA,0,0,0,0,0,2,6,0,1,1,3,0,2025,Ollie Gordon II,MIA,1.9
4711533,2025_11_WSH_MIA,0,0,0,0,0,9,45,1,0,0,0,0,2025,Ollie Gordon II,MIA,10.5
4711533,2025_13_NO_MIA,0,0,0,0,0,3,10,0,0,0,0,0,2025,Ollie Gordon II,MIA,1.0
4711533,2025_14_MIA_NYJ,0,0,0,0,0,5,17,1,0,0,0,0,2025,Ollie Gordon II,MIA,7.7
4711533,2025_18_MIA_NE,0,0,0,0,0,9,9,0,1,1,2,0,2025,Ollie Gordon II,MIA,2.1
4685382,2025_01_KC_LAC,0,0,0,0,0,15,48,0,2,2,13,0,2025,Omarion Hampton,LAC,8.1
4685382,2025_02_LAC_LV,0,0,0,0,0,8,24,0,1,2,1,0,2025,Omarion Hampton,LAC,3.5
4685382,2025_03_DEN_LAC,0,0,0,0,0,19,70,1,6,7,59,0,2025,Omarion Hampton,LAC,24.9
4685382,2025_04_LAC_NYG,0,0,0,0,0,12,128,1,5,5,37,0,2025,Omarion Hampton,LAC,27.5
4685382,2025_05_WSH_LAC,0,0,0,0,0,12,44,0,6,6,26,0,2025,Omarion Hampton,LAC,13.0
4685382,2025_14_PHI_LAC,0,0,0,0,0,13,56,0,2,2,11,1,2025,Omarion Hampton,LAC,14.7
4685382,2025_15_LAC_KC,0,0,0,0,0,15,61,0,1,1,4,0,2025,Omarion Hampton,LAC,7.5
4685382,2025_16_LAC_DAL,0,0,0,0,0,16,85,1,1,2,10,0,2025,Omarion Hampton,LAC,16.5
4685382,2025_17_HOU_LAC,0,0,0,0,0,14,29,1,8,8,31,0,2025,Omarion Hampton,LAC,20.0
4595342,2025_03_DEN_LAC,0,0,0,0,0,0,0,0,5,7,46,0,2025,Oronde Gadsden,LAC,9.6
4595342,2025_04_LAC_NYG,0,0,0,0,0,0,0,0,2,3,16,0,2025,Oronde Gadsden,LAC,3.6
4595342,2025_05_WSH_LAC,0,0,0,0,0,0,0,0,1,1,14,0,2025,Oronde Gadsden,LAC,2.4
4595342,2025_06_LAC_MIA,0,0,0,0,0,0,0,0,7,8,68,0,2025,Oronde Gadsden,LAC,13.8
4595342,2025_07_IND_LAC,0,0,0,0,0,0,0,0,7,9,164,1,2025,Oronde Gadsden,LAC,29.4
4595342,2025_08_MIN_LAC,0,0,0,0,0,0,0,0,5,5,77,1,2025,Oronde Gadsden,LAC,18.7
4595342,2025_09_LAC_TEN,0,0,0,0,0,0,0,0,5,5,68,0,2025,Oronde Gadsden,LAC,11.8
4595342,2025_10_PIT_LAC,0,0,0,0,0,0,0,0,3,6,13,0,2025,Oronde Gadsden,LAC,4.3
4595342,2025_11_LAC_JAX,0,0,0,0,0,0,0,0,2,5,41,0,2025,Oronde Gadsden,LAC,6.1
4595342,2025_13_LV_LAC,0,0,0,0,0,0,0,0,1,2,27,0,2025,Oronde Gadsden,LAC,3.7
4595342,2025_14_PHI_LAC,0,0,0,0,0,0,0,0,1,4,7,0,2025,Oronde Gadsden,LAC,1.7
4595342,2025_15_LAC_KC,0,0,0,0,0,0,0,0,4,5,61,0,2025,Oronde Gadsden,LAC,10.1
4595342,2025_16_LAC_DAL,0,0,0,0,0,0,0,0,1,1,7,0,2025,Oronde Gadsden,LAC,1.7
4595342,2025_17_HOU_LAC,0,0,0,0,0,0,0,0,3,6,32,1,2025,Oronde Gadsden,LAC,12.2
4595342,2025_18_LAC_DEN,0,0,0,0,0,0,0,0,2,2,23,0,2025,Oronde Gadsden,LAC,4.3
4249616,2025_12_TB_LAR,0,0,0,0,0,3,6,0,0,0,0,0,2025,Owen Wright,TB,0.6
4432620,2024_01_JAX_MIA,0,0,0,0,0,0,0,0,1,1,3,0,2024,Parker Washington,JAX,1.3
4432620,2024_02_CLE_JAX,0,0,0,0,0,0,0,0,0,1,0,0,2024,Parker Washington,JAX,0.0
4432620,2024_03_JAX_BUF,0,0,0,0,0,0,0,0,2,3,18,0,2024,Parker Washington,JAX,3.8
4432620,2024_08_GB_JAX,0,0,0,0,0,0,0,0,3,4,46,0,2024,Parker Washington,JAX,7.6
4432620,2024_09_JAX_PHI,0,0,0,0,0,0,0,0,3,6,41,0,2024,Parker Washington,JAX,7.1
4432620,2024_11_JAX_DET,0,0,0,0,0,0,0,0,1,3,10,0,2024,Parker Washington,JAX,2.0
4432620,2024_13_HOU_JAX,0,0,0,0,0,0,0,0,6,12,103,1,2024,Parker Washington,JAX,22.3
4432620,2024_14_JAX_TEN,0,0,0,0,0,0,0,0,2,2,15,0,2024,Parker Washington,JAX,3.5
4432620,2024_15_NYJ_JAX,0,0,0,0,0,0,0,0,3,6,54,0,2024,Parker Washington,JAX,8.4
4432620,2024_16_JAX_LV,0,0,0,0,0,0,0,0,6,6,54,0,2024,Parker Washington,JAX,11.4
4432620,2024_17_TEN_JAX,0,0,0,0,0,0,0,0,3,3,31,1,2024,Parker Washington,JAX,12.1
4432620,2024_18_JAX_IND,0,0,0,0,0,0,0,0,2,4,15,1,2024,Parker Washington,JAX,9.5
4432620,2025_02_JAX_CIN,0,0,0,0,0,0,0,0,5,5,76,0,2025,Parker Washington,JAX,12.6
4432620,2025_03_HOU_JAX,0,0,0,0,0,0,0,0,4,11,34,0,2025,Parker Washington,JAX,7.4
4432620,2025_04_JAX_SF,0,0,0,0,0,1,-1,0,0,2,0,0,2025,Parker Washington,JAX,-0.1
4432620,2025_05_KC_JAX,0,0,0,0,0,0,0,0,2,3,16,1,2025,Parker Washington,JAX,9.6
4432620,2025_06_SEA_JAX,0,0,0,0,0,0,0,0,2,4,29,0,2025,Parker Washington,JAX,4.9
4432620,2025_07_LAR_JAX,0,0,0,0,0,3,10,0,4,10,52,0,2025,Parker Washington,JAX,10.2
4432620,2025_09_JAX_LV,0,0,0,0,0,0,0,0,8,9,90,0,2025,Parker Washington,JAX,17.0
4432620,2025_10_JAX_HOU,0,0,0,0,0,2,-4,0,3,7,33,1,2025,Parker Washington,JAX,11.9
4432620,2025_11_LAC_JAX,0,0,0,0,0,0,0,0,2,2,20,0,2025,Parker Washington,JAX,4.0
4432620,2025_12_JAX_ARI,0,0,0,0,0,0,0,0,5,7,71,1,2025,Parker Washington,JAX,18.1
4432620,2025_13_JAX_TEN,0,0,0,0,0,0,0,0,1,3,26,0,2025,Parker Washington,JAX,3.6
4432620,2025_15_NYJ_JAX,0,0,0,0,0,0,0,0,3,3,53,0,2025,Parker Washington,JAX,8.3
4432620,2025_16_JAX_DEN,0,0,0,0,0,0,0,0,6,10,145,1,2025,Parker Washington,JAX,26.5
4432620,2025_17_JAX_IND,0,0,0,0,0,1,-5,0,8,10,115,0,2025,Parker Washington,JAX,19.0
4432620,2025_18_TEN_JAX,0,0,0,0,0,0,0,0,5,9,87,1,2025,Parker Washington,JAX,19.7
3121410,2024_03_PHI_NO,0,0,0,0,0,0,0,0,2,2,13,0,2024,Parris Campbell,PHI,3.3
3121410,2024_04_PHI_TB,0,0,0,0,0,0,0,0,4,4,17,1,2024,Parris Campbell,PHI,11.7
3121410,2024_07_PHI_NYG,0,0,0,0,0,0,0,0,0,1,0,0,2024,Parris Campbell,PHI,0.0
3121410,2024_13_PHI_BAL,0,0,0,0,0,0,0,0,0,1,0,0,2024,Parris Campbell,PHI,0.0
4600981,2025_02_DEN_IND,0,0,0,0,0,0,0,0,2,3,18,0,2025,Pat Bryant,DEN,3.8
4600981,2025_04_CIN_DEN,0,0,0,0,0,0,0,0,0,1,0,0,2025,Pat Bryant,DEN,0.0
4600981,2025_06_DEN_NYJ,0,0,0,0,0,0,0,0,2,2,22,0,2025,Pat Bryant,DEN,4.2
4600981,2025_07_NYG_DEN,0,0,0,0,0,0,0,0,1,4,6,0,2025,Pat Bryant,DEN,1.6
4600981,2025_08_DAL_DEN,0,0,0,0,0,0,0,0,2,4,40,1,2025,Pat Bryant,DEN,12.0
4600981,2025_09_DEN_HOU,0,0,0,0,0,0,0,0,2,3,20,0,2025,Pat Bryant,DEN,4.0
4600981,2025_10_LV_DEN,0,0,0,0,0,0,0,0,1,2,43,0,2025,Pat Bryant,DEN,5.3
4600981,2025_11_KC_DEN,0,0,0,0,0,0,0,0,5,6,82,0,2025,Pat Bryant,DEN,13.2
4600981,2025_13_DEN_WSH,0,0,0,0,0,0,0,0,3,7,42,0,2025,Pat Bryant,DEN,7.2
4600981,2025_14_DEN_LV,0,0,0,0,0,0,0,0,4,4,32,0,2025,Pat Bryant,DEN,7.2
4600981,2025_16_JAX_DEN,0,0,0,0,0,0,0,0,5,8,42,0,2025,Pat Bryant,DEN,9.2
4600981,2025_18_LAC_DEN,0,0,0,0,0,0,0,0,4,5,31,0,2025,Pat Bryant,DEN,7.1
4361411,2024_01_PIT_ATL,0,0,0,0,0,0,0,0,4,4,27,0,2024,Pat Freiermuth,PIT,6.7
4361411,2024_02_PIT_DEN,0,0,0,0,0,0,0,0,4,4,39,0,2024,Pat Freiermuth,PIT,7.9
4361411,2024_03_LAC_PIT,0,0,0,0,0,0,0,0,4,5,33,0,2024,Pat Freiermuth,PIT,7.3
4361411,2024_04_PIT_IND,0,0,0,0,0,0,0,0,5,7,57,1,2024,Pat Freiermuth,PIT,16.7
4361411,2024_05_DAL_PIT,0,0,0,0,0,0,0,0,3,3,22,1,2024,Pat Freiermuth,PIT,11.2
4361411,2024_06_PIT_LV,0,0,0,0,0,0,0,0,2,3,16,0,2024,Pat Freiermuth,PIT,3.6
4361411,2024_07_NYJ_PIT,0,0,0,0,0,0,0,0,2,3,51,0,2024,Pat Freiermuth,PIT,7.1
4361411,2024_08_NYG_PIT,0,0,0,0,0,0,0,0,2,2,19,0,2024,Pat Freiermuth,PIT,3.9
4361411,2024_10_PIT_WSH,0,0,0,0,0,0,0,0,3,3,17,1,2024,Pat Freiermuth,PIT,10.7
4361411,2024_11_BAL_PIT,0,0,0,0,0,0,0,0,2,2,14,0,2024,Pat Freiermuth,PIT,3.4
4361411,2024_12_PIT_CLE,0,0,0,0,0,0,0,0,4,4,59,0,2024,Pat Freiermuth,PIT,9.9
4361411,2024_13_PIT_CIN,0,0,0,0,0,0,0,0,6,7,68,1,2024,Pat Freiermuth,PIT,18.8
4361411,2024_14_CLE_PIT,0,0,0,0,0,0,0,0,3,3,48,1,2024,Pat Freiermuth,PIT,13.8
4361411,2024_15_PIT_PHI,0,0,0,0,0,0,0,0,3,6,22,1,2024,Pat Freiermuth,PIT,11.2
4361411,2024_16_PIT_BAL,0,0,0,0,0,0,0,0,3,3,16,0,2024,Pat Freiermuth,PIT,4.6
4361411,2024_17_KC_PIT,0,0,0,0,0,0,0,0,7,8,60,0,2024,Pat Freiermuth,PIT,13.0
4361411,2024_18_CIN_PIT,0,0,0,0,0,0,0,0,8,11,85,1,2024,Pat Freiermuth,PIT,22.5
4361411,2025_01_PIT_NYJ,0,0,0,0,0,0,0,0,3,3,28,0,2025,Pat Freiermuth,PIT,5.8
4361411,2025_02_SEA_PIT,0,0,0,0,0,0,0,0,3,4,31,0,2025,Pat Freiermuth,PIT,6.1
4361411,2025_03_PIT_NE,0,0,0,0,0,0,0,0,1,3,6,0,2025,Pat Freiermuth,PIT,1.6
4361411,2025_06_CLE_PIT,0,0,0,0,0,0,0,0,1,1,11,0,2025,Pat Freiermuth,PIT,2.1
4361411,2025_07_PIT_CIN,0,0,0,0,0,0,0,0,5,6,111,2,2025,Pat Freiermuth,PIT,28.1
4361411,2025_08_GB_PIT,0,0,0,0,0,0,0,0,3,4,13,0,2025,Pat Freiermuth,PIT,4.3
4361411,2025_09_IND_PIT,0,0,0,0,0,0,0,0,3,4,27,1,2025,Pat Freiermuth,PIT,11.7
4361411,2025_10_PIT_LAC,0,0,0,0,0,0,0,0,3,3,33,0,2025,Pat Freiermuth,PIT,6.3
4361411,2025_11_CIN_PIT,0,0,0,0,0,0,0,0,1,1,19,0,2025,Pat Freiermuth,PIT,2.9
4361411,2025_12_PIT_CHI,0,0,0,0,0,0,0,0,3,3,19,1,2025,Pat Freiermuth,PIT,10.9
4361411,2025_14_PIT_BAL,0,0,0,0,0,0,0,0,2,3,9,0,2025,Pat Freiermuth,PIT,2.9
4361411,2025_15_MIA_PIT,0,0,0,0,0,0,0,0,3,5,45,0,2025,Pat Freiermuth,PIT,7.5
4361411,2025_16_PIT_DET,0,0,0,0,0,0,0,0,4,4,20,0,2025,Pat Freiermuth,PIT,6.0
4361411,2025_17_PIT_CLE,0,0,0,0,0,0,0,0,3,5,63,0,2025,Pat Freiermuth,PIT,9.3
4361411,2025_18_BAL_PIT,0,0,0,0,0,0,0,0,3,5,51,0,2025,Pat Freiermuth,PIT,8.1
3139477,2024_01_BAL_KC,20,28,291,1,1,2,3,0,1,1,2,0,2024,Patrick Mahomes,KC,16.14
3139477,2024_02_CIN_KC,18,25,151,2,2,4,29,0,0,0,0,0,2024,Patrick Mahomes,KC,14.94
3139477,2024_03_KC_ATL,26,39,217,2,1,6,17,0,0,0,0,0,2024,Patrick Mahomes,KC,17.38
3139477,2024_04_KC_LAC,19,29,245,1,1,5,12,0,0,0,0,0,2024,Patrick Mahomes,KC,14.0
3139477,2024_05_NO_KC,28,39,331,0,1,6,22,0,0,0,0,0,2024,Patrick Mahomes,KC,14.44
3139477,2024_07_KC_SF,16,27,154,0,2,5,39,1,0,0,0,0,2024,Patrick Mahomes,KC,14.06
3139477,2024_08_KC_LV,27,38,262,2,1,6,17,0,0,0,0,0,2024,Patrick Mahomes,KC,19.18
3139477,2024_09_TB_KC,34,44,291,3,0,2,9,0,0,0,0,0,2024,Patrick Mahomes,KC,24.54
3139477,2024_10_DEN_KC,28,42,266,1,0,3,19,0,0,0,0,0,2024,Patrick Mahomes,KC,16.54
3139477,2024_11_KC_BUF,23,33,196,3,2,0,0,0,0,0,0,0,2024,Patrick Mahomes,KC,17.84
3139477,2024_12_KC_CAR,27,37,269,3,0,5,60,0,0,0,0,0,2024,Patrick Mahomes,KC,28.76
3139477,2024_13_LV_KC,26,46,306,1,0,2,4,0,0,0,0,0,2024,Patrick Mahomes,KC,16.64
3139477,2024_14_LAC_KC,24,37,210,1,0,4,17,0,0,0,0,0,2024,Patrick Mahomes,KC,14.1
3139477,2024_15_KC_CLE,19,38,159,2,0,2,14,0,0,0,0,0,2024,Patrick Mahomes,KC,15.76
3139477,2024_16_HOU_KC,28,41,260,1,0,5,33,1,0,0,0,0,2024,Patrick Mahomes,KC,23.7
3139477,2024_17_KC_PIT,29,38,320,3,0,1,12,0,0,0,0,0,2024,Patrick Mahomes,KC,26.0
3139477,2025_01_KC_LAC,24,39,258,1,0,6,57,1,0,0,0,0,2025,Patrick Mahomes,KC,26.02
3139477,2025_02_PHI_KC,16,29,187,1,1,7,66,1,0,0,0,0,2025,Patrick Mahomes,KC,23.08
3139477,2025_03_KC_NYG,22,37,224,1,0,5,2,0,0,0,0,0,2025,Patrick Mahomes,KC,13.16
3139477,2025_04_BAL_KC,25,37,270,4,0,4,5,0,0,0,0,0,2025,Patrick Mahomes,KC,27.3
3139477,2025_05_KC_JAX,29,41,318,1,1,6,60,1,0,0,0,0,2025,Patrick Mahomes,KC,27.72
3139477,2025_06_DET_KC,22,30,257,3,0,10,32,1,0,0,0,0,2025,Patrick Mahomes,KC,31.48
3139477,2025_07_LV_KC,26,35,286,3,0,4,28,0,0,0,0,0,2025,Patrick Mahomes,KC,26.24
3139477,2025_08_WSH_KC,25,34,299,3,2,4,30,0,0,0,0,0,2025,Patrick Mahomes,KC,24.96
3139477,2025_09_KC_BUF,15,34,250,0,1,1,5,0,0,0,0,0,2025,Patrick Mahomes,KC,9.5
3139477,2025_11_KC_DEN,29,45,276,1,1,1,3,0,0,0,0,0,2025,Patrick Mahomes,KC,14.34
3139477,2025_12_IND_KC,29,46,352,0,1,4,30,0,0,0,0,0,2025,Patrick Mahomes,KC,16.08
3139477,2025_13_KC_DAL,23,34,261,4,0,3,30,0,0,0,0,0,2025,Patrick Mahomes,KC,29.44
3139477,2025_14_HOU_KC,14,33,160,0,3,7,59,0,1,1,-10,0,2025,Patrick Mahomes,KC,9.3
3139477,2025_15_LAC_KC,16,28,189,0,1,2,15,1,0,0,0,0,2025,Patrick Mahomes,KC,14.06
2975417,2024_02_LV_BAL,0,0,0,0,0,0,0,0,0,1,0,0,2024,Patrick Ricard,BAL,0.0
2975417,2024_07_BAL_TB,0,0,0,0,0,0,0,0,0,1,0,0,2024,Patrick Ricard,BAL,0.0
2975417,2024_09_DEN_BAL,0,0,0,0,0,0,0,0,1,1,3,1,2024,Patrick Ricard,BAL,7.3
2975417,2024_11_BAL_PIT,0,0,0,0,0,0,0,0,1,1,5,0,2024,Patrick Ricard,BAL,1.5
2975417,2024_18_CLE_BAL,0,0,0,0,0,0,0,0,1,1,14,0,2024,Patrick Ricard,BAL,2.4
2975417,2025_14_PIT_BAL,0,0,0,0,0,0,0,0,0,1,0,0,2025,Patrick Ricard,BAL,0.0
2975417,2025_18_BAL_PIT,0,0,0,0,0,0,0,0,1,1,8,0,2025,Patrick Ricard,BAL,1.8
4039358,2024_06_SF_SEA,0,0,0,0,0,5,16,0,1,1,12,0,2024,Patrick Taylor Jr.,SF,3.8
4039358,2024_14_CHI_SF,0,0,0,0,0,7,25,1,0,1,0,0,2024,Patrick Taylor Jr.,SF,8.5
4039358,2024_16_SF_MIA,0,0,0,0,0,8,24,0,1,5,1,0,2024,Patrick Taylor Jr.,SF,3.5
4039358,2024_18_SF_ARI,0,0,0,0,0,17,109,0,1,4,12,0,2024,Patrick Taylor Jr.,SF,13.1
4372505,2024_03_DEN_TB,0,0,0,0,0,0,0,0,1,1,8,0,2024,Payne Durham,TB,1.8
4372505,2024_12_TB_NYG,0,0,0,0,0,0,0,0,1,1,26,0,2024,Payne Durham,TB,3.6
4372505,2024_16_TB_DAL,0,0,0,0,0,0,0,0,5,7,29,0,2024,Payne Durham,TB,7.9
4372505,2024_17_CAR_TB,0,0,0,0,0,0,0,0,2,3,36,1,2024,Payne Durham,TB,11.6
4372505,2024_18_NO_TB,0,0,0,0,0,0,0,0,2,2,16,1,2024,Payne Durham,TB,9.6
4372505,2025_02_TB_HOU,0,0,0,0,0,0,0,0,0,1,0,0,2025,Payne Durham,TB,0.0
4372505,2025_10_NE_TB,0,0,0,0,0,0,0,0,0,1,0,0,2025,Payne Durham,TB,0.0
4372505,2025_13_ARI_TB,0,0,0,0,0,0,0,0,1,1,11,0,2025,Payne Durham,TB,2.1
4372505,2025_18_CAR_TB,0,0,0,0,0,0,0,0,0,1,0,0,2025,Payne Durham,TB,0.0
4258248,2024_09_TB_KC,0,0,0,0,0,0,0,0,1,1,9,0,2024,Peyton Hendershot,KC,1.9
4258248,2024_10_DEN_KC,0,0,0,0,0,0,0,0,1,1,6,0,2024,Peyton Hendershot,KC,1.6
4258248,2024_11_KC_BUF,0,0,0,0,0,0,0,0,1,1,11,0,2024,Peyton Hendershot,KC,2.1
4258248,2024_18_KC_DEN,0,0,0,0,0,0,0,0,2,2,25,0,2024,Peyton Hendershot,KC,4.5
2971281,2024_03_MIA_SEA,0,0,0,0,0,0,0,0,1,2,9,0,2024,Pharaoh Brown,SEA,1.9
2971281,2024_04_SEA_DET,0,0,0,0,0,0,0,0,1,2,3,0,2024,Pharaoh Brown,SEA,1.3
2971281,2024_05_NYG_SEA,0,0,0,0,0,0,0,0,1,1,7,0,2024,Pharaoh Brown,SEA,1.7
2971281,2024_12_ARI_SEA,0,0,0,0,0,0,0,0,2,2,19,0,2024,Pharaoh Brown,SEA,3.9
2971281,2024_13_SEA_NYJ,0,0,0,0,0,0,0,0,0,1,0,0,2024,Pharaoh Brown,SEA,0.0
2971281,2024_14_SEA_ARI,0,0,0,0,0,0,0,0,1,2,6,0,2024,Pharaoh Brown,SEA,1.6
2971281,2024_16_MIN_SEA,0,0,0,0,0,0,0,0,1,1,17,0,2024,Pharaoh Brown,SEA,2.7
2971281,2024_17_SEA_CHI,0,0,0,0,0,0,0,0,1,1,4,0,2024,Pharaoh Brown,SEA,1.4
2971281,2025_15_ARI_HOU,0,0,0,0,0,0,0,0,2,2,1,0,2025,Pharaoh Brown,ARI,2.1
4431562,2025_18_DAL_NYG,0,0,0,0,0,5,18,1,2,2,11,0,2025,Phil Mafah,DAL,10.9
5529,2025_15_IND_SEA,18,27,120,1,1,1,0,0,0,0,0,0,2025,Philip Rivers,IND,7.8
5529,2025_16_SF_IND,23,35,277,2,1,0,0,0,0,0,0,0,2025,Philip Rivers,IND,18.08
5529,2025_17_JAX_IND,17,30,147,1,1,1,-1,0,0,0,0,0,2025,Philip Rivers,IND,8.78
4249836,2024_01_DAL_CLE,0,0,0,0,0,2,10,0,2,3,20,0,2024,Pierre Strong Jr.,CLE,5.0
4249836,2024_02_CLE_JAX,0,0,0,0,0,1,-5,0,1,2,10,0,2024,Pierre Strong Jr.,CLE,1.5
4249836,2024_05_CLE_WSH,0,0,0,0,0,1,2,0,0,1,0,0,2024,Pierre Strong Jr.,CLE,0.2
4249836,2024_06_CLE_PHI,0,0,0,0,0,8,43,0,2,3,35,0,2024,Pierre Strong Jr.,CLE,9.8
4249836,2024_07_CIN_CLE,0,0,0,0,0,3,6,0,1,3,9,0,2024,Pierre Strong Jr.,CLE,2.5
4249836,2024_08_BAL_CLE,0,0,0,0,0,0,0,0,1,1,3,0,2024,Pierre Strong Jr.,CLE,1.3
4249836,2024_14_CLE_PIT,0,0,0,0,0,0,0,0,2,2,9,0,2024,Pierre Strong Jr.,CLE,2.9
4249836,2024_16_CLE_CIN,0,0,0,0,0,2,6,0,2,2,3,0,2024,Pierre Strong Jr.,CLE,2.9
4249836,2024_17_MIA_CLE,0,0,0,0,0,5,33,0,3,5,15,0,2024,Pierre Strong Jr.,CLE,7.8
4426515,2024_01_LAR_DET,0,0,0,0,0,1,7,0,4,4,35,0,2024,Puka Nacua,LAR,8.2
4426515,2024_08_MIN_LAR,0,0,0,0,0,2,5,0,7,9,106,0,2024,Puka Nacua,LAR,18.1
4426515,2024_09_LAR_SEA,0,0,0,0,0,0,0,0,1,4,11,0,2024,Puka Nacua,LAR,2.1
4426515,2024_10_MIA_LAR,0,0,0,0,0,0,0,0,9,14,98,0,2024,Puka Nacua,LAR,18.8
4426515,2024_11_LAR_NE,0,0,0,0,0,0,0,0,7,9,123,1,2024,Puka Nacua,LAR,25.3
4426515,2024_12_PHI_LAR,0,0,0,0,0,0,0,0,9,13,117,0,2024,Puka Nacua,LAR,20.7
4426515,2024_13_LAR_NO,0,0,0,0,0,1,7,0,5,8,56,1,2024,Puka Nacua,LAR,17.3
4426515,2024_14_BUF_LAR,0,0,0,0,0,5,16,1,12,14,162,1,2024,Puka Nacua,LAR,41.8
4426515,2024_15_LAR_SF,0,0,0,0,0,2,11,0,7,8,97,0,2024,Puka Nacua,LAR,17.8
4426515,2024_16_LAR_NYJ,0,0,0,0,0,0,0,0,8,9,56,0,2024,Puka Nacua,LAR,13.6
4426515,2024_17_ARI_LAR,0,0,0,0,0,0,0,0,10,14,129,0,2024,Puka Nacua,LAR,22.9
4426515,2025_01_HOU_LAR,0,0,0,0,0,1,1,0,10,11,130,0,2025,Puka Nacua,LAR,23.1
4426515,2025_02_LAR_TEN,0,0,0,0,0,1,45,1,8,9,91,0,2025,Puka Nacua,LAR,27.6
4426515,2025_03_LAR_PHI,0,0,0,0,0,1,6,0,11,15,112,0,2025,Puka Nacua,LAR,22.8
4426515,2025_04_IND_LAR,0,0,0,0,0,0,0,0,13,15,170,1,2025,Puka Nacua,LAR,36.0
4426515,2025_05_SF_LAR,0,0,0,0,0,0,0,0,10,12,85,1,2025,Puka Nacua,LAR,24.5
4426515,2025_06_LAR_BAL,0,0,0,0,0,0,0,0,2,3,28,0,2025,Puka Nacua,LAR,4.8
4426515,2025_09_NO_LAR,0,0,0,0,0,1,3,0,7,8,95,1,2025,Puka Nacua,LAR,22.8
4426515,2025_10_LAR_SF,0,0,0,0,0,0,0,0,5,6,64,1,2025,Puka Nacua,LAR,17.4
4426515,2025_11_SEA_LAR,0,0,0,0,0,2,18,0,7,8,75,0,2025,Puka Nacua,LAR,16.3
4426515,2025_12_TB_LAR,0,0,0,0,0,0,0,0,7,11,97,0,2025,Puka Nacua,LAR,16.7
4426515,2025_13_LAR_CAR,0,0,0,0,0,0,0,0,6,9,72,0,2025,Puka Nacua,LAR,13.2
4426515,2025_14_LAR_ARI,0,0,0,0,0,0,0,0,7,11,167,2,2025,Puka Nacua,LAR,35.7
4426515,2025_15_DET_LAR,0,0,0,0,0,2,8,0,9,11,181,0,2025,Puka Nacua,LAR,27.9
4426515,2025_16_LAR_SEA,0,0,0,0,0,0,0,0,12,16,225,2,2025,Puka Nacua,LAR,46.5
4426515,2025_17_LAR_ATL,0,0,0,0,0,0,0,0,5,10,47,1,2025,Puka Nacua,LAR,15.7
4426515,2025_18_ARI_LAR,0,0,0,0,0,2,24,0,10,11,76,1,2025,Puka Nacua,LAR,26.0
4429025,2024_01_LV_LAC,0,0,0,0,0,0,0,0,3,5,38,0,2024,Quentin Johnston,LAC,6.8
4429025,2024_02_LAC_CAR,0,0,0,0,0,0,0,0,5,6,51,2,2024,Quentin Johnston,LAC,22.1
4429025,2024_03_LAC_PIT,0,0,0,0,0,0,0,0,2,2,44,1,2024,Quentin Johnston,LAC,12.4
4429025,2024_04_KC_LAC,0,0,0,0,0,1,4,0,1,5,9,0,2024,Quentin Johnston,LAC,2.3
4429025,2024_06_LAC_DEN,0,0,0,0,0,1,0,0,3,4,22,0,2024,Quentin Johnston,LAC,5.2
4429025,2024_09_LAC_CLE,0,0,0,0,0,1,2,0,4,5,118,1,2024,Quentin Johnston,LAC,22.0
4429025,2024_10_TEN_LAC,0,0,0,0,0,0,0,0,2,2,24,1,2024,Quentin Johnston,LAC,10.4
4429025,2024_11_CIN_LAC,0,0,0,0,0,0,0,0,2,8,48,1,2024,Quentin Johnston,LAC,12.8
4429025,2024_12_BAL_LAC,0,0,0,0,0,0,0,0,0,5,0,0,2024,Quentin Johnston,LAC,0.0
4429025,2024_13_LAC_ATL,0,0,0,0,0,0,0,0,2,4,12,0,2024,Quentin Johnston,LAC,3.2
4429025,2024_14_LAC_KC,0,0,0,0,0,0,0,0,5,7,48,1,2024,Quentin Johnston,LAC,15.8
4429025,2024_15_TB_LAC,0,0,0,0,0,0,0,0,5,10,45,1,2024,Quentin Johnston,LAC,15.5
4429025,2024_16_DEN_LAC,0,0,0,0,0,0,0,0,3,6,18,0,2024,Quentin Johnston,LAC,4.8
4429025,2024_17_LAC_NE,0,0,0,0,0,0,0,0,5,8,48,0,2024,Quentin Johnston,LAC,9.8
4429025,2024_18_LAC_LV,0,0,0,0,0,0,0,0,13,14,186,0,2024,Quentin Johnston,LAC,31.6
4429025,2025_01_KC_LAC,0,0,0,0,0,0,0,0,5,7,79,2,2025,Quentin Johnston,LAC,24.9
4429025,2025_02_LAC_LV,0,0,0,0,0,1,-2,0,3,7,71,1,2025,Quentin Johnston,LAC,15.9
4429025,2025_03_DEN_LAC,0,0,0,0,0,0,0,0,6,10,89,0,2025,Quentin Johnston,LAC,14.9
4429025,2025_04_LAC_NYG,0,0,0,0,0,0,0,0,8,13,98,1,2025,Quentin Johnston,LAC,23.8
4429025,2025_05_WSH_LAC,0,0,0,0,0,1,9,0,4,4,40,0,2025,Quentin Johnston,LAC,8.9
4429025,2025_07_IND_LAC,0,0,0,0,0,0,0,0,2,6,30,1,2025,Quentin Johnston,LAC,11.0
4429025,2025_09_LAC_TEN,0,0,0,0,0,0,0,0,4,6,53,1,2025,Quentin Johnston,LAC,15.3
4429025,2025_10_PIT_LAC,0,0,0,0,0,0,0,0,5,10,42,0,2025,Quentin Johnston,LAC,9.2
4429025,2025_11_LAC_JAX,0,0,0,0,0,0,0,0,0,3,0,0,2025,Quentin Johnston,LAC,0.0
4429025,2025_13_LV_LAC,0,0,0,0,0,0,0,0,3,3,23,1,2025,Quentin Johnston,LAC,11.3
4429025,2025_14_PHI_LAC,0,0,0,0,0,0,0,0,2,3,8,0,2025,Quentin Johnston,LAC,2.8
4429025,2025_16_LAC_DAL,0,0,0,0,0,0,0,0,4,5,104,1,2025,Quentin Johnston,LAC,20.4
4429025,2025_17_HOU_LAC,0,0,0,0,0,0,0,0,5,8,98,0,2025,Quentin Johnston,LAC,14.8
4613050,2025_18_NYJ_BUF,0,0,0,0,0,0,0,0,1,1,10,0,2025,Quentin Skinner,NYJ,2.0
4889929,2025_07_MIA_CLE,5,8,53,0,0,1,0,0,0,0,0,0,2025,Quinn Ewers,MIA,2.12
4889929,2025_16_CIN_MIA,20,30,260,0,2,2,5,0,0,0,0,0,2025,Quinn Ewers,MIA,8.9
4889929,2025_17_TB_MIA,14,22,172,2,0,4,5,0,1,1,-6,0,2025,Quinn Ewers,MIA,15.78
4889929,2025_18_MIA_NE,16,23,137,1,1,1,9,0,0,0,0,0,2025,Quinn Ewers,MIA,9.38
4685702,2025_02_CLE_BAL,0,0,0,0,0,10,61,0,3,3,10,0,2025,Quinshon Judkins,CLE,10.1
4685702,2025_03_GB_CLE,0,0,0,0,0,18,94,1,1,2,1,0,2025,Quinshon Judkins,CLE,16.5
4685702,2025_04_CLE_DET,0,0,0,0,0,21,82,1,4,4,33,0,2025,Quinshon Judkins,CLE,21.5
4685702,2025_05_MIN_CLE,0,0,0,0,0,23,110,0,1,2,18,0,2025,Quinshon Judkins,CLE,13.8
4685702,2025_06_CLE_PIT,0,0,0,0,0,12,36,0,0,1,0,0,2025,Quinshon Judkins,CLE,3.6
4685702,2025_07_MIA_CLE,0,0,0,0,0,25,84,3,0,0,0,0,2025,Quinshon Judkins,CLE,26.4
4685702,2025_08_CLE_NE,0,0,0,0,0,9,19,0,3,3,-2,0,2025,Quinshon Judkins,CLE,4.7
4685702,2025_10_CLE_NYJ,0,0,0,0,0,22,75,0,2,3,10,0,2025,Quinshon Judkins,CLE,10.5
4685702,2025_11_BAL_CLE,0,0,0,0,0,17,59,0,0,2,0,0,2025,Quinshon Judkins,CLE,5.9
4685702,2025_12_CLE_LV,0,0,0,0,0,16,47,2,0,0,0,0,2025,Quinshon Judkins,CLE,16.7
4685702,2025_13_SF_CLE,0,0,0,0,0,23,91,0,3,3,18,0,2025,Quinshon Judkins,CLE,13.9
4685702,2025_14_TEN_CLE,0,0,0,0,0,14,26,0,1,3,58,0,2025,Quinshon Judkins,CLE,9.4
4685702,2025_15_CLE_CHI,0,0,0,0,0,12,21,0,3,4,-4,0,2025,Quinshon Judkins,CLE,4.7
4685702,2025_16_BUF_CLE,0,0,0,0,0,8,22,0,5,6,29,0,2025,Quinshon Judkins,CLE,10.1
4244049,2024_09_MIA_BUF,0,0,0,0,0,0,0,0,1,1,2,1,2024,Quintin Morris,BUF,7.2
4244049,2024_11_KC_BUF,0,0,0,0,0,0,0,0,0,1,0,0,2024,Quintin Morris,BUF,0.0
4244049,2024_13_SF_BUF,0,0,0,0,0,0,0,0,1,1,14,0,2024,Quintin Morris,BUF,2.4
4244049,2024_17_NYJ_BUF,0,0,0,0,0,0,0,0,0,1,0,0,2024,Quintin Morris,BUF,0.0
4244049,2024_18_BUF_NE,0,0,0,0,0,0,0,0,3,4,20,0,2024,Quintin Morris,BUF,5.0
4244049,2025_11_LAC_JAX,0,0,0,0,0,0,0,0,1,3,11,0,2025,Quintin Morris,JAX,2.1
4244049,2025_13_JAX_TEN,0,0,0,0,0,0,0,0,1,2,14,0,2025,Quintin Morris,JAX,2.4
4244049,2025_15_NYJ_JAX,0,0,0,0,0,0,0,0,2,2,20,0,2025,Quintin Morris,JAX,4.0
4244049,2025_16_JAX_DEN,0,0,0,0,0,0,0,0,1,1,5,0,2025,Quintin Morris,JAX,1.5
4244049,2025_18_TEN_JAX,0,0,0,0,0,0,0,0,1,1,5,1,2025,Quintin Morris,JAX,7.5
4568490,2025_01_TEN_DEN,0,0,0,0,0,6,70,0,1,1,-1,0,2025,RJ Harvey,DEN,7.9
4568490,2025_02_DEN_IND,0,0,0,0,0,5,8,0,1,2,16,0,2025,RJ Harvey,DEN,3.4
4568490,2025_03_DEN_LAC,0,0,0,0,0,2,2,0,3,3,14,0,2025,RJ Harvey,DEN,4.6
4568490,2025_04_CIN_DEN,0,0,0,0,0,14,58,0,4,5,40,1,2025,RJ Harvey,DEN,19.8
4568490,2025_05_DEN_PHI,0,0,0,0,0,4,12,0,3,3,18,0,2025,RJ Harvey,DEN,6.0
4568490,2025_06_DEN_NYJ,0,0,0,0,0,2,4,0,4,4,21,0,2025,RJ Harvey,DEN,6.5
4568490,2025_07_NYG_DEN,0,0,0,0,0,4,0,0,1,2,2,1,2025,RJ Harvey,DEN,7.2
4568490,2025_08_DAL_DEN,0,0,0,0,0,7,46,2,1,1,5,1,2025,RJ Harvey,DEN,24.1
4568490,2025_09_DEN_HOU,0,0,0,0,0,2,5,0,5,5,51,1,2025,RJ Harvey,DEN,16.6
4568490,2025_10_LV_DEN,0,0,0,0,0,4,9,0,2,3,9,0,2025,RJ Harvey,DEN,3.8
4568490,2025_11_KC_DEN,0,1,0,0,0,11,30,0,3,3,20,0,2025,RJ Harvey,DEN,8.0
4568490,2025_13_DEN_WSH,0,0,0,0,0,13,35,2,3,4,27,0,2025,RJ Harvey,DEN,21.2
4568490,2025_14_DEN_LV,0,0,0,0,0,17,75,1,6,6,25,0,2025,RJ Harvey,DEN,22.0
4568490,2025_15_GB_DEN,0,0,0,0,0,19,65,1,0,1,0,0,2025,RJ Harvey,DEN,12.5
4568490,2025_16_JAX_DEN,0,0,0,0,0,7,50,1,4,5,71,0,2025,RJ Harvey,DEN,22.1
4568490,2025_17_DEN_KC,0,0,0,0,0,14,43,0,5,6,33,1,2025,RJ Harvey,DEN,18.6
4568490,2025_18_LAC_DEN,0,0,0,0,0,15,28,0,1,4,5,0,2025,RJ Harvey,DEN,4.3
4697815,2024_01_WSH_TB,0,0,0,0,0,15,31,0,6,6,75,0,2024,Rachaad White,TB,16.6
4697815,2024_02_TB_DET,0,0,0,0,0,10,18,0,1,1,5,0,2024,Rachaad White,TB,3.3
4697815,2024_03_DEN_TB,0,0,0,0,0,6,17,0,5,6,18,0,2024,Rachaad White,TB,8.5
4697815,2024_04_PHI_TB,0,0,0,0,0,10,49,0,2,3,35,0,2024,Rachaad White,TB,10.4
4697815,2024_05_TB_ATL,0,0,0,0,0,10,72,0,3,3,-6,0,2024,Rachaad White,TB,9.6
4697815,2024_07_BAL_TB,0,0,0,0,0,10,40,0,6,6,71,2,2024,Rachaad White,TB,29.1
4697815,2024_08_ATL_TB,0,0,0,0,0,6,29,0,5,6,38,1,2024,Rachaad White,TB,17.7
4697815,2024_09_TB_KC,0,0,0,0,0,3,19,1,3,3,16,0,2024,Rachaad White,TB,12.5
4697815,2024_10_SF_TB,0,0,0,0,0,10,31,0,6,7,39,1,2024,Rachaad White,TB,19.0
4697815,2024_12_TB_NYG,0,0,0,0,0,12,37,1,1,1,10,0,2024,Rachaad White,TB,11.7
4697815,2024_13_TB_CAR,0,0,0,0,0,11,76,0,1,1,2,0,2024,Rachaad White,TB,8.8
4697815,2024_14_LV_TB,0,0,0,0,0,17,90,1,2,3,19,1,2024,Rachaad White,TB,24.9
4697815,2024_15_TB_LAC,0,0,0,0,0,15,64,0,2,2,17,1,2024,Rachaad White,TB,16.1
4697815,2024_16_TB_DAL,0,0,0,0,0,3,10,0,7,8,50,0,2024,Rachaad White,TB,13.0
4697815,2024_17_CAR_TB,0,0,0,0,0,6,30,0,1,1,4,0,2024,Rachaad White,TB,4.4
4697815,2025_01_TB_ATL,0,0,0,0,0,2,14,0,1,1,2,0,2025,Rachaad White,TB,2.6
4697815,2025_02_TB_HOU,0,0,0,0,0,10,65,1,2,2,1,0,2025,Rachaad White,TB,14.6
4697815,2025_03_NYJ_TB,0,0,0,0,0,5,12,0,1,1,2,0,2025,Rachaad White,TB,2.4
4697815,2025_04_PHI_TB,0,0,0,0,0,6,17,0,4,5,29,0,2025,Rachaad White,TB,8.6
4697815,2025_05_TB_SEA,0,0,0,0,0,14,41,2,4,4,30,0,2025,Rachaad White,TB,23.1
4697815,2025_06_SF_TB,0,0,0,0,0,17,65,1,3,3,21,0,2025,Rachaad White,TB,17.6
4697815,2025_07_TB_DET,0,0,0,0,0,10,38,0,4,6,6,0,2025,Rachaad White,TB,8.4
4697815,2025_08_TB_NO,0,0,0,0,0,13,35,0,2,2,26,0,2025,Rachaad White,TB,8.1
4697815,2025_10_NE_TB,0,0,0,0,0,10,38,0,5,5,16,0,2025,Rachaad White,TB,10.4
4697815,2025_11_TB_BUF,0,0,0,0,0,10,51,0,2,3,11,0,2025,Rachaad White,TB,8.2
4697815,2025_12_TB_LAR,0,0,0,0,0,7,38,0,1,1,4,0,2025,Rachaad White,TB,5.2
4697815,2025_13_ARI_TB,0,0,0,0,0,2,7,0,3,3,22,0,2025,Rachaad White,TB,5.9
4697815,2025_14_NO_TB,0,0,0,0,0,11,53,0,1,2,2,0,2025,Rachaad White,TB,6.5
4697815,2025_15_ATL_TB,0,0,0,0,0,1,20,0,1,1,6,0,2025,Rachaad White,TB,3.6
4697815,2025_16_TB_CAR,0,0,0,0,0,5,45,0,2,2,15,0,2025,Rachaad White,TB,8.0
4697815,2025_17_TB_MIA,0,0,0,0,0,2,10,0,2,2,7,0,2025,Rachaad White,TB,3.7
4697815,2025_18_CAR_TB,0,0,0,0,0,7,23,0,2,2,18,0,2025,Rachaad White,TB,6.1
4259308,2024_16_ARI_CAR,0,0,0,0,0,3,13,0,0,0,0,0,2024,Raheem Blackshear,CAR,1.3
4259308,2024_17_CAR_TB,0,0,0,0,0,8,20,0,0,0,0,0,2024,Raheem Blackshear,CAR,2.0
4259308,2024_18_CAR_ATL,0,0,0,0,0,4,47,0,0,0,0,0,2024,Raheem Blackshear,CAR,4.7
2576414,2024_01_JAX_MIA,0,0,0,0,0,6,9,0,2,3,10,0,2024,Raheem Mostert,MIA,3.9
2576414,2024_05_MIA_NE,0,0,0,0,0,19,80,0,2,2,18,0,2024,Raheem Mostert,MIA,11.8
2576414,2024_07_MIA_IND,0,0,0,0,0,11,50,0,0,0,0,0,2024,Raheem Mostert,MIA,5.0
2576414,2024_08_ARI_MIA,0,0,0,0,0,9,19,2,1,2,11,0,2024,Raheem Mostert,MIA,16.0
2576414,2024_09_MIA_BUF,0,0,0,0,0,10,56,0,2,2,32,0,2024,Raheem Mostert,MIA,10.8
2576414,2024_10_MIA_LAR,0,0,0,0,0,0,0,0,2,3,34,0,2024,Raheem Mostert,MIA,5.4
2576414,2024_11_LV_MIA,0,0,0,0,0,3,-2,0,0,0,0,0,2024,Raheem Mostert,MIA,-0.2
2576414,2024_12_NE_MIA,0,0,0,0,0,2,5,0,1,1,-3,0,2024,Raheem Mostert,MIA,1.2
2576414,2024_13_MIA_GB,0,0,0,0,0,5,19,0,2,3,15,0,2024,Raheem Mostert,MIA,5.4
2576414,2024_15_MIA_HOU,0,0,0,0,0,6,8,0,3,3,13,0,2024,Raheem Mostert,MIA,5.1
2576414,2024_16_SF_MIA,0,0,0,0,0,8,31,0,2,2,15,0,2024,Raheem Mostert,MIA,6.6
2576414,2024_17_MIA_CLE,0,0,0,0,0,6,3,0,2,2,16,0,2024,Raheem Mostert,MIA,3.9
2576414,2025_04_CHI_LV,0,0,0,0,0,4,62,0,1,1,11,0,2025,Raheem Mostert,LV,8.3
2576414,2025_05_LV_IND,0,0,0,0,0,7,22,0,0,0,0,0,2025,Raheem Mostert,LV,2.2
2576414,2025_06_TEN_LV,0,0,0,0,0,5,-4,0,0,0,0,0,2025,Raheem Mostert,LV,-0.4
2576414,2025_07_LV_KC,0,0,0,0,0,0,0,0,1,1,2,0,2025,Raheem Mostert,LV,1.2
2576414,2025_09_JAX_LV,0,0,0,0,0,0,0,0,1,1,14,0,2025,Raheem Mostert,LV,2.4
2576414,2025_10_LV_DEN,0,0,0,0,0,1,4,0,1,1,11,0,2025,Raheem Mostert,LV,2.5
2576414,2025_11_DAL_LV,0,0,0,0,0,2,6,0,2,2,7,0,2025,Raheem Mostert,LV,3.3
2576414,2025_12_CLE_LV,0,0,0,0,0,1,2,0,3,3,18,0,2025,Raheem Mostert,LV,5.0
2576414,2025_14_DEN_LV,0,0,0,0,0,0,0,0,1,1,2,0,2025,Raheem Mostert,LV,1.2
2576414,2025_15_LV_PHI,0,0,0,0,0,0,0,0,1,1,2,0,2025,Raheem Mostert,LV,1.2
2576414,2025_16_LV_HOU,0,0,0,0,0,1,6,0,1,1,3,0,2025,Raheem Mostert,LV,1.9
4601080,2025_01_CIN_CLE,0,0,0,0,0,3,3,1,0,0,0,0,2025,Raheim Sanders,CLE,6.3
4601080,2025_16_BUF_CLE,0,0,0,0,0,11,42,0,1,1,4,0,2025,Raheim Sanders,CLE,5.6
4601080,2025_17_PIT_CLE,0,0,0,0,0,8,21,0,1,2,10,0,2025,Raheim Sanders,CLE,4.1
4601080,2025_18_CLE_CIN,0,0,0,0,0,5,26,0,1,1,7,0,2025,Raheim Sanders,CLE,4.3
4429006,2024_08_ATL_TB,0,0,0,0,0,0,0,0,3,3,58,0,2024,Rakim Jarrett,TB,8.8
4429006,2024_09_TB_KC,0,0,0,0,0,0,0,0,1,1,9,0,2024,Rakim Jarrett,TB,1.9
4429006,2024_10_SF_TB,0,0,0,0,0,0,0,0,2,4,10,0,2024,Rakim Jarrett,TB,3.0
4429006,2024_12_TB_NYG,0,0,0,0,0,0,0,0,1,1,30,0,2024,Rakim Jarrett,TB,4.0
4429006,2024_16_TB_DAL,0,0,0,0,0,0,0,0,1,1,6,0,2024,Rakim Jarrett,TB,1.6
4429006,2024_17_CAR_TB,0,0,0,0,0,0,0,0,1,1,11,0,2024,Rakim Jarrett,TB,2.1
4426399,2024_09_LV_CIN,0,0,0,0,0,0,0,0,1,2,7,0,2024,Ramel Keyton,LV,1.7
4426399,2024_11_LV_MIA,0,0,0,0,0,0,0,0,0,1,0,0,2024,Ramel Keyton,LV,0.0
4428331,2024_01_BAL_KC,0,0,0,0,0,0,0,0,7,9,103,0,2024,Rashee Rice,KC,17.3
4428331,2024_02_CIN_KC,0,0,0,0,0,0,0,0,5,6,75,1,2024,Rashee Rice,KC,18.5
4428331,2024_03_KC_ATL,0,0,0,0,0,1,1,0,12,14,110,1,2024,Rashee Rice,KC,29.1
4428331,2025_07_LV_KC,0,0,0,0,0,0,0,0,7,10,42,2,2025,Rashee Rice,KC,23.2
4428331,2025_08_WSH_KC,0,0,0,0,0,2,12,0,9,9,93,1,2025,Rashee Rice,KC,25.5
4428331,2025_09_KC_BUF,0,0,0,0,0,2,6,1,4,7,80,0,2025,Rashee Rice,KC,18.6
4428331,2025_11_KC_DEN,0,0,0,0,0,0,0,0,6,9,38,0,2025,Rashee Rice,KC,9.8
4428331,2025_12_IND_KC,0,0,0,0,0,0,0,0,8,12,141,0,2025,Rashee Rice,KC,22.1
4428331,2025_13_KC_DAL,0,0,0,0,0,1,2,0,8,12,92,2,2025,Rashee Rice,KC,29.4
4428331,2025_14_HOU_KC,0,0,0,0,0,0,0,0,4,8,34,0,2025,Rashee Rice,KC,7.4
4428331,2025_15_LAC_KC,0,0,0,0,0,0,0,0,7,11,51,0,2025,Rashee Rice,KC,12.1
4690013,2024_15_BAL_NYG,0,0,0,0,0,8,32,0,0,0,0,0,2024,Rasheen Ali,BAL,3.2
4690013,2024_18_CLE_BAL,0,0,0,0,0,0,0,0,0,2,0,0,2024,Rasheen Ali,BAL,0.0
4690013,2025_11_BAL_CLE,0,0,0,0,0,0,0,0,1,1,15,0,2025,Rasheen Ali,BAL,2.5
4690013,2025_13_CIN_BAL,0,0,0,0,0,4,17,0,0,0,0,0,2025,Rasheen Ali,BAL,1.7
4690013,2025_14_PIT_BAL,0,0,0,0,0,1,2,0,2,3,11,0,2025,Rasheen Ali,BAL,3.3
4690013,2025_15_BAL_CIN,0,0,0,0,0,0,0,0,2,2,32,1,2025,Rasheen Ali,BAL,11.2
4690013,2025_16_NE_BAL,0,0,0,0,0,0,0,0,2,2,2,0,2025,Rasheen Ali,BAL,2.2
4690013,2025_17_BAL_GB,0,0,0,0,0,0,0,0,2,3,8,0,2025,Rasheen Ali,BAL,2.8
4032473,2024_01_CAR_NO,0,0,0,0,0,0,0,0,3,5,73,1,2024,Rashid Shaheed,NO,16.3
4032473,2024_02_NO_DAL,0,0,0,0,0,3,13,0,4,4,96,1,2024,Rashid Shaheed,NO,20.9
4032473,2024_03_PHI_NO,0,0,0,0,0,0,0,0,0,5,0,0,2024,Rashid Shaheed,NO,0.0
4032473,2024_04_NO_ATL,0,0,0,0,0,2,14,0,8,11,83,0,2024,Rashid Shaheed,NO,17.7
4032473,2024_05_NO_KC,0,0,0,0,0,0,0,0,4,9,86,1,2024,Rashid Shaheed,NO,18.6
4032473,2024_06_TB_NO,0,0,0,0,0,1,2,0,1,7,11,0,2024,Rashid Shaheed,NO,2.3
4032473,2025_01_ARI_NO,0,0,0,0,0,0,0,0,6,9,33,0,2025,Rashid Shaheed,NO,9.3
4032473,2025_02_SF_NO,0,0,0,0,0,0,0,0,4,5,52,1,2025,Rashid Shaheed,NO,15.2
4032473,2025_03_NO_SEA,0,0,0,0,0,0,0,0,4,6,42,0,2025,Rashid Shaheed,NO,8.2
4032473,2025_04_NO_BUF,0,0,0,0,0,2,5,0,4,5,47,0,2025,Rashid Shaheed,NO,9.2
4032473,2025_05_NYG_NO,0,0,0,0,0,0,0,0,4,5,114,1,2025,Rashid Shaheed,NO,21.4
4032473,2025_06_NE_NO,0,0,0,0,0,0,0,0,4,6,28,0,2025,Rashid Shaheed,NO,6.8
4032473,2025_07_NO_CHI,0,0,0,0,0,0,0,0,4,9,40,0,2025,Rashid Shaheed,NO,8.0
4032473,2025_08_TB_NO,0,0,0,0,0,0,0,0,9,12,75,0,2025,Rashid Shaheed,NO,16.5
4032473,2025_09_NO_LAR,0,0,0,0,0,0,0,0,5,9,68,0,2025,Rashid Shaheed,NO,11.8
4032473,2025_10_ARI_SEA,0,0,0,0,0,2,20,0,1,1,3,0,2025,Rashid Shaheed,SEA,3.3
4032473,2025_11_SEA_LAR,0,0,0,0,0,1,2,0,2,5,27,0,2025,Rashid Shaheed,SEA,4.9
4032473,2025_12_SEA_TEN,0,0,0,0,0,1,5,0,0,2,0,0,2025,Rashid Shaheed,SEA,0.5
4032473,2025_13_MIN_SEA,0,0,0,0,0,1,9,0,1,3,7,0,2025,Rashid Shaheed,SEA,2.6
4032473,2025_14_SEA_ATL,0,0,0,0,0,0,0,0,4,5,67,0,2025,Rashid Shaheed,SEA,10.7
4032473,2025_15_IND_SEA,0,0,0,0,0,1,-3,0,5,7,74,0,2025,Rashid Shaheed,SEA,12.1
4032473,2025_16_LAR_SEA,0,0,0,0,0,1,31,0,0,1,0,0,2025,Rashid Shaheed,SEA,3.1
4032473,2025_17_SEA_CAR,0,0,0,0,0,0,0,0,1,1,8,0,2025,Rashid Shaheed,SEA,1.8
4032473,2025_18_SEA_SF,0,0,0,0,0,0,0,0,1,1,2,0,2025,Rashid Shaheed,SEA,1.2
4360939,2024_01_BAL_KC,0,0,0,0,0,0,0,0,2,5,53,0,2024,Rashod Bateman,BAL,7.3
4360939,2024_02_LV_BAL,0,0,0,0,0,0,0,0,3,4,40,0,2024,Rashod Bateman,BAL,7.0
4360939,2024_03_BAL_DAL,0,0,0,0,0,0,0,0,3,4,28,1,2024,Rashod Bateman,BAL,11.8
4360939,2024_04_BUF_BAL,0,0,0,0,0,0,0,0,1,1,23,0,2024,Rashod Bateman,BAL,3.3
4360939,2024_05_BAL_CIN,0,0,0,0,0,0,0,0,4,8,58,1,2024,Rashod Bateman,BAL,15.8
4360939,2024_06_WSH_BAL,0,0,0,0,0,0,0,0,4,4,71,0,2024,Rashod Bateman,BAL,11.1
4360939,2024_07_BAL_TB,0,0,0,0,0,0,0,0,4,4,121,1,2024,Rashod Bateman,BAL,22.1
4360939,2024_08_BAL_CLE,0,0,0,0,0,0,0,0,1,5,28,0,2024,Rashod Bateman,BAL,3.8
4360939,2024_09_DEN_BAL,0,0,0,0,0,0,0,0,3,4,25,0,2024,Rashod Bateman,BAL,5.5
4360939,2024_10_CIN_BAL,0,0,0,0,0,0,0,0,6,8,54,1,2024,Rashod Bateman,BAL,17.4
4360939,2024_11_BAL_PIT,0,0,0,0,0,0,0,0,2,5,30,0,2024,Rashod Bateman,BAL,5.0
4360939,2024_12_BAL_LAC,0,0,0,0,0,0,0,0,2,3,43,1,2024,Rashod Bateman,BAL,12.3
4360939,2024_15_BAL_NYG,0,0,0,0,0,0,0,0,3,5,80,2,2024,Rashod Bateman,BAL,23.0
4360939,2024_16_PIT_BAL,0,0,0,0,0,0,0,0,1,3,14,1,2024,Rashod Bateman,BAL,8.4
4360939,2024_17_BAL_HOU,0,0,0,0,0,0,0,0,1,1,12,0,2024,Rashod Bateman,BAL,2.2
4360939,2024_18_CLE_BAL,0,0,0,0,0,0,0,0,5,8,76,1,2024,Rashod Bateman,BAL,18.6
4360939,2025_01_BAL_BUF,0,0,0,0,0,0,0,0,2,4,10,0,2025,Rashod Bateman,BAL,3.0
4360939,2025_02_CLE_BAL,0,0,0,0,0,0,0,0,2,4,15,0,2025,Rashod Bateman,BAL,3.5
4360939,2025_03_DET_BAL,0,0,0,0,0,0,0,0,5,7,63,1,2025,Rashod Bateman,BAL,17.3
4360939,2025_04_BAL_KC,0,0,0,0,0,0,0,0,1,2,24,0,2025,Rashod Bateman,BAL,3.4
4360939,2025_05_HOU_BAL,0,0,0,0,0,0,0,0,0,3,0,0,2025,Rashod Bateman,BAL,0.0
4360939,2025_06_LAR_BAL,0,0,0,0,0,0,0,0,1,1,8,0,2025,Rashod Bateman,BAL,1.8
4360939,2025_08_CHI_BAL,0,0,0,0,0,0,0,0,2,4,51,0,2025,Rashod Bateman,BAL,7.1
4360939,2025_09_BAL_MIA,0,0,0,0,0,0,0,0,2,4,13,1,2025,Rashod Bateman,BAL,9.3
4360939,2025_10_BAL_MIN,0,0,0,0,0,0,0,0,1,2,10,0,2025,Rashod Bateman,BAL,2.0
4360939,2025_13_CIN_BAL,0,0,0,0,0,0,0,0,0,1,0,0,2025,Rashod Bateman,BAL,0.0
4360939,2025_14_PIT_BAL,0,0,0,0,0,0,0,0,2,3,23,0,2025,Rashod Bateman,BAL,4.3
4360939,2025_16_NE_BAL,0,0,0,0,0,0,0,0,0,2,0,0,2025,Rashod Bateman,BAL,0.0
4360939,2025_17_BAL_GB,0,0,0,0,0,0,0,0,1,1,7,0,2025,Rashod Bateman,BAL,1.7
4429501,2024_01_ARI_BUF,0,0,0,0,0,3,13,0,1,1,14,0,2024,Ray Davis,BUF,3.7
4429501,2024_02_BUF_MIA,0,0,0,0,0,9,29,0,1,1,-1,0,2024,Ray Davis,BUF,3.8
4429501,2024_03_JAX_BUF,0,0,0,0,0,7,22,1,1,1,1,0,2024,Ray Davis,BUF,9.3
4429501,2024_04_BUF_BAL,0,0,0,0,0,7,11,0,0,0,0,0,2024,Ray Davis,BUF,1.1
4429501,2024_05_BUF_HOU,0,0,0,0,0,0,0,0,1,2,4,0,2024,Ray Davis,BUF,1.4
4429501,2024_06_BUF_NYJ,0,0,0,0,0,20,97,0,3,3,55,0,2024,Ray Davis,BUF,18.2
4429501,2024_07_TEN_BUF,0,0,0,0,0,5,41,1,1,1,6,0,2024,Ray Davis,BUF,11.7
4429501,2024_08_BUF_SEA,0,0,0,0,0,6,29,0,0,0,0,0,2024,Ray Davis,BUF,2.9
4429501,2024_09_MIA_BUF,0,0,0,0,0,4,20,0,2,2,70,1,2024,Ray Davis,BUF,17.0
4429501,2024_10_BUF_IND,0,0,0,0,0,3,6,0,0,0,0,0,2024,Ray Davis,BUF,0.6
4429501,2024_11_KC_BUF,0,0,0,0,0,5,11,0,0,0,0,0,2024,Ray Davis,BUF,1.1
4429501,2024_13_SF_BUF,0,0,0,0,0,11,63,1,1,1,4,0,2024,Ray Davis,BUF,13.7
4429501,2024_15_BUF_DET,0,0,0,0,0,7,15,0,2,2,14,1,2024,Ray Davis,BUF,10.9
4429501,2024_16_NE_BUF,0,0,0,0,0,5,12,0,1,1,17,0,2024,Ray Davis,BUF,3.9
4429501,2024_17_NYJ_BUF,0,0,0,0,0,6,9,0,1,1,4,0,2024,Ray Davis,BUF,2.3
4429501,2024_18_BUF_NE,0,0,0,0,0,15,64,0,2,3,1,1,2024,Ray Davis,BUF,14.5
4429501,2025_01_BAL_BUF,0,0,0,0,0,1,2,0,1,1,-1,0,2025,Ray Davis,BUF,1.1
4429501,2025_02_BUF_NYJ,0,0,0,0,0,9,24,0,0,0,0,0,2025,Ray Davis,BUF,2.4
4429501,2025_03_MIA_BUF,0,0,0,0,0,0,0,0,0,1,0,0,2025,Ray Davis,BUF,0.0
4429501,2025_06_BUF_ATL,0,0,0,0,0,0,0,0,2,2,19,1,2025,Ray Davis,BUF,9.9
4429501,2025_08_BUF_CAR,0,0,0,0,0,9,16,0,0,1,0,0,2025,Ray Davis,BUF,1.6
4429501,2025_10_BUF_MIA,0,0,0,0,0,2,-2,0,1,2,0,0,2025,Ray Davis,BUF,0.8
4429501,2025_13_BUF_PIT,0,0,0,0,0,9,62,0,0,0,0,0,2025,Ray Davis,BUF,6.2
4429501,2025_15_BUF_NE,0,0,0,0,0,0,0,0,1,1,13,0,2025,Ray Davis,BUF,2.3
4429501,2025_16_BUF_CLE,0,0,0,0,0,3,14,0,2,2,20,0,2025,Ray Davis,BUF,5.4
4429501,2025_17_PHI_BUF,0,0,0,0,0,1,4,0,1,1,12,0,2025,Ray Davis,BUF,2.6
4429501,2025_18_NYJ_BUF,0,0,0,0,0,21,151,0,2,2,23,1,2025,Ray Davis,BUF,25.4
3728262,2024_01_PIT_ATL,0,0,0,0,0,0,0,0,4,7,52,0,2024,Ray-Ray McCloud III,ATL,9.2
3728262,2024_02_ATL_PHI,0,0,0,0,0,1,3,0,3,5,42,0,2024,Ray-Ray McCloud III,ATL,7.5
3728262,2024_03_KC_ATL,0,0,0,0,0,1,20,0,2,3,17,0,2024,Ray-Ray McCloud III,ATL,5.7
3728262,2024_04_NO_ATL,0,0,0,0,0,0,0,0,6,7,52,0,2024,Ray-Ray McCloud III,ATL,11.2
3728262,2024_05_TB_ATL,0,0,0,0,0,0,0,0,6,9,66,0,2024,Ray-Ray McCloud III,ATL,12.6
3728262,2024_06_ATL_CAR,0,0,0,0,0,1,3,0,3,4,30,0,2024,Ray-Ray McCloud III,ATL,6.3
3728262,2024_07_SEA_ATL,0,0,0,0,0,0,0,0,2,4,9,0,2024,Ray-Ray McCloud III,ATL,2.9
3728262,2024_08_ATL_TB,0,0,0,0,0,1,17,0,3,3,9,0,2024,Ray-Ray McCloud III,ATL,5.6
3728262,2024_09_DAL_ATL,0,0,0,0,0,1,7,0,3,3,28,1,2024,Ray-Ray McCloud III,ATL,12.5
3728262,2024_10_ATL_NO,0,0,0,0,0,1,6,0,3,4,30,0,2024,Ray-Ray McCloud III,ATL,6.6
3728262,2024_11_ATL_DEN,0,0,0,0,0,0,0,0,6,6,46,0,2024,Ray-Ray McCloud III,ATL,10.6
3728262,2024_13_LAC_ATL,0,0,0,0,0,1,-2,0,4,6,95,0,2024,Ray-Ray McCloud III,ATL,13.3
3728262,2024_14_ATL_MIN,0,0,0,0,0,1,3,0,8,11,98,0,2024,Ray-Ray McCloud III,ATL,18.1
3728262,2024_15_ATL_LV,0,0,0,0,0,0,0,0,1,3,14,0,2024,Ray-Ray McCloud III,ATL,2.4
3728262,2024_16_NYG_ATL,0,0,0,0,0,1,8,0,3,4,19,0,2024,Ray-Ray McCloud III,ATL,5.7
3728262,2024_17_ATL_WSH,0,0,0,0,0,1,14,0,1,1,13,0,2024,Ray-Ray McCloud III,ATL,3.7
3728262,2024_18_CAR_ATL,0,0,0,0,0,0,0,0,4,7,66,0,2024,Ray-Ray McCloud III,ATL,10.6
3728262,2025_01_TB_ATL,0,0,0,0,0,0,0,0,3,5,51,0,2025,Ray-Ray McCloud III,ATL,8.1
3728262,2025_02_ATL_MIN,0,0,0,0,0,0,0,0,0,2,0,0,2025,Ray-Ray McCloud III,ATL,0.0
3728262,2025_03_ATL_CAR,0,0,0,0,0,0,0,0,2,5,20,0,2025,Ray-Ray McCloud III,ATL,4.0
3728262,2025_04_WSH_ATL,0,0,0,0,0,0,0,0,1,2,-7,0,2025,Ray-Ray McCloud III,ATL,0.3
3728262,2025_09_SF_NYG,0,0,0,0,0,0,0,0,1,1,5,0,2025,Ray-Ray McCloud III,NYG,1.5
4039505,2025_12_BUF_HOU,0,0,0,0,0,0,0,0,1,1,2,0,2025,Reggie Gilliam,BUF,1.2
4039505,2025_18_NYJ_BUF,0,0,0,0,0,2,4,0,1,1,22,0,2025,Reggie Gilliam,BUF,3.6
4569173,2024_01_NE_CIN,0,0,0,0,0,25,120,1,3,3,6,0,2024,Rhamondre Stevenson,NE,21.6
4569173,2024_02_SEA_NE,0,0,0,0,0,21,81,1,2,5,9,0,2024,Rhamondre Stevenson,NE,17.0
4569173,2024_03_NE_NYJ,0,0,0,0,0,6,23,0,0,0,0,0,2024,Rhamondre Stevenson,NE,2.3
4569173,2024_04_NE_SF,0,0,0,0,0,13,43,0,4,5,19,0,2024,Rhamondre Stevenson,NE,10.2
4569173,2024_05_MIA_NE,0,0,0,0,0,12,89,1,4,4,3,0,2024,Rhamondre Stevenson,NE,19.2
4569173,2024_07_NE_JAX,0,0,0,0,0,7,18,0,2,3,7,0,2024,Rhamondre Stevenson,NE,4.5
4569173,2024_08_NYJ_NE,0,0,0,0,0,20,48,2,3,3,17,0,2024,Rhamondre Stevenson,NE,21.5
4569173,2024_09_NE_TEN,0,0,0,0,0,10,16,1,5,5,38,1,2024,Rhamondre Stevenson,NE,22.4
4569173,2024_10_NE_CHI,0,0,0,0,0,20,74,0,1,1,3,0,2024,Rhamondre Stevenson,NE,8.7
4569173,2024_11_LAR_NE,0,0,0,0,0,20,73,0,4,4,16,0,2024,Rhamondre Stevenson,NE,12.9
4569173,2024_12_NE_MIA,0,0,0,0,0,8,13,0,0,2,0,0,2024,Rhamondre Stevenson,NE,1.3
4569173,2024_13_IND_NE,0,0,0,0,0,18,73,0,3,3,21,0,2024,Rhamondre Stevenson,NE,12.4
4569173,2024_15_NE_ARI,0,0,0,0,0,13,69,0,1,1,16,0,2024,Rhamondre Stevenson,NE,9.5
4569173,2024_16_NE_BUF,0,0,0,0,0,12,60,1,1,1,13,0,2024,Rhamondre Stevenson,NE,14.3
4569173,2024_17_LAC_NE,0,0,0,0,0,2,1,0,0,1,0,0,2024,Rhamondre Stevenson,NE,0.1
4569173,2025_01_LV_NE,0,0,0,0,0,7,15,0,2,3,12,0,2025,Rhamondre Stevenson,NE,4.7
4569173,2025_02_NE_MIA,0,0,0,0,0,11,54,0,5,5,88,0,2025,Rhamondre Stevenson,NE,19.2
4569173,2025_03_PIT_NE,0,0,0,0,0,4,18,0,3,3,38,0,2025,Rhamondre Stevenson,NE,8.6
4569173,2025_04_CAR_NE,0,0,0,0,0,9,38,0,1,1,3,0,2025,Rhamondre Stevenson,NE,5.1
4569173,2025_05_NE_BUF,0,0,0,0,0,7,14,2,2,2,13,0,2025,Rhamondre Stevenson,NE,16.7
4569173,2025_06_NE_NO,0,0,0,0,0,13,18,0,0,1,0,0,2025,Rhamondre Stevenson,NE,1.8
4569173,2025_07_NE_TEN,0,0,0,0,0,18,88,1,2,2,0,0,2025,Rhamondre Stevenson,NE,16.8
4569173,2025_08_CLE_NE,0,0,0,0,0,14,34,0,1,2,15,0,2025,Rhamondre Stevenson,NE,5.9
4569173,2025_12_NE_CIN,0,0,0,0,0,6,5,0,1,2,5,0,2025,Rhamondre Stevenson,NE,2.0
4569173,2025_13_NYG_NE,0,0,0,0,0,12,40,0,3,3,40,0,2025,Rhamondre Stevenson,NE,11.0
4569173,2025_15_BUF_NE,0,0,0,0,0,6,50,0,3,3,27,0,2025,Rhamondre Stevenson,NE,10.7
4569173,2025_16_NE_BAL,0,0,0,0,0,8,51,1,2,3,27,0,2025,Rhamondre Stevenson,NE,15.8
4569173,2025_17_NE_NYJ,0,0,0,0,0,8,47,1,5,5,55,1,2025,Rhamondre Stevenson,NE,27.2
4569173,2025_18_MIA_NE,0,0,0,0,0,7,131,2,2,2,22,1,2025,Rhamondre Stevenson,NE,35.3
4428209,2024_07_KC_SF,0,0,0,0,0,0,0,0,3,5,21,0,2024,Ricky Pearsall,SF,5.1
4428209,2024_08_DAL_SF,0,0,0,0,0,1,39,0,4,4,38,0,2024,Ricky Pearsall,SF,11.7
4428209,2024_10_SF_TB,0,0,0,0,0,0,0,0,4,6,73,1,2024,Ricky Pearsall,SF,17.3
4428209,2024_11_SEA_SF,0,0,0,0,0,0,0,0,0,2,0,0,2024,Ricky Pearsall,SF,0.0
4428209,2024_13_SF_BUF,0,0,0,0,0,0,0,0,0,1,0,0,2024,Ricky Pearsall,SF,0.0
4428209,2024_14_CHI_SF,0,0,0,0,0,0,0,0,1,2,5,0,2024,Ricky Pearsall,SF,1.5
4428209,2024_15_LAR_SF,0,0,0,0,0,0,0,0,1,4,16,0,2024,Ricky Pearsall,SF,2.6
4428209,2024_16_SF_MIA,0,0,0,0,0,0,0,0,4,4,37,0,2024,Ricky Pearsall,SF,7.7
4428209,2024_17_DET_SF,0,1,0,0,0,2,6,0,8,10,141,1,2024,Ricky Pearsall,SF,28.7
4428209,2024_18_SF_ARI,0,0,0,0,0,0,0,0,6,8,69,1,2024,Ricky Pearsall,SF,18.9
4428209,2025_01_SF_SEA,0,0,0,0,0,0,0,0,4,7,108,0,2025,Ricky Pearsall,SF,14.8
4428209,2025_02_SF_NO,0,0,0,0,0,1,-4,0,4,6,56,0,2025,Ricky Pearsall,SF,9.2
4428209,2025_03_ARI_SF,0,0,0,0,0,0,0,0,8,11,117,0,2025,Ricky Pearsall,SF,19.7
4428209,2025_04_JAX_SF,0,0,0,0,0,0,0,0,4,5,46,0,2025,Ricky Pearsall,SF,8.6
4428209,2025_11_SF_ARI,0,0,0,0,0,0,0,0,1,2,0,0,2025,Ricky Pearsall,SF,1.0
4428209,2025_12_CAR_SF,0,0,0,0,0,1,2,0,2,4,6,0,2025,Ricky Pearsall,SF,2.8
4428209,2025_13_SF_CLE,0,0,0,0,0,0,0,0,2,3,14,0,2025,Ricky Pearsall,SF,3.4
4428209,2025_15_TEN_SF,0,0,0,0,0,0,0,0,6,7,96,0,2025,Ricky Pearsall,SF,15.6
4428209,2025_17_CHI_SF,0,0,0,0,0,0,0,0,5,8,85,0,2025,Ricky Pearsall,SF,13.5
4038815,2024_01_DAL_CLE,0,0,0,0,0,8,26,0,1,1,6,0,2024,Rico Dowdle,DAL,4.2
4038815,2024_02_NO_DAL,0,0,0,0,0,7,30,0,4,5,29,0,2024,Rico Dowdle,DAL,9.9
4038815,2024_03_BAL_DAL,0,0,0,0,0,8,32,0,3,5,24,0,2024,Rico Dowdle,DAL,8.6
4038815,2024_04_DAL_NYG,0,0,0,0,0,11,46,0,1,1,15,1,2024,Rico Dowdle,DAL,13.1
4038815,2024_05_DAL_PIT,0,0,0,0,0,20,87,0,2,2,27,1,2024,Rico Dowdle,DAL,19.4
4038815,2024_06_DET_DAL,0,0,0,0,0,5,25,0,5,6,30,0,2024,Rico Dowdle,DAL,10.5
4038815,2024_09_DAL_ATL,0,0,0,0,0,12,75,0,5,6,32,1,2024,Rico Dowdle,DAL,21.7
4038815,2024_10_PHI_DAL,0,0,0,0,0,12,53,0,3,3,3,0,2024,Rico Dowdle,DAL,8.6
4038815,2024_11_HOU_DAL,0,0,0,0,0,10,28,0,2,5,6,0,2024,Rico Dowdle,DAL,5.4
4038815,2024_12_DAL_WSH,0,0,0,0,0,19,86,0,3,3,12,0,2024,Rico Dowdle,DAL,12.8
4038815,2024_13_NYG_DAL,0,0,0,0,0,22,112,1,3,3,11,0,2024,Rico Dowdle,DAL,21.3
4038815,2024_14_CIN_DAL,0,0,0,0,0,18,131,0,1,2,10,0,2024,Rico Dowdle,DAL,15.1
4038815,2024_15_DAL_CAR,0,0,0,0,0,25,149,0,0,0,0,0,2024,Rico Dowdle,DAL,14.9
4038815,2024_16_TB_DAL,0,0,0,0,0,13,23,0,3,3,28,0,2024,Rico Dowdle,DAL,8.1
4038815,2024_17_DAL_PHI,0,0,0,0,0,23,104,0,1,1,4,0,2024,Rico Dowdle,DAL,11.8
4038815,2024_18_WSH_DAL,0,0,0,0,0,22,72,1,2,3,12,0,2024,Rico Dowdle,DAL,16.4
4038815,2025_01_CAR_JAX,0,0,0,0,0,3,12,0,2,3,4,0,2025,Rico Dowdle,CAR,3.6
4038815,2025_02_CAR_ARI,0,0,0,0,0,6,9,0,1,1,10,0,2025,Rico Dowdle,CAR,2.9
4038815,2025_03_ATL_CAR,0,0,0,0,0,10,30,1,1,1,8,0,2025,Rico Dowdle,CAR,10.8
4038815,2025_04_CAR_NE,0,0,0,0,0,9,32,0,1,1,-2,0,2025,Rico Dowdle,CAR,4.0
4038815,2025_05_MIA_CAR,0,0,0,0,0,23,206,1,3,4,28,0,2025,Rico Dowdle,CAR,32.4
4038815,2025_06_DAL_CAR,0,0,0,0,0,30,183,0,4,5,56,1,2025,Rico Dowdle,CAR,33.9
4038815,2025_07_CAR_NYJ,0,0,0,0,0,17,79,0,1,2,17,0,2025,Rico Dowdle,CAR,10.6
4038815,2025_08_BUF_CAR,0,0,0,0,0,8,54,0,0,0,0,0,2025,Rico Dowdle,CAR,5.4
4038815,2025_09_CAR_GB,0,0,0,0,0,25,130,2,2,3,11,0,2025,Rico Dowdle,CAR,28.1
4038815,2025_10_NO_CAR,0,0,0,0,0,18,53,1,3,3,10,0,2025,Rico Dowdle,CAR,15.3
4038815,2025_11_CAR_ATL,0,0,0,0,0,19,45,0,5,7,55,0,2025,Rico Dowdle,CAR,15.0
4038815,2025_12_CAR_SF,0,0,0,0,0,6,38,0,4,4,36,0,2025,Rico Dowdle,CAR,11.4
4038815,2025_13_LAR_CAR,0,0,0,0,0,18,58,0,2,2,21,0,2025,Rico Dowdle,CAR,9.9
4038815,2025_15_CAR_NO,0,0,0,0,0,16,49,1,1,1,5,0,2025,Rico Dowdle,CAR,12.4
4038815,2025_16_TB_CAR,0,0,0,0,0,9,29,0,4,6,14,0,2025,Rico Dowdle,CAR,8.3
4038815,2025_17_SEA_CAR,0,0,0,0,0,12,59,0,3,5,4,0,2025,Rico Dowdle,CAR,9.3
4038815,2025_18_CAR_TB,0,0,0,0,0,7,10,0,2,2,20,0,2025,Rico Dowdle,CAR,5.0
4683423,2025_08_TEN_IND,0,2,0,0,0,1,1,0,0,0,0,0,2025,Riley Leonard,IND,0.1
4683423,2025_14_IND_JAX,18,29,145,0,1,2,5,1,0,0,0,0,2025,Riley Leonard,IND,11.3
4683423,2025_18_IND_HOU,21,34,270,2,1,3,21,1,0,0,-3,0,2025,Riley Leonard,IND,25.6
3052056,2024_15_MIA_HOU,0,0,0,0,0,0,0,0,1,1,6,0,2024,River Cracraft,MIA,1.6
3052056,2024_16_SF_MIA,0,0,0,0,0,0,0,0,1,3,6,0,2024,River Cracraft,MIA,1.6
3052056,2024_17_MIA_CLE,0,0,0,0,0,0,0,0,1,1,16,0,2024,River Cracraft,MIA,2.6
3052056,2024_18_MIA_NYJ,0,0,0,0,0,0,0,0,4,4,38,0,2024,River Cracraft,MIA,7.8
2574808,2024_02_BUF_MIA,0,0,0,0,0,0,0,0,1,4,5,0,2024,Robbie Chosen,MIA,1.5
2574808,2025_07_WSH_DAL,0,0,0,0,0,0,0,0,4,4,36,0,2025,Robbie Chosen,WSH,7.6
2574808,2025_10_DET_WSH,0,0,0,0,0,0,0,0,1,4,17,0,2025,Robbie Chosen,WSH,2.7
2574808,2025_11_WSH_MIA,0,0,0,0,0,0,0,0,0,1,0,0,2025,Robbie Chosen,WSH,0.0
2975674,2025_11_KC_DEN,0,0,0,0,0,0,0,0,1,1,1,0,2025,Robert Tonyan,KC,1.1
15880,2024_03_HOU_MIN,0,0,0,0,0,0,0,0,2,2,18,0,2024,Robert Woods,HOU,3.8
15880,2024_04_JAX_HOU,0,0,0,0,0,0,0,0,1,3,10,0,2024,Robert Woods,HOU,2.0
15880,2024_08_IND_HOU,0,0,0,0,0,0,0,0,2,2,18,0,2024,Robert Woods,HOU,3.8
15880,2024_09_HOU_NYJ,0,0,0,0,0,0,0,0,2,3,44,0,2024,Robert Woods,HOU,6.4
15880,2024_10_DET_HOU,0,0,0,0,0,0,0,0,1,3,1,0,2024,Robert Woods,HOU,1.1
15880,2024_11_HOU_DAL,0,0,0,0,0,0,0,0,2,2,13,0,2024,Robert Woods,HOU,3.3
15880,2024_12_TEN_HOU,0,0,0,0,0,0,0,0,1,1,8,0,2024,Robert Woods,HOU,1.8
15880,2024_13_HOU_JAX,0,0,0,0,0,0,0,0,0,1,0,0,2024,Robert Woods,HOU,0.0
15880,2024_15_MIA_HOU,0,0,0,0,0,0,0,0,2,2,12,0,2024,Robert Woods,HOU,3.2
15880,2024_16_HOU_KC,0,0,0,0,0,0,0,0,3,6,19,0,2024,Robert Woods,HOU,4.9
15880,2024_17_BAL_HOU,0,0,0,0,0,0,0,0,2,2,21,0,2024,Robert Woods,HOU,4.1
15880,2024_18_HOU_TEN,0,0,0,0,0,0,0,0,2,3,39,0,2024,Robert Woods,HOU,5.9
4431492,2025_02_SEA_PIT,0,0,0,0,0,0,0,0,1,2,7,0,2025,Roman Wilson,PIT,1.7
4431492,2025_06_CLE_PIT,0,0,0,0,0,0,0,0,1,1,12,0,2025,Roman Wilson,PIT,2.2
4431492,2025_07_PIT_CIN,0,0,0,0,0,0,0,0,2,2,17,0,2025,Roman Wilson,PIT,3.7
4431492,2025_08_GB_PIT,0,0,0,0,0,0,0,0,4,5,74,1,2025,Roman Wilson,PIT,17.4
4431492,2025_09_IND_PIT,0,0,0,0,0,0,0,0,1,2,4,0,2025,Roman Wilson,PIT,1.4
4431492,2025_10_PIT_LAC,0,0,0,0,0,0,0,0,2,3,35,1,2025,Roman Wilson,PIT,11.5
4431492,2025_11_CIN_PIT,0,0,0,0,0,0,0,0,1,2,17,0,2025,Roman Wilson,PIT,2.7
4431492,2025_12_PIT_CHI,0,0,0,0,0,0,0,0,0,2,0,0,2025,Roman Wilson,PIT,0.0
4431492,2025_13_BUF_PIT,0,0,0,0,0,0,0,0,0,1,0,0,2025,Roman Wilson,PIT,0.0
4431299,2024_01_TEN_CHI,0,0,0,0,0,0,0,0,1,4,11,0,2024,Rome Odunze,CHI,2.1
4431299,2024_02_CHI_HOU,0,0,0,0,0,0,0,0,2,5,33,0,2024,Rome Odunze,CHI,5.3
4431299,2024_03_CHI_IND,0,0,0,0,0,1,2,0,6,11,112,1,2024,Rome Odunze,CHI,23.4
4431299,2024_04_LAR_CHI,0,0,0,0,0,0,0,0,1,3,10,0,2024,Rome Odunze,CHI,2.0
4431299,2024_05_CAR_CHI,0,0,0,0,0,0,0,0,5,6,40,0,2024,Rome Odunze,CHI,9.0
4431299,2024_06_JAX_CHI,0,0,0,0,0,0,0,0,2,2,40,0,2024,Rome Odunze,CHI,6.0
4431299,2024_08_CHI_WSH,0,0,0,0,0,2,13,0,3,6,41,0,2024,Rome Odunze,CHI,8.4
4431299,2024_09_CHI_ARI,0,0,0,0,0,0,0,0,5,7,104,0,2024,Rome Odunze,CHI,15.4
4431299,2024_10_NE_CHI,0,0,0,0,0,0,0,0,3,6,23,0,2024,Rome Odunze,CHI,5.3
4431299,2024_11_GB_CHI,0,0,0,0,0,0,0,0,6,10,65,0,2024,Rome Odunze,CHI,12.5
4431299,2024_12_MIN_CHI,0,0,0,0,0,0,0,0,5,10,39,0,2024,Rome Odunze,CHI,8.9
4431299,2024_13_CHI_DET,0,0,0,0,0,0,0,0,2,6,25,0,2024,Rome Odunze,CHI,4.5
4431299,2024_14_CHI_SF,0,0,0,0,0,0,0,0,4,5,42,2,2024,Rome Odunze,CHI,20.2
4431299,2024_15_CHI_MIN,0,0,0,0,0,0,0,0,2,7,39,0,2024,Rome Odunze,CHI,5.9
4431299,2024_16_DET_CHI,0,0,0,0,0,0,0,0,4,7,77,0,2024,Rome Odunze,CHI,11.7
4431299,2024_17_SEA_CHI,0,0,0,0,0,0,0,0,1,4,15,0,2024,Rome Odunze,CHI,2.5
4431299,2024_18_CHI_GB,0,0,0,0,0,0,0,0,2,2,18,0,2024,Rome Odunze,CHI,3.8
4431299,2025_01_MIN_CHI,0,0,0,0,0,0,0,0,6,9,37,1,2025,Rome Odunze,CHI,15.7
4431299,2025_02_CHI_DET,0,0,0,0,0,0,0,0,7,11,128,2,2025,Rome Odunze,CHI,31.8
4431299,2025_03_DAL_CHI,0,0,0,0,0,0,0,0,3,7,62,1,2025,Rome Odunze,CHI,15.2
4431299,2025_04_CHI_LV,0,0,0,0,0,0,0,0,4,8,69,1,2025,Rome Odunze,CHI,16.9
4431299,2025_06_CHI_WSH,0,0,0,0,0,0,0,0,2,5,32,0,2025,Rome Odunze,CHI,5.2
4431299,2025_07_NO_CHI,0,0,0,0,0,0,0,0,2,6,31,0,2025,Rome Odunze,CHI,5.1
4431299,2025_08_CHI_BAL,0,0,0,0,0,0,0,0,7,10,114,0,2025,Rome Odunze,CHI,18.4
4431299,2025_09_CHI_CIN,0,0,0,0,0,0,0,0,0,3,0,0,2025,Rome Odunze,CHI,0.0
4431299,2025_10_NYG_CHI,0,0,0,0,0,0,0,0,6,10,86,1,2025,Rome Odunze,CHI,20.6
4431299,2025_11_CHI_MIN,0,0,0,0,0,0,0,0,2,6,41,0,2025,Rome Odunze,CHI,6.1
4431299,2025_12_PIT_CHI,0,0,0,0,0,0,0,0,3,9,53,0,2025,Rome Odunze,CHI,8.3
4431299,2025_13_CHI_PHI,0,0,0,0,0,0,0,0,2,6,8,0,2025,Rome Odunze,CHI,2.8
4361432,2024_01_GB_PHI,0,0,0,0,0,0,0,0,4,7,50,0,2024,Romeo Doubs,GB,9.0
4361432,2024_02_IND_GB,0,0,0,0,0,0,0,0,3,3,62,0,2024,Romeo Doubs,GB,9.2
4361432,2024_03_GB_TEN,0,0,0,0,0,0,0,0,1,2,18,0,2024,Romeo Doubs,GB,2.8
4361432,2024_04_MIN_GB,0,0,0,0,0,0,0,0,4,8,39,0,2024,Romeo Doubs,GB,7.9
4361432,2024_06_ARI_GB,0,0,0,0,0,0,0,0,3,4,49,2,2024,Romeo Doubs,GB,19.9
4361432,2024_07_HOU_GB,0,0,0,0,0,0,0,0,8,10,94,0,2024,Romeo Doubs,GB,17.4
4361432,2024_08_GB_JAX,0,0,0,0,0,0,0,0,3,6,72,0,2024,Romeo Doubs,GB,10.2
4361432,2024_09_DET_GB,0,0,0,0,0,0,0,0,4,5,28,0,2024,Romeo Doubs,GB,6.8
4361432,2024_11_GB_CHI,0,0,0,0,0,0,0,0,1,2,17,0,2024,Romeo Doubs,GB,2.7
4361432,2024_12_SF_GB,0,0,0,0,0,0,0,0,3,6,54,0,2024,Romeo Doubs,GB,8.4
4361432,2024_15_GB_SEA,0,0,0,0,0,0,0,0,3,5,40,2,2024,Romeo Doubs,GB,19.0
4361432,2024_16_NO_GB,0,0,0,0,0,0,0,0,2,3,20,0,2024,Romeo Doubs,GB,4.0
4361432,2024_17_GB_MIN,0,0,0,0,0,0,0,0,7,11,58,0,2024,Romeo Doubs,GB,12.8
4361432,2025_01_DET_GB,0,0,0,0,0,0,0,0,2,4,68,0,2025,Romeo Doubs,GB,8.8
4361432,2025_02_WSH_GB,0,0,0,0,0,0,0,0,3,5,28,1,2025,Romeo Doubs,GB,11.8
4361432,2025_03_GB_CLE,0,0,0,0,0,0,0,0,2,2,25,0,2025,Romeo Doubs,GB,4.5
4361432,2025_04_GB_DAL,0,0,0,0,0,0,0,0,6,8,58,3,2025,Romeo Doubs,GB,29.8
4361432,2025_06_CIN_GB,0,0,0,0,0,0,0,0,5,9,55,0,2025,Romeo Doubs,GB,10.5
4361432,2025_07_GB_ARI,0,0,0,0,0,0,0,0,6,8,72,0,2025,Romeo Doubs,GB,13.2
4361432,2025_08_GB_PIT,0,0,0,0,0,0,0,0,3,6,44,0,2025,Romeo Doubs,GB,7.4
4361432,2025_09_CAR_GB,0,0,0,0,0,0,0,0,7,10,91,0,2025,Romeo Doubs,GB,16.1
4361432,2025_10_PHI_GB,0,0,0,0,0,0,0,0,1,4,5,0,2025,Romeo Doubs,GB,1.5
4361432,2025_11_GB_NYG,0,0,0,0,0,0,0,0,4,8,53,0,2025,Romeo Doubs,GB,9.3
4361432,2025_12_MIN_GB,0,0,0,0,0,0,0,0,2,3,23,0,2025,Romeo Doubs,GB,4.3
4361432,2025_13_GB_DET,0,0,0,0,0,0,0,0,4,4,20,1,2025,Romeo Doubs,GB,12.0
4361432,2025_14_CHI_GB,0,0,0,0,0,0,0,0,0,2,0,0,2025,Romeo Doubs,GB,0.0
4361432,2025_15_GB_DEN,0,0,0,0,0,0,0,0,2,3,36,0,2025,Romeo Doubs,GB,5.6
4361432,2025_16_GB_CHI,0,0,0,0,0,0,0,0,5,6,84,1,2025,Romeo Doubs,GB,19.4
4361432,2025_17_BAL_GB,0,0,0,0,0,0,0,0,3,3,62,0,2025,Romeo Doubs,GB,9.2
4372063,2024_03_SF_LAR,0,0,0,0,0,0,0,0,1,3,12,0,2024,Ronnie Bell,SF,2.2
4372063,2024_07_KC_SF,0,0,0,0,0,0,0,0,1,2,10,0,2024,Ronnie Bell,SF,2.0
4372063,2024_08_DAL_SF,0,0,0,0,0,0,0,0,0,1,0,0,2024,Ronnie Bell,SF,0.0
4372063,2025_18_NO_ATL,0,0,0,0,0,0,0,0,2,4,23,1,2025,Ronnie Bell,NO,10.3
4243003,2024_02_LAR_ARI,0,0,0,0,0,0,0,0,1,1,0,0,2024,Ronnie Rivers,LAR,1.0
4243003,2024_04_LAR_CHI,0,0,0,0,0,6,26,0,0,0,0,0,2024,Ronnie Rivers,LAR,2.6
4243003,2024_18_SEA_LAR,0,0,0,0,0,12,48,0,4,5,34,0,2024,Ronnie Rivers,LAR,12.2
4243003,2025_14_LAR_ARI,0,0,0,0,0,8,41,0,0,0,0,0,2025,Ronnie Rivers,LAR,4.1
4426386,2024_03_CHI_IND,0,0,0,0,0,8,30,0,4,5,32,0,2024,Roschon Johnson,CHI,10.2
4426386,2024_04_LAR_CHI,0,0,0,0,0,7,26,1,0,0,0,0,2024,Roschon Johnson,CHI,8.6
4426386,2024_05_CAR_CHI,0,0,0,0,0,10,25,2,0,0,0,0,2024,Roschon Johnson,CHI,14.5
4426386,2024_06_JAX_CHI,0,0,0,0,0,5,8,0,2,3,25,0,2024,Roschon Johnson,CHI,5.3
4426386,2024_09_CHI_ARI,0,0,0,0,0,3,13,0,2,3,8,0,2024,Roschon Johnson,CHI,4.1
4426386,2024_10_NE_CHI,0,0,0,0,0,1,-4,0,1,2,5,0,2024,Roschon Johnson,CHI,1.1
4426386,2024_11_GB_CHI,0,0,0,0,0,10,33,1,1,1,8,0,2024,Roschon Johnson,CHI,11.1
4426386,2024_12_MIN_CHI,0,0,0,0,0,2,2,1,1,1,10,0,2024,Roschon Johnson,CHI,8.2
4426386,2024_17_SEA_CHI,0,0,0,0,0,4,5,0,0,0,0,0,2024,Roschon Johnson,CHI,0.5
4426386,2024_18_CHI_GB,0,0,0,0,0,2,3,0,5,5,16,0,2024,Roschon Johnson,CHI,6.9
3120303,2024_11_ATL_DEN,0,0,0,0,0,0,0,0,1,1,5,0,2024,Ross Dwelley,ATL,1.5
3120303,2025_10_DET_WSH,0,0,0,0,0,0,0,0,0,1,0,0,2025,Ross Dwelley,DET,0.0
3120303,2025_13_GB_DET,0,0,0,0,0,0,0,0,1,3,3,0,2025,Ross Dwelley,DET,1.3
3120303,2025_14_DAL_DET,0,0,0,0,0,0,0,0,1,1,4,0,2025,Ross Dwelley,DET,1.4
14881,2024_07_NYJ_PIT,16,29,264,2,0,3,3,1,0,0,0,0,2024,Russell Wilson,PIT,24.86
14881,2024_08_NYG_PIT,20,28,278,1,0,3,7,0,0,0,0,0,2024,Russell Wilson,PIT,15.82
14881,2024_10_PIT_WSH,14,28,195,3,1,4,3,0,0,0,0,0,2024,Russell Wilson,PIT,19.1
14881,2024_11_BAL_PIT,23,36,205,0,1,4,1,0,0,0,0,0,2024,Russell Wilson,PIT,7.3
14881,2024_12_PIT_CLE,21,28,270,1,0,3,10,0,0,0,0,0,2024,Russell Wilson,PIT,15.8
14881,2024_13_PIT_CIN,29,38,414,3,1,3,3,0,0,0,0,0,2024,Russell Wilson,PIT,27.86
14881,2024_14_CLE_PIT,15,26,158,2,0,6,17,0,0,0,0,0,2024,Russell Wilson,PIT,16.02
14881,2024_15_PIT_PHI,14,22,128,1,0,4,13,0,0,0,0,0,2024,Russell Wilson,PIT,10.42
14881,2024_16_PIT_BAL,22,33,217,2,1,3,27,0,0,0,0,0,2024,Russell Wilson,PIT,18.38
14881,2024_17_KC_PIT,23,37,205,0,1,6,55,1,0,0,0,0,2024,Russell Wilson,PIT,18.7
14881,2024_18_CIN_PIT,17,31,148,1,0,4,16,0,0,0,0,0,2024,Russell Wilson,PIT,11.52
14881,2025_01_NYG_WSH,17,37,168,0,0,8,44,0,0,0,0,0,2025,Russell Wilson,NYG,11.12
14881,2025_02_NYG_DAL,30,41,450,3,1,3,23,0,0,0,0,0,2025,Russell Wilson,NYG,31.3
14881,2025_03_KC_NYG,18,32,160,0,2,5,27,0,0,0,0,0,2025,Russell Wilson,NYG,7.1
14881,2025_10_NYG_CHI,3,7,45,0,0,2,12,0,0,0,0,0,2025,Russell Wilson,NYG,3.0
5083754,2024_06_DET_DAL,0,0,0,0,0,0,0,0,1,1,12,0,2024,Ryan Flournoy,DAL,2.2
5083754,2024_09_DAL_ATL,0,0,0,0,0,0,0,0,1,2,13,0,2024,Ryan Flournoy,DAL,2.3
5083754,2024_11_HOU_DAL,0,0,0,0,0,0,0,0,2,3,19,0,2024,Ryan Flournoy,DAL,3.9
5083754,2024_14_CIN_DAL,0,0,0,0,0,0,0,0,0,1,0,0,2024,Ryan Flournoy,DAL,0.0
5083754,2024_16_TB_DAL,0,0,0,0,0,0,0,0,3,3,41,0,2024,Ryan Flournoy,DAL,7.1
5083754,2024_17_DAL_PHI,0,0,0,0,0,0,0,0,1,2,3,0,2024,Ryan Flournoy,DAL,1.3
5083754,2024_18_WSH_DAL,0,0,0,0,0,0,0,0,2,2,14,0,2024,Ryan Flournoy,DAL,3.4
5083754,2025_03_DAL_CHI,0,0,0,0,0,0,0,0,2,3,21,0,2025,Ryan Flournoy,DAL,4.1
5083754,2025_04_GB_DAL,0,0,0,0,0,1,12,0,2,2,14,0,2025,Ryan Flournoy,DAL,4.6
5083754,2025_05_DAL_NYJ,0,0,0,0,0,2,10,0,6,9,114,0,2025,Ryan Flournoy,DAL,18.4
5083754,2025_06_DAL_CAR,0,0,0,0,0,1,3,0,3,6,30,0,2025,Ryan Flournoy,DAL,6.3
5083754,2025_08_DAL_DEN,0,0,0,0,0,0,0,0,1,2,7,0,2025,Ryan Flournoy,DAL,1.7
5083754,2025_09_ARI_DAL,0,0,0,0,0,0,0,0,2,2,12,1,2025,Ryan Flournoy,DAL,9.2
5083754,2025_11_DAL_LV,0,0,0,0,0,0,0,0,1,1,2,1,2025,Ryan Flournoy,DAL,7.2
5083754,2025_12_PHI_DAL,0,0,0,0,0,0,0,0,0,1,0,0,2025,Ryan Flournoy,DAL,0.0
5083754,2025_13_KC_DAL,0,0,0,0,0,0,0,0,3,3,34,0,2025,Ryan Flournoy,DAL,6.4
5083754,2025_14_DAL_DET,0,0,0,0,0,0,0,0,9,13,115,1,2025,Ryan Flournoy,DAL,26.5
5083754,2025_15_MIN_DAL,0,0,0,0,0,0,0,0,4,5,40,0,2025,Ryan Flournoy,DAL,8.0
5083754,2025_16_LAC_DAL,0,0,0,0,0,0,0,0,2,2,18,1,2025,Ryan Flournoy,DAL,9.8
5083754,2025_18_DAL_NYG,0,0,0,0,0,0,0,0,5,7,68,0,2025,Ryan Flournoy,DAL,11.8
4369466,2024_06_TB_NO,0,0,0,0,0,0,0,0,1,1,39,0,2024,Ryan Miller,TB,4.9
4369466,2024_08_ATL_TB,0,0,0,0,0,0,0,0,3,5,19,0,2024,Ryan Miller,TB,4.9
4369466,2024_09_TB_KC,0,0,0,0,0,0,0,0,1,3,1,1,2024,Ryan Miller,TB,7.1
4369466,2024_10_SF_TB,0,0,0,0,0,0,0,0,1,3,11,0,2024,Ryan Miller,TB,2.1
4369466,2024_12_TB_NYG,0,0,0,0,0,0,0,0,1,1,14,0,2024,Ryan Miller,TB,2.4
4369466,2024_15_TB_LAC,0,0,0,0,0,0,0,0,1,1,1,0,2024,Ryan Miller,TB,1.1
4369466,2024_16_TB_DAL,0,0,0,0,0,0,0,0,2,2,17,1,2024,Ryan Miller,TB,9.7
4369466,2024_17_CAR_TB,0,0,0,0,0,0,0,0,2,4,26,0,2024,Ryan Miller,TB,4.6
4369466,2025_01_TB_ATL,0,0,0,0,0,0,0,0,0,1,0,0,2025,Ryan Miller,TB,0.0
4369466,2025_02_TB_HOU,0,0,0,0,0,0,0,0,1,1,20,1,2025,Ryan Miller,TB,9.0
4369466,2025_03_NYJ_TB,0,0,0,0,0,0,0,0,0,1,0,0,2025,Ryan Miller,TB,0.0
4369466,2025_07_TB_DET,0,0,0,0,0,0,0,0,1,1,14,0,2025,Ryan Miller,TB,2.4
4242536,2025_17_PIT_CLE,0,0,0,0,0,0,0,0,2,4,11,0,2025,Sal Cannella,CLE,3.1
4242536,2025_18_CLE_CIN,0,0,0,0,0,0,0,0,0,1,0,0,2025,Sal Cannella,CLE,0.0
3912547,2024_01_MIN_NYG,19,24,208,2,1,3,3,0,0,0,0,0,2024,Sam Darnold,MIN,15.62
3912547,2024_02_SF_MIN,17,26,268,2,1,5,32,0,0,0,0,0,2024,Sam Darnold,MIN,20.92
3912547,2024_03_HOU_MIN,17,28,181,4,0,0,0,0,0,0,0,0,2024,Sam Darnold,MIN,23.24
3912547,2024_04_MIN_GB,20,28,275,3,1,7,15,0,0,0,0,0,2024,Sam Darnold,MIN,23.5
3912547,2024_05_NYJ_MIN,14,31,179,0,1,5,11,0,0,0,0,0,2024,Sam Darnold,MIN,7.26
3912547,2024_07_DET_MIN,22,27,259,1,1,4,39,0,0,0,0,0,2024,Sam Darnold,MIN,17.26
3912547,2024_08_MIN_LAR,18,25,240,2,0,3,6,0,0,0,0,0,2024,Sam Darnold,MIN,18.2
3912547,2024_09_IND_MIN,28,34,290,3,2,4,14,0,0,0,0,0,2024,Sam Darnold,MIN,23.0
3912547,2024_10_MIN_JAX,24,38,241,0,3,7,28,0,0,0,0,0,2024,Sam Darnold,MIN,9.44
3912547,2024_11_MIN_TEN,20,32,246,2,0,8,18,1,0,0,0,0,2024,Sam Darnold,MIN,25.64
3912547,2024_12_MIN_CHI,22,34,330,2,0,2,-1,0,0,0,0,0,2024,Sam Darnold,MIN,21.1
3912547,2024_13_ARI_MIN,21,31,235,2,0,4,22,0,0,0,0,0,2024,Sam Darnold,MIN,19.6
3912547,2024_14_ATL_MIN,22,28,347,5,0,4,7,0,0,0,0,0,2024,Sam Darnold,MIN,34.58
3912547,2024_15_CHI_MIN,24,40,231,1,1,0,0,0,0,0,0,0,2024,Sam Darnold,MIN,12.24
3912547,2024_16_MIN_SEA,22,35,246,3,0,5,11,0,0,0,0,0,2024,Sam Darnold,MIN,22.94
3912547,2024_17_GB_MIN,33,43,377,3,1,3,-3,0,0,0,0,0,2024,Sam Darnold,MIN,25.78
3912547,2024_18_MIN_DET,18,41,166,0,0,3,10,0,0,0,0,0,2024,Sam Darnold,MIN,7.64
3912547,2025_01_SF_SEA,16,23,150,0,0,2,14,0,0,0,0,0,2025,Sam Darnold,SEA,7.4
3912547,2025_02_SEA_PIT,22,33,295,2,2,0,0,0,0,0,0,0,2025,Sam Darnold,SEA,17.8
3912547,2025_03_NO_SEA,14,18,218,2,0,0,0,0,0,0,0,0,2025,Sam Darnold,SEA,16.72
3912547,2025_04_SEA_ARI,18,26,242,1,0,1,24,0,0,0,0,0,2025,Sam Darnold,SEA,16.08
3912547,2025_05_TB_SEA,28,34,341,4,1,0,0,0,0,0,0,0,2025,Sam Darnold,SEA,28.64
3912547,2025_06_SEA_JAX,16,27,295,2,0,4,2,0,0,0,0,0,2025,Sam Darnold,SEA,20.0
3912547,2025_07_HOU_SEA,17,31,213,1,1,3,1,0,0,0,0,0,2025,Sam Darnold,SEA,11.62
3912547,2025_09_SEA_WSH,21,24,330,4,1,0,0,0,0,0,0,0,2025,Sam Darnold,SEA,28.2
3912547,2025_10_ARI_SEA,10,12,178,1,1,3,-2,0,0,0,0,0,2025,Sam Darnold,SEA,9.92
3912547,2025_11_SEA_LAR,29,44,279,0,4,2,11,0,0,0,0,0,2025,Sam Darnold,SEA,8.26
3912547,2025_12_SEA_TEN,16,26,244,2,0,1,-1,0,0,0,0,0,2025,Sam Darnold,SEA,17.66
3912547,2025_13_MIN_SEA,14,26,128,0,0,0,0,0,0,0,0,0,2025,Sam Darnold,SEA,5.12
3912547,2025_14_SEA_ATL,20,30,249,3,1,3,23,0,0,0,0,0,2025,Sam Darnold,SEA,23.26
3912547,2025_15_IND_SEA,22,36,271,0,0,4,5,0,0,0,0,0,2025,Sam Darnold,SEA,11.34
3912547,2025_16_LAR_SEA,22,34,270,2,2,3,7,0,0,0,0,0,2025,Sam Darnold,SEA,17.5
3912547,2025_17_SEA_CAR,18,27,147,1,1,3,2,0,0,0,0,0,2025,Sam Darnold,SEA,9.08
3912547,2025_18_SEA_SF,20,26,198,0,0,6,9,0,0,0,0,0,2025,Sam Darnold,SEA,8.82
4044133,2024_08_CAR_DEN,0,0,0,0,0,0,0,0,0,1,0,0,2024,Sam Franklin Jr.,CAR,0.0
4426875,2024_15_GB_SEA,5,14,24,0,1,1,2,0,0,0,0,0,2024,Sam Howell,SEA,0.16
3121416,2024_15_CIN_TEN,0,0,0,0,0,0,0,0,1,1,2,1,2024,Sam Hubbard,CIN,7.2
4430027,2024_01_LAR_DET,0,0,0,0,0,0,0,0,4,5,45,0,2024,Sam LaPorta,DET,8.5
4430027,2024_02_TB_DET,0,0,0,0,0,0,0,0,2,3,13,0,2024,Sam LaPorta,DET,3.3
4430027,2024_03_DET_ARI,0,0,0,0,0,0,0,0,2,2,36,0,2024,Sam LaPorta,DET,5.6
4430027,2024_04_SEA_DET,0,0,0,0,0,0,0,0,4,4,53,0,2024,Sam LaPorta,DET,9.3
4430027,2024_06_DET_DAL,0,0,0,0,0,0,0,0,1,1,52,1,2024,Sam LaPorta,DET,12.2
4430027,2024_07_DET_MIN,0,0,0,0,0,0,0,0,1,2,25,0,2024,Sam LaPorta,DET,3.5
4430027,2024_08_TEN_DET,0,0,0,0,0,0,0,0,6,6,48,1,2024,Sam LaPorta,DET,16.8
4430027,2024_09_DET_GB,0,0,0,0,0,0,0,0,2,3,28,0,2024,Sam LaPorta,DET,4.8
4430027,2024_10_DET_HOU,0,0,0,0,0,0,0,0,3,6,66,1,2024,Sam LaPorta,DET,15.6
4430027,2024_12_DET_IND,0,0,0,0,0,0,0,0,3,6,19,0,2024,Sam LaPorta,DET,4.9
4430027,2024_13_CHI_DET,0,0,0,0,0,0,0,0,3,6,6,2,2024,Sam LaPorta,DET,15.6
4430027,2024_14_GB_DET,0,0,0,0,0,0,0,0,5,7,54,0,2024,Sam LaPorta,DET,10.4
4430027,2024_15_BUF_DET,0,0,0,0,0,0,0,0,7,10,111,0,2024,Sam LaPorta,DET,18.1
4430027,2024_16_DET_CHI,0,0,0,0,0,0,0,0,4,7,43,1,2024,Sam LaPorta,DET,14.3
4430027,2024_17_DET_SF,0,0,0,0,0,0,0,0,6,8,64,1,2024,Sam LaPorta,DET,18.4
4430027,2024_18_MIN_DET,0,0,0,0,0,0,0,0,7,7,63,0,2024,Sam LaPorta,DET,13.3
4430027,2025_01_DET_GB,0,0,0,0,0,0,0,0,6,9,79,0,2025,Sam LaPorta,DET,13.9
4430027,2025_02_CHI_DET,0,0,0,0,0,0,0,0,3,4,26,0,2025,Sam LaPorta,DET,5.6
4430027,2025_03_DET_BAL,0,0,0,0,0,0,0,0,4,4,33,0,2025,Sam LaPorta,DET,7.3
4430027,2025_04_CLE_DET,0,0,0,0,0,0,0,0,3,4,39,0,2025,Sam LaPorta,DET,6.9
4430027,2025_05_DET_CIN,0,0,0,0,0,0,0,0,5,6,92,1,2025,Sam LaPorta,DET,20.2
4430027,2025_06_DET_KC,0,0,0,0,0,0,0,0,5,6,55,1,2025,Sam LaPorta,DET,16.5
4430027,2025_07_TB_DET,0,0,0,0,0,0,0,0,3,3,15,0,2025,Sam LaPorta,DET,4.5
4430027,2025_09_MIN_DET,0,0,0,0,0,0,0,0,6,8,97,1,2025,Sam LaPorta,DET,21.7
4430027,2025_10_DET_WSH,0,0,0,0,0,0,0,0,5,5,53,0,2025,Sam LaPorta,DET,10.3
3116389,2024_01_BAL_KC,0,0,0,0,0,0,0,0,1,2,10,0,2024,Samaje Perine,KC,2.0
3116389,2024_02_CIN_KC,0,0,0,0,0,0,0,0,1,1,3,0,2024,Samaje Perine,KC,1.3
3116389,2024_03_KC_ATL,0,0,0,0,0,6,25,0,3,4,15,0,2024,Samaje Perine,KC,7.0
3116389,2024_04_KC_LAC,0,0,0,0,0,5,14,1,0,0,0,0,2024,Samaje Perine,KC,7.4
3116389,2024_05_NO_KC,0,0,0,0,0,0,0,0,1,2,24,0,2024,Samaje Perine,KC,3.4
3116389,2024_07_KC_SF,0,0,0,0,0,2,6,0,1,1,22,0,2024,Samaje Perine,KC,3.8
3116389,2024_08_KC_LV,0,0,0,0,0,0,0,0,2,2,30,0,2024,Samaje Perine,KC,5.0
3116389,2024_09_TB_KC,0,0,0,0,0,1,10,0,4,5,25,1,2024,Samaje Perine,KC,13.5
3116389,2024_10_DEN_KC,0,0,0,0,0,0,0,0,2,2,37,0,2024,Samaje Perine,KC,5.7
3116389,2024_11_KC_BUF,0,0,0,0,0,0,0,0,2,4,8,0,2024,Samaje Perine,KC,2.8
3116389,2024_12_KC_CAR,0,0,0,0,0,1,13,0,2,2,11,0,2024,Samaje Perine,KC,4.4
3116389,2024_13_LV_KC,0,0,0,0,0,0,0,0,1,1,15,0,2024,Samaje Perine,KC,2.5
3116389,2024_14_LAC_KC,0,0,0,0,0,1,3,0,1,2,16,0,2024,Samaje Perine,KC,2.9
3116389,2024_15_KC_CLE,0,0,0,0,0,1,11,0,1,1,23,0,2024,Samaje Perine,KC,4.4
3116389,2024_16_HOU_KC,0,0,0,0,0,0,0,0,3,3,50,0,2024,Samaje Perine,KC,8.0
3116389,2024_17_KC_PIT,0,0,0,0,0,2,9,0,2,2,20,0,2024,Samaje Perine,KC,4.9
3116389,2024_18_KC_DEN,0,0,0,0,0,1,1,0,1,1,13,0,2024,Samaje Perine,KC,2.4
3116389,2025_01_CIN_CLE,0,0,0,0,0,0,0,0,2,2,6,0,2025,Samaje Perine,CIN,2.6
3116389,2025_03_CIN_MIN,0,0,0,0,0,4,21,0,0,0,0,0,2025,Samaje Perine,CIN,2.1
3116389,2025_04_CIN_DEN,0,0,0,0,0,1,4,0,0,1,0,0,2025,Samaje Perine,CIN,0.4
3116389,2025_05_DET_CIN,0,0,0,0,0,4,27,0,2,2,2,0,2025,Samaje Perine,CIN,4.9
3116389,2025_06_CIN_GB,0,0,0,0,0,6,16,0,2,3,16,0,2025,Samaje Perine,CIN,5.2
3116389,2025_07_PIT_CIN,0,0,0,0,0,7,31,0,0,0,0,0,2025,Samaje Perine,CIN,3.1
3116389,2025_08_NYJ_CIN,0,0,0,0,0,9,94,1,1,1,6,0,2025,Samaje Perine,CIN,17.0
3116389,2025_13_CIN_BAL,0,0,0,0,0,14,39,0,2,2,15,0,2025,Samaje Perine,CIN,7.4
3116389,2025_14_CIN_BUF,0,0,0,0,0,6,31,0,1,1,7,0,2025,Samaje Perine,CIN,4.8
3116389,2025_15_BAL_CIN,0,0,0,0,0,14,42,0,1,1,1,0,2025,Samaje Perine,CIN,5.3
3116389,2025_16_CIN_MIA,0,0,0,0,0,7,25,1,2,3,16,0,2025,Samaje Perine,CIN,12.1
3116389,2025_17_ARI_CIN,0,0,0,0,0,3,5,1,1,1,8,0,2025,Samaje Perine,CIN,8.3
3116389,2025_18_CLE_CIN,0,0,0,0,0,8,42,0,3,4,10,0,2025,Samaje Perine,CIN,8.2
4027873,2025_18_NO_ATL,0,0,0,0,0,0,0,0,1,3,3,0,2025,Samori Toure,NO,1.3
3929630,2024_01_GB_PHI,0,0,0,0,0,24,109,2,2,2,23,1,2024,Saquon Barkley,PHI,33.2
3929630,2024_02_ATL_PHI,0,0,0,0,0,22,95,0,4,5,21,0,2024,Saquon Barkley,PHI,15.6
3929630,2024_03_PHI_NO,0,0,0,0,0,17,147,2,4,4,9,0,2024,Saquon Barkley,PHI,31.6
3929630,2024_04_PHI_TB,0,0,0,0,0,10,84,0,2,4,32,0,2024,Saquon Barkley,PHI,13.6
3929630,2024_06_CLE_PHI,0,0,0,0,0,18,47,0,2,2,7,0,2024,Saquon Barkley,PHI,7.4
3929630,2024_07_PHI_NYG,0,0,0,0,0,17,176,1,2,3,11,0,2024,Saquon Barkley,PHI,26.7
3929630,2024_08_PHI_CIN,0,0,0,0,0,22,108,0,1,1,3,0,2024,Saquon Barkley,PHI,12.1
3929630,2024_09_JAX_PHI,0,0,0,0,0,27,159,1,3,4,40,1,2024,Saquon Barkley,PHI,34.9
3929630,2024_10_PHI_DAL,0,0,0,0,0,14,66,0,1,1,12,0,2024,Saquon Barkley,PHI,8.8
3929630,2024_11_WSH_PHI,0,0,0,0,0,26,146,2,2,3,52,0,2024,Saquon Barkley,PHI,33.8
3929630,2024_12_PHI_LAR,0,0,0,0,0,26,255,2,4,4,47,0,2024,Saquon Barkley,PHI,46.2
3929630,2024_13_PHI_BAL,0,0,0,0,0,23,107,1,2,4,10,0,2024,Saquon Barkley,PHI,19.7
3929630,2024_14_CAR_PHI,0,0,0,0,0,20,124,0,0,1,0,0,2024,Saquon Barkley,PHI,12.4
3929630,2024_15_PIT_PHI,0,0,0,0,0,19,65,0,2,2,9,0,2024,Saquon Barkley,PHI,9.4
3929630,2024_16_PHI_WSH,0,0,0,0,0,29,150,2,0,1,0,0,2024,Saquon Barkley,PHI,27.0
3929630,2024_17_DAL_PHI,0,0,0,0,0,31,167,0,2,2,2,0,2024,Saquon Barkley,PHI,18.9
3929630,2025_01_DAL_PHI,0,0,0,0,0,18,60,1,4,5,24,0,2025,Saquon Barkley,PHI,18.4
3929630,2025_02_PHI_KC,0,0,0,0,0,22,88,1,2,2,6,0,2025,Saquon Barkley,PHI,17.4
3929630,2025_03_LAR_PHI,0,0,0,0,0,18,46,0,4,5,9,0,2025,Saquon Barkley,PHI,9.5
3929630,2025_04_PHI_TB,0,0,0,0,0,19,43,1,4,4,31,0,2025,Saquon Barkley,PHI,17.4
3929630,2025_05_DEN_PHI,0,0,0,0,0,6,30,0,3,3,58,1,2025,Saquon Barkley,PHI,17.8
3929630,2025_06_PHI_NYG,0,0,0,0,0,12,58,0,2,3,9,0,2025,Saquon Barkley,PHI,8.7
3929630,2025_07_PHI_MIN,0,0,0,0,0,18,44,0,1,1,-2,0,2025,Saquon Barkley,PHI,5.2
3929630,2025_08_NYG_PHI,0,0,0,0,0,14,150,1,4,5,24,1,2025,Saquon Barkley,PHI,33.4
3929630,2025_10_PHI_GB,0,0,0,0,0,22,60,0,3,3,41,0,2025,Saquon Barkley,PHI,13.1
3929630,2025_11_DET_PHI,0,0,0,0,0,26,83,0,1,2,7,0,2025,Saquon Barkley,PHI,10.0
3929630,2025_12_PHI_DAL,0,0,0,0,0,10,22,0,7,8,52,0,2025,Saquon Barkley,PHI,14.4
3929630,2025_13_CHI_PHI,0,0,0,0,0,13,56,0,0,2,0,0,2025,Saquon Barkley,PHI,5.6
3929630,2025_14_PHI_LAC,0,0,0,0,0,20,122,1,0,2,0,0,2025,Saquon Barkley,PHI,18.2
3929630,2025_15_LV_PHI,0,0,0,0,0,22,78,1,2,3,14,0,2025,Saquon Barkley,PHI,17.2
3929630,2025_16_PHI_WSH,0,0,0,0,0,21,132,1,0,2,0,0,2025,Saquon Barkley,PHI,19.2
3929630,2025_17_PHI_BUF,0,0,0,0,0,19,68,0,0,0,0,0,2025,Saquon Barkley,PHI,6.8
4431487,2025_01_DET_GB,0,0,0,0,0,0,0,0,1,1,1,0,2025,Savion Williams,GB,1.1
4431487,2025_04_GB_DAL,0,0,0,0,0,1,1,0,3,3,22,0,2025,Savion Williams,GB,5.3
4431487,2025_08_GB_PIT,0,0,0,0,0,1,1,0,1,1,8,1,2025,Savion Williams,GB,7.9
4431487,2025_09_CAR_GB,0,0,0,0,0,1,0,0,2,2,12,0,2025,Savion Williams,GB,3.2
4431487,2025_10_PHI_GB,0,0,0,0,0,0,0,0,2,2,2,0,2025,Savion Williams,GB,2.2
4431487,2025_11_GB_NYG,0,0,0,0,0,0,0,0,1,1,33,0,2025,Savion Williams,GB,4.3
4373684,2024_01_LV_LAC,0,0,0,0,0,0,0,0,0,1,0,0,2024,Scott Matlock,LAC,0.0
4373684,2024_04_KC_LAC,0,0,0,0,0,0,0,0,1,1,7,0,2024,Scott Matlock,LAC,1.7
4373684,2024_08_NO_LAC,0,0,0,0,0,0,0,0,1,1,9,0,2024,Scott Matlock,LAC,1.9
4373684,2024_13_LAC_ATL,0,0,0,0,0,0,0,0,1,1,2,0,2024,Scott Matlock,LAC,1.2
4373684,2024_16_DEN_LAC,0,0,0,0,0,0,0,0,1,1,10,0,2024,Scott Matlock,LAC,2.0
4373684,2025_04_LAC_NYG,0,0,0,0,0,0,0,0,1,1,1,0,2025,Scott Matlock,LAC,1.1
4373684,2025_09_LAC_TEN,0,0,0,0,0,0,0,0,1,1,2,1,2025,Scott Matlock,LAC,7.2
4373684,2025_15_LAC_KC,0,0,0,0,0,0,0,0,2,2,9,0,2025,Scott Matlock,LAC,2.9
3914397,2024_03_LAC_PIT,0,0,0,0,0,0,0,0,2,2,31,0,2024,Scotty Miller,PIT,5.1
3914397,2024_08_NYG_PIT,0,0,0,0,0,0,0,0,0,2,0,0,2024,Scotty Miller,PIT,0.0
3914397,2024_14_CLE_PIT,0,0,0,0,0,0,0,0,3,4,38,0,2024,Scotty Miller,PIT,6.8
3914397,2024_15_PIT_PHI,0,0,0,0,0,0,0,0,0,1,0,0,2024,Scotty Miller,PIT,0.0
3914397,2025_04_MIN_PIT,0,0,0,0,0,0,0,0,0,1,0,0,2025,Scotty Miller,PIT,0.0
3914397,2025_07_PIT_CIN,0,0,0,0,0,0,0,0,1,1,9,0,2025,Scotty Miller,PIT,1.9
3914397,2025_16_PIT_DET,0,0,0,0,0,0,0,0,3,3,19,0,2025,Scotty Miller,PIT,4.9
3914397,2025_17_PIT_CLE,0,0,0,0,0,0,0,0,3,7,25,0,2025,Scotty Miller,PIT,5.5
3914397,2025_18_BAL_PIT,0,0,0,0,0,0,0,0,2,2,9,0,2025,Scotty Miller,PIT,2.9
4430871,2024_04_PHI_TB,0,0,0,0,0,1,3,0,1,1,14,0,2024,Sean Tucker,TB,2.7
4430871,2024_06_TB_NO,0,0,0,0,0,14,136,1,3,3,56,1,2024,Sean Tucker,TB,34.2
4430871,2024_07_BAL_TB,0,0,0,0,0,5,29,0,1,2,9,0,2024,Sean Tucker,TB,4.8
4430871,2024_08_ATL_TB,0,0,0,0,0,2,3,0,1,1,12,0,2024,Sean Tucker,TB,2.5
4430871,2024_09_TB_KC,0,0,0,0,0,3,11,0,1,1,6,0,2024,Sean Tucker,TB,2.7
4430871,2024_12_TB_NYG,0,0,0,0,0,4,3,1,1,1,7,0,2024,Sean Tucker,TB,8.0
4430871,2024_14_LV_TB,0,0,0,0,0,3,47,0,0,2,0,0,2024,Sean Tucker,TB,4.7
4430871,2024_15_TB_LAC,0,0,0,0,0,7,17,0,0,0,0,0,2024,Sean Tucker,TB,1.7
4430871,2024_17_CAR_TB,0,0,0,0,0,8,39,0,1,1,5,0,2024,Sean Tucker,TB,5.4
4430871,2025_05_TB_SEA,0,0,0,0,0,3,3,0,3,3,-4,0,2025,Sean Tucker,TB,2.9
4430871,2025_06_SF_TB,0,0,0,0,0,6,25,1,0,0,0,0,2025,Sean Tucker,TB,8.5
4430871,2025_07_TB_DET,0,0,0,0,0,1,4,0,1,1,2,0,2025,Sean Tucker,TB,1.6
4430871,2025_08_TB_NO,0,0,0,0,0,12,42,1,0,0,0,0,2025,Sean Tucker,TB,10.2
4430871,2025_10_NE_TB,0,0,0,0,0,9,53,0,1,2,-2,0,2025,Sean Tucker,TB,6.1
4430871,2025_11_TB_BUF,0,0,0,0,0,19,106,2,2,2,34,1,2025,Sean Tucker,TB,34.0
4430871,2025_12_TB_LAR,0,0,0,0,0,12,42,0,1,2,4,0,2025,Sean Tucker,TB,5.6
4430871,2025_14_NO_TB,0,0,0,0,0,7,29,1,0,0,0,0,2025,Sean Tucker,TB,8.9
4430871,2025_15_ATL_TB,0,0,0,0,0,4,7,1,0,0,0,0,2025,Sean Tucker,TB,6.7
4430871,2025_16_TB_CAR,0,0,0,0,0,4,3,1,0,0,0,0,2025,Sean Tucker,TB,6.3
4430871,2025_17_TB_MIA,0,0,0,0,0,2,8,0,0,1,0,0,2025,Sean Tucker,TB,0.8
4430871,2025_18_CAR_TB,0,0,0,0,0,4,-4,0,0,0,0,0,2025,Sean Tucker,TB,-0.4
4039034,2025_18_KC_LV,7,14,88,0,0,1,4,0,0,0,0,0,2025,Shane Buechele,KC,3.92
4608362,2024_11_JAX_DET,0,0,0,0,0,0,0,0,1,1,22,0,2024,Shane Zylstra,DET,3.2
4608362,2025_16_PIT_DET,0,0,0,0,0,0,0,0,3,5,20,0,2025,Shane Zylstra,DET,5.0
4432762,2025_11_BAL_CLE,4,16,47,0,1,3,16,0,0,0,0,0,2025,Shedeur Sanders,CLE,2.48
4432762,2025_12_CLE_LV,11,20,209,1,1,1,-1,0,0,0,0,0,2025,Shedeur Sanders,CLE,11.26
4432762,2025_13_SF_CLE,16,25,149,1,0,1,6,0,0,0,0,0,2025,Shedeur Sanders,CLE,10.56
4432762,2025_14_TEN_CLE,23,42,364,3,1,3,29,1,0,0,0,0,2025,Shedeur Sanders,CLE,34.46
4432762,2025_15_CLE_CHI,18,35,177,0,3,2,24,0,0,0,0,0,2025,Shedeur Sanders,CLE,6.48
4432762,2025_16_BUF_CLE,20,29,157,1,2,4,49,0,0,0,0,0,2025,Shedeur Sanders,CLE,13.18
4432762,2025_17_PIT_CLE,17,23,186,1,2,4,20,0,0,0,0,0,2025,Shedeur Sanders,CLE,11.44
4432762,2025_18_CLE_CIN,11,22,111,0,0,3,26,0,0,0,0,0,2025,Shedeur Sanders,CLE,7.04
4361332,2025_14_DEN_LV,0,0,0,0,0,0,0,0,1,1,25,1,2025,Shedrick Jackson,LV,9.5
4361332,2025_17_NYG_LV,0,0,0,0,0,0,0,0,2,3,20,0,2025,Shedrick Jackson,LV,4.0
4361332,2025_18_KC_LV,0,0,0,0,0,1,3,0,1,1,11,0,2025,Shedrick Jackson,LV,2.4
4360739,2024_03_LAC_PIT,0,0,0,0,0,0,0,0,1,3,17,0,2024,Simi Fehoko,LAC,2.7
4360739,2024_06_LAC_DEN,0,0,0,0,0,0,0,0,2,4,44,0,2024,Simi Fehoko,LAC,6.4
4360739,2024_07_LAC_ARI,0,0,0,0,0,0,0,0,3,6,45,0,2024,Simi Fehoko,LAC,7.5
4360739,2024_08_NO_LAC,0,0,0,0,0,0,0,0,0,2,0,0,2024,Simi Fehoko,LAC,0.0
4360739,2024_09_LAC_CLE,0,0,0,0,0,0,0,0,0,1,0,0,2024,Simi Fehoko,LAC,0.0
4430104,2024_12_DEN_LV,0,0,0,0,0,5,33,0,0,0,0,0,2024,Sincere McCormick,LV,3.3
4430104,2024_13_LV_KC,0,0,0,0,0,12,64,0,2,2,1,0,2024,Sincere McCormick,LV,8.5
4430104,2024_14_LV_TB,0,0,0,0,0,15,78,0,2,3,11,0,2024,Sincere McCormick,LV,10.9
4430104,2024_15_ATL_LV,0,0,0,0,0,7,8,0,2,2,17,0,2024,Sincere McCormick,LV,4.5
4912274,2024_02_TB_DET,0,0,0,0,0,0,0,0,1,1,17,0,2024,Sione Vaki,DET,2.7
4912274,2024_11_JAX_DET,0,0,0,0,0,5,9,0,0,0,0,0,2024,Sione Vaki,DET,0.9
4912274,2024_16_DET_CHI,0,0,0,0,0,0,0,0,2,2,20,0,2024,Sione Vaki,DET,4.0
4036419,2024_02_BUF_MIA,8,14,80,0,0,1,4,0,0,0,0,0,2024,Skylar Thompson,MIA,3.6
4036419,2024_03_MIA_SEA,13,19,107,0,0,0,0,0,0,0,0,0,2024,Skylar Thompson,MIA,4.28
4430191,2024_04_KC_LAC,0,0,0,0,0,0,0,0,0,2,0,0,2024,Skyy Moore,KC,0.0
4430191,2024_07_KC_SF,0,0,0,0,0,0,0,0,0,1,0,0,2024,Skyy Moore,KC,0.0
4430191,2025_03_ARI_SF,0,0,0,0,0,0,0,0,1,1,10,0,2025,Skyy Moore,SF,2.0
4430191,2025_04_JAX_SF,0,0,0,0,0,0,0,0,0,1,0,0,2025,Skyy Moore,SF,0.0
4430191,2025_07_ATL_SF,0,0,0,0,0,0,0,0,1,1,15,0,2025,Skyy Moore,SF,2.5
4430191,2025_08_SF_HOU,0,0,0,0,0,0,0,0,0,1,0,0,2025,Skyy Moore,SF,0.0
4430191,2025_09_SF_NYG,0,0,0,0,0,0,0,0,1,1,21,0,2025,Skyy Moore,SF,3.1
4430191,2025_10_LAR_SF,0,0,0,0,0,0,0,0,1,1,18,0,2025,Skyy Moore,SF,2.8
4430191,2025_16_SF_IND,0,0,0,0,0,0,0,0,1,1,23,0,2025,Skyy Moore,SF,3.3
4372056,2025_08_GB_PIT,0,0,0,0,0,0,0,0,1,1,4,0,2025,Spencer Anderson,PIT,1.4
4426339,2024_06_TB_NO,22,40,243,1,2,4,27,0,0,0,0,0,2024,Spencer Rattler,NO,14.42
4426339,2024_07_DEN_NO,25,35,172,0,0,5,34,0,0,0,0,0,2024,Spencer Rattler,NO,10.28
4426339,2024_08_NO_LAC,12,24,156,0,0,0,0,0,0,0,0,0,2024,Spencer Rattler,NO,6.24
4426339,2024_15_WSH_NO,10,21,135,1,0,0,0,0,0,0,0,0,2024,Spencer Rattler,NO,9.4
4426339,2024_16_NO_GB,15,30,153,0,1,5,28,0,0,0,0,0,2024,Spencer Rattler,NO,7.92
4426339,2024_17_LV_NO,20,36,218,1,2,3,46,0,0,0,0,0,2024,Spencer Rattler,NO,15.32
4426339,2024_18_NO_TB,26,42,240,1,0,1,11,0,0,0,0,0,2024,Spencer Rattler,NO,14.7
4426339,2025_01_ARI_NO,27,46,214,0,0,4,29,0,0,0,0,0,2025,Spencer Rattler,NO,11.46
4426339,2025_02_SF_NO,25,34,207,3,0,4,14,0,0,0,0,0,2025,Spencer Rattler,NO,21.68
4426339,2025_03_NO_SEA,28,39,218,1,1,2,10,0,0,0,0,0,2025,Spencer Rattler,NO,12.72
4426339,2025_04_NO_BUF,18,27,126,1,0,6,49,0,0,1,0,0,2025,Spencer Rattler,NO,13.94
4426339,2025_05_NYG_NO,21,31,225,1,0,6,21,0,1,1,0,0,2025,Spencer Rattler,NO,16.1
4426339,2025_06_NE_NO,20,26,227,0,0,4,20,0,0,0,0,0,2025,Spencer Rattler,NO,11.08
4426339,2025_07_NO_CHI,20,32,233,2,3,2,12,0,0,0,0,0,2025,Spencer Rattler,NO,15.52
4426339,2025_08_TB_NO,15,21,136,0,1,3,12,0,0,0,0,0,2025,Spencer Rattler,NO,5.64
2976212,2024_01_HOU_IND,0,0,0,0,0,1,6,0,6,6,33,2,2024,Stefon Diggs,HOU,21.9
2976212,2024_02_CHI_HOU,0,0,0,0,0,0,0,0,4,6,37,0,2024,Stefon Diggs,HOU,7.7
2976212,2024_03_HOU_MIN,1,1,13,0,0,0,0,0,10,12,94,0,2024,Stefon Diggs,HOU,19.92
2976212,2024_04_JAX_HOU,0,0,0,0,0,1,6,1,5,9,69,0,2024,Stefon Diggs,HOU,18.5
2976212,2024_05_BUF_HOU,0,0,0,0,0,0,0,0,6,8,82,0,2024,Stefon Diggs,HOU,14.2
2976212,2024_06_HOU_NE,0,0,0,0,0,0,0,0,6,7,77,1,2024,Stefon Diggs,HOU,19.7
2976212,2024_07_HOU_GB,0,0,0,0,0,0,0,0,5,7,23,0,2024,Stefon Diggs,HOU,7.3
2976212,2024_08_IND_HOU,0,0,0,0,0,1,-4,0,5,9,81,0,2024,Stefon Diggs,HOU,12.7
2976212,2025_01_LV_NE,0,0,0,0,0,0,0,0,6,7,57,0,2025,Stefon Diggs,NE,11.7
2976212,2025_02_NE_MIA,0,0,0,0,0,0,0,0,4,5,32,0,2025,Stefon Diggs,NE,7.2
2976212,2025_03_PIT_NE,0,0,0,0,0,0,0,0,3,3,23,0,2025,Stefon Diggs,NE,5.3
2976212,2025_04_CAR_NE,0,0,0,0,0,0,0,0,6,7,101,0,2025,Stefon Diggs,NE,16.1
2976212,2025_05_NE_BUF,0,0,0,0,0,0,0,0,10,12,146,0,2025,Stefon Diggs,NE,24.6
2976212,2025_06_NE_NO,0,0,0,0,0,0,0,0,3,3,28,0,2025,Stefon Diggs,NE,5.8
2976212,2025_07_NE_TEN,0,0,0,0,0,0,0,0,7,7,69,0,2025,Stefon Diggs,NE,13.9
2976212,2025_08_CLE_NE,0,0,0,0,0,0,0,0,3,5,14,1,2025,Stefon Diggs,NE,10.4
2976212,2025_09_ATL_NE,0,0,0,0,0,0,0,0,3,4,38,1,2025,Stefon Diggs,NE,12.8
2976212,2025_10_NE_TB,0,0,0,0,0,0,0,0,5,8,46,1,2025,Stefon Diggs,NE,15.6
2976212,2025_11_NYJ_NE,0,0,0,0,0,0,0,0,9,11,105,0,2025,Stefon Diggs,NE,19.5
2976212,2025_12_NE_CIN,0,0,0,0,0,0,0,0,2,3,20,0,2025,Stefon Diggs,NE,4.0
2976212,2025_13_NYG_NE,0,0,0,0,0,0,0,0,3,4,26,0,2025,Stefon Diggs,NE,5.6
2976212,2025_15_BUF_NE,0,0,0,0,0,0,0,0,3,4,26,0,2025,Stefon Diggs,NE,5.6
2976212,2025_16_NE_BAL,0,0,0,0,0,0,0,0,9,10,138,0,2025,Stefon Diggs,NE,22.8
2976212,2025_17_NE_NYJ,0,0,0,0,0,0,0,0,6,6,101,1,2025,Stefon Diggs,NE,22.1
2976212,2025_18_MIA_NE,0,0,0,0,0,0,0,0,3,3,43,0,2025,Stefon Diggs,NE,7.3
4035426,2024_13_TB_CAR,0,0,0,0,0,0,0,0,0,1,0,0,2024,Stephen Sullivan,CAR,0.0
2976592,2024_04_PHI_TB,0,0,0,0,0,0,0,0,3,5,51,0,2024,Sterling Shepard,TB,8.1
2976592,2024_05_TB_ATL,0,0,0,0,0,0,0,0,1,2,4,1,2024,Sterling Shepard,TB,7.4
2976592,2024_06_TB_NO,0,0,0,0,0,4,31,0,3,4,23,0,2024,Sterling Shepard,TB,8.4
2976592,2024_07_BAL_TB,0,0,0,0,0,0,0,0,1,1,15,0,2024,Sterling Shepard,TB,2.5
2976592,2024_08_ATL_TB,0,0,0,0,0,0,0,0,3,5,18,0,2024,Sterling Shepard,TB,4.8
2976592,2024_09_TB_KC,0,0,0,0,0,2,21,0,4,5,48,0,2024,Sterling Shepard,TB,10.9
2976592,2024_10_SF_TB,0,0,0,0,0,1,3,0,1,3,7,0,2024,Sterling Shepard,TB,2.0
2976592,2024_12_TB_NYG,0,0,0,0,0,0,0,0,5,7,16,0,2024,Sterling Shepard,TB,6.6
2976592,2024_13_TB_CAR,0,0,0,0,0,0,0,0,4,7,42,0,2024,Sterling Shepard,TB,8.2
2976592,2024_14_LV_TB,0,0,0,0,0,0,0,0,4,6,63,0,2024,Sterling Shepard,TB,10.3
2976592,2024_15_TB_LAC,0,0,0,0,0,0,0,0,1,1,16,0,2024,Sterling Shepard,TB,2.6
2976592,2024_16_TB_DAL,0,0,0,0,0,1,14,0,1,3,20,0,2024,Sterling Shepard,TB,4.4
2976592,2024_18_NO_TB,0,0,0,0,0,0,0,0,1,2,11,0,2024,Sterling Shepard,TB,2.1
2976592,2025_01_TB_ATL,0,0,0,0,0,0,0,0,3,6,39,0,2025,Sterling Shepard,TB,6.9
2976592,2025_02_TB_HOU,0,0,0,0,0,0,0,0,4,4,34,0,2025,Sterling Shepard,TB,7.4
2976592,2025_03_NYJ_TB,0,0,0,0,0,0,0,0,4,5,80,0,2025,Sterling Shepard,TB,12.0
2976592,2025_04_PHI_TB,0,0,0,0,0,1,6,0,2,4,14,0,2025,Sterling Shepard,TB,4.0
2976592,2025_05_TB_SEA,0,0,0,0,0,1,-5,0,4,5,24,1,2025,Sterling Shepard,TB,11.9
2976592,2025_06_SF_TB,0,0,0,0,0,0,0,0,2,3,51,0,2025,Sterling Shepard,TB,7.1
2976592,2025_07_TB_DET,0,0,0,0,0,0,0,0,7,7,25,0,2025,Sterling Shepard,TB,9.5
2976592,2025_08_TB_NO,0,0,0,0,0,0,0,0,1,2,8,0,2025,Sterling Shepard,TB,1.8
2976592,2025_10_NE_TB,0,0,0,0,0,1,11,0,3,4,20,0,2025,Sterling Shepard,TB,6.1
2976592,2025_11_TB_BUF,0,0,0,0,0,1,7,0,4,5,54,0,2025,Sterling Shepard,TB,10.1
2976592,2025_12_TB_LAR,0,0,0,0,0,0,0,0,3,5,12,0,2025,Sterling Shepard,TB,4.2
2976592,2025_13_ARI_TB,0,0,0,0,0,0,0,0,1,2,5,0,2025,Sterling Shepard,TB,1.5
2976592,2025_14_NO_TB,0,0,0,0,0,0,0,0,1,1,5,0,2025,Sterling Shepard,TB,1.5
3917960,2025_16_ATL_ARI,0,0,0,0,0,0,0,0,0,1,0,0,2025,Steven Sims,ARI,0.0
4250764,2024_06_LAC_DEN,0,0,0,0,0,0,0,0,1,1,10,0,2024,Stone Smartt,LAC,2.0
4250764,2024_07_LAC_ARI,0,0,0,0,0,0,0,0,1,2,31,0,2024,Stone Smartt,LAC,4.1
4250764,2024_13_LAC_ATL,0,0,0,0,0,0,0,0,1,2,3,0,2024,Stone Smartt,LAC,1.3
4250764,2024_14_LAC_KC,0,0,0,0,0,0,0,0,3,3,54,0,2024,Stone Smartt,LAC,8.4
4250764,2024_15_TB_LAC,0,0,0,0,0,0,0,0,5,6,50,0,2024,Stone Smartt,LAC,10.0
4250764,2024_16_DEN_LAC,0,0,0,0,0,0,0,0,3,3,37,0,2024,Stone Smartt,LAC,6.7
4250764,2024_17_LAC_NE,0,0,0,0,0,0,0,0,2,2,23,0,2024,Stone Smartt,LAC,4.3
4250764,2025_14_MIA_NYJ,0,0,0,0,0,0,0,0,0,1,0,0,2025,Stone Smartt,NYJ,0.0
4250764,2025_16_NYJ_NO,0,0,0,0,0,0,0,0,5,5,34,0,2025,Stone Smartt,NYJ,8.4
4250764,2025_17_NE_NYJ,0,0,0,0,0,0,0,0,2,3,18,0,2025,Stone Smartt,NYJ,3.8
4036133,2024_09_IND_MIN,0,0,0,0,0,0,0,0,3,4,27,0,2024,T.J. Hockenson,MIN,5.7
4036133,2024_10_MIN_JAX,0,0,0,0,0,0,0,0,8,9,72,0,2024,T.J. Hockenson,MIN,15.2
4036133,2024_11_MIN_TEN,0,0,0,0,0,0,0,0,2,3,13,0,2024,T.J. Hockenson,MIN,3.3
4036133,2024_12_MIN_CHI,0,0,0,0,0,0,0,0,7,9,114,0,2024,T.J. Hockenson,MIN,18.4
4036133,2024_13_ARI_MIN,0,0,0,0,0,0,0,0,3,6,28,0,2024,T.J. Hockenson,MIN,5.8
4036133,2024_14_ATL_MIN,0,0,0,0,0,0,0,0,4,5,45,0,2024,T.J. Hockenson,MIN,8.5
4036133,2024_15_CHI_MIN,0,0,0,0,0,0,0,0,5,7,52,0,2024,T.J. Hockenson,MIN,10.2
4036133,2024_16_MIN_SEA,0,0,0,0,0,0,0,0,2,5,27,0,2024,T.J. Hockenson,MIN,4.7
4036133,2024_17_GB_MIN,0,0,0,0,0,0,0,0,5,6,68,0,2024,T.J. Hockenson,MIN,11.8
4036133,2024_18_MIN_DET,0,0,0,0,0,0,0,0,2,8,9,0,2024,T.J. Hockenson,MIN,2.9
4036133,2025_01_MIN_CHI,0,0,0,0,0,0,0,0,3,4,15,0,2025,T.J. Hockenson,MIN,4.5
4036133,2025_02_ATL_MIN,0,0,0,0,0,0,0,0,1,3,12,0,2025,T.J. Hockenson,MIN,2.2
4036133,2025_03_CIN_MIN,0,0,0,0,0,0,0,0,5,6,49,1,2025,T.J. Hockenson,MIN,15.9
4036133,2025_04_MIN_PIT,0,0,0,0,0,0,0,0,4,5,39,0,2025,T.J. Hockenson,MIN,7.9
4036133,2025_05_MIN_CLE,0,0,0,0,0,0,0,0,6,6,38,0,2025,T.J. Hockenson,MIN,9.8
4036133,2025_07_PHI_MIN,0,0,0,0,0,0,0,0,6,9,43,0,2025,T.J. Hockenson,MIN,10.3
4036133,2025_08_MIN_LAC,0,0,0,0,0,0,0,0,2,3,26,0,2025,T.J. Hockenson,MIN,4.6
4036133,2025_09_MIN_DET,0,0,0,0,0,0,0,0,2,3,11,1,2025,T.J. Hockenson,MIN,9.1
4036133,2025_10_BAL_MIN,0,0,0,0,0,0,0,0,2,2,8,0,2025,T.J. Hockenson,MIN,2.8
4036133,2025_11_CHI_MIN,0,0,0,0,0,0,0,0,3,6,39,0,2025,T.J. Hockenson,MIN,6.9
4036133,2025_12_MIN_GB,0,0,0,0,0,1,0,0,4,4,19,0,2025,T.J. Hockenson,MIN,5.9
4036133,2025_13_MIN_SEA,0,0,0,0,0,0,0,0,6,6,59,0,2025,T.J. Hockenson,MIN,11.9
4036133,2025_14_WSH_MIN,0,0,0,0,0,0,0,0,2,3,12,1,2025,T.J. Hockenson,MIN,9.2
4036133,2025_15_MIN_DAL,0,0,0,0,0,0,0,0,4,5,66,0,2025,T.J. Hockenson,MIN,10.6
4036133,2025_16_MIN_NYG,0,0,0,0,0,0,0,0,1,1,2,0,2025,T.J. Hockenson,MIN,1.2
4429299,2025_03_CIN_MIN,0,0,0,0,0,5,17,0,0,0,0,0,2025,Tahj Brooks,CIN,1.7
4429299,2025_12_NE_CIN,0,0,0,0,0,2,5,0,0,1,0,0,2025,Tahj Brooks,CIN,0.5
4429299,2025_16_CIN_MIA,0,0,0,0,0,4,7,0,0,0,0,0,2025,Tahj Brooks,CIN,0.7
4429299,2025_17_ARI_CIN,0,0,0,0,0,3,10,0,1,1,9,0,2025,Tahj Brooks,CIN,2.9
4567506,2025_09_BAL_MIA,0,0,0,0,0,0,0,0,1,2,11,0,2025,Tahj Washington,MIA,2.1
4567506,2025_18_MIA_NE,0,0,0,0,0,0,0,0,2,3,26,0,2025,Tahj Washington,MIA,4.6
4565185,2025_03_CIN_MIN,0,0,0,0,0,0,0,0,1,1,9,0,2025,Tai Felton,MIN,1.9
4565185,2025_14_WSH_MIN,0,0,0,0,0,0,0,0,1,1,10,0,2025,Tai Felton,MIN,2.0
4565185,2025_16_MIN_NYG,0,0,0,0,0,0,0,0,1,1,6,0,2025,Tai Felton,MIN,1.6
4429013,2024_01_JAX_MIA,0,0,0,0,0,12,73,0,0,0,0,0,2024,Tank Bigsby,JAX,7.3
4429013,2024_04_JAX_HOU,0,0,0,0,0,7,90,0,0,0,0,0,2024,Tank Bigsby,JAX,9.0
4429013,2024_05_IND_JAX,0,0,0,0,0,13,101,2,1,1,28,0,2024,Tank Bigsby,JAX,25.9
4429013,2024_06_JAX_CHI,0,0,0,0,0,7,24,0,0,0,0,0,2024,Tank Bigsby,JAX,2.4
4429013,2024_07_NE_JAX,0,0,0,0,0,26,118,2,0,1,0,0,2024,Tank Bigsby,JAX,23.8
4429013,2024_08_GB_JAX,0,0,0,0,0,18,78,0,2,3,8,0,2024,Tank Bigsby,JAX,10.6
4429013,2024_09_JAX_PHI,0,0,0,0,0,8,22,0,0,0,0,0,2024,Tank Bigsby,JAX,2.2
4429013,2024_13_HOU_JAX,0,0,0,0,0,7,28,0,1,1,7,0,2024,Tank Bigsby,JAX,4.5
4429013,2024_14_JAX_TEN,0,0,0,0,0,18,55,1,1,2,7,0,2024,Tank Bigsby,JAX,13.2
4429013,2024_15_NYJ_JAX,0,0,0,0,0,11,42,0,0,1,0,0,2024,Tank Bigsby,JAX,4.2
4429013,2024_16_JAX_LV,0,0,0,0,0,12,50,1,1,1,1,0,2024,Tank Bigsby,JAX,12.1
4429013,2024_17_TEN_JAX,0,0,0,0,0,11,33,0,0,1,0,0,2024,Tank Bigsby,JAX,3.3
4429013,2024_18_JAX_IND,0,0,0,0,0,14,39,1,1,1,3,0,2024,Tank Bigsby,JAX,11.2
4429013,2025_01_CAR_JAX,0,0,0,0,0,5,12,0,0,0,0,0,2025,Tank Bigsby,JAX,1.2
4429013,2025_07_PHI_MIN,0,0,0,0,0,1,11,0,1,1,-1,0,2025,Tank Bigsby,PHI,2.0
4429013,2025_08_NYG_PHI,0,0,0,0,0,9,104,0,0,0,0,0,2025,Tank Bigsby,PHI,10.4
4429013,2025_10_PHI_GB,0,0,0,0,0,3,7,0,0,0,0,0,2025,Tank Bigsby,PHI,0.7
4429013,2025_11_DET_PHI,0,0,0,0,0,4,34,0,0,0,0,0,2025,Tank Bigsby,PHI,3.4
4429013,2025_15_LV_PHI,0,0,0,0,0,17,57,0,0,1,0,0,2025,Tank Bigsby,PHI,5.7
4429013,2025_16_PHI_WSH,0,0,0,0,0,4,37,1,0,0,0,0,2025,Tank Bigsby,PHI,9.7
4429013,2025_17_PHI_BUF,0,0,0,0,0,2,7,0,1,1,2,0,2025,Tank Bigsby,PHI,1.9
4429013,2025_18_WSH_PHI,0,0,0,0,0,16,75,1,1,1,31,0,2025,Tank Bigsby,PHI,17.6
4366031,2024_01_HOU_IND,0,0,0,0,0,2,19,0,3,7,40,0,2024,Tank Dell,HOU,8.9
4366031,2024_02_CHI_HOU,0,0,0,0,0,3,16,0,1,4,-3,0,2024,Tank Dell,HOU,2.3
4366031,2024_03_HOU_MIN,0,0,0,0,0,0,0,0,5,6,62,0,2024,Tank Dell,HOU,11.2
4366031,2024_05_BUF_HOU,0,0,0,0,0,1,-5,0,4,4,38,0,2024,Tank Dell,HOU,7.3
4366031,2024_06_HOU_NE,0,0,0,0,0,0,0,0,7,9,57,1,2024,Tank Dell,HOU,18.7
4366031,2024_07_HOU_GB,0,0,0,0,0,0,0,0,0,4,0,0,2024,Tank Dell,HOU,0.0
4366031,2024_08_IND_HOU,0,0,0,0,0,0,0,0,4,4,35,1,2024,Tank Dell,HOU,13.5
4366031,2024_09_HOU_NYJ,0,0,0,0,0,0,0,0,6,9,126,0,2024,Tank Dell,HOU,18.6
4366031,2024_10_DET_HOU,0,0,0,0,0,1,-6,0,5,9,39,0,2024,Tank Dell,HOU,8.3
4366031,2024_11_HOU_DAL,0,0,0,0,0,1,4,0,4,7,54,0,2024,Tank Dell,HOU,9.8
4366031,2024_12_TEN_HOU,0,0,0,0,0,0,0,0,3,5,72,0,2024,Tank Dell,HOU,10.2
4366031,2024_13_HOU_JAX,0,0,0,0,0,0,0,0,1,4,23,0,2024,Tank Dell,HOU,3.3
4366031,2024_15_MIA_HOU,0,0,0,0,0,1,15,0,2,2,26,0,2024,Tank Dell,HOU,6.1
4366031,2024_16_HOU_KC,0,0,0,0,0,0,0,0,6,7,98,1,2024,Tank Dell,HOU,21.8
4047422,2024_03_MIA_SEA,0,0,0,0,0,0,0,0,1,2,1,0,2024,Tanner Conner,MIA,1.1
4047422,2024_04_TEN_MIA,0,0,0,0,0,0,0,0,2,2,15,0,2024,Tanner Conner,MIA,3.5
4047422,2025_01_MIA_IND,0,0,0,0,0,0,0,0,2,4,20,0,2025,Tanner Conner,MIA,4.0
4047422,2025_03_MIA_BUF,0,0,0,0,0,0,0,0,1,2,13,0,2025,Tanner Conner,MIA,2.3
4047422,2025_05_MIA_CAR,0,0,0,0,0,0,0,0,2,2,16,0,2025,Tanner Conner,MIA,3.6
4047422,2025_06_LAC_MIA,0,0,0,0,0,0,0,0,1,1,8,0,2025,Tanner Conner,MIA,1.8
4047422,2025_07_MIA_CLE,0,0,0,0,0,0,0,0,1,3,28,0,2025,Tanner Conner,MIA,3.8
4047422,2025_08_MIA_ATL,0,0,0,0,0,0,0,0,2,2,6,0,2025,Tanner Conner,MIA,2.6
4047422,2025_09_BAL_MIA,0,0,0,0,0,0,0,0,0,1,0,0,2025,Tanner Conner,MIA,0.0
3050481,2024_01_NE_CIN,0,0,0,0,0,0,0,0,2,3,18,0,2024,Tanner Hudson,CIN,3.8
3050481,2024_07_CIN_CLE,0,0,0,0,0,0,0,0,0,1,0,0,2024,Tanner Hudson,CIN,0.0
3050481,2024_09_LV_CIN,0,0,0,0,0,0,0,0,2,3,14,0,2024,Tanner Hudson,CIN,3.4
3050481,2024_10_CIN_BAL,0,0,0,0,0,1,1,0,6,7,42,1,2024,Tanner Hudson,CIN,16.3
3050481,2024_11_CIN_LAC,0,0,0,0,0,0,0,0,2,2,13,0,2024,Tanner Hudson,CIN,3.3
3050481,2024_13_PIT_CIN,0,0,0,0,0,0,0,0,4,4,28,0,2024,Tanner Hudson,CIN,6.8
3050481,2024_14_CIN_DAL,0,0,0,0,0,0,0,0,1,1,19,0,2024,Tanner Hudson,CIN,2.9
3050481,2024_15_CIN_TEN,0,0,0,0,0,0,0,0,1,1,9,0,2024,Tanner Hudson,CIN,1.9
3050481,2024_18_CIN_PIT,0,0,0,0,0,0,0,0,1,1,11,0,2024,Tanner Hudson,CIN,2.1
3050481,2025_06_CIN_GB,0,0,0,0,0,0,0,0,4,5,10,1,2025,Tanner Hudson,CIN,11.0
3050481,2025_08_NYJ_CIN,0,0,0,0,0,0,0,0,1,2,9,0,2025,Tanner Hudson,CIN,1.9
3050481,2025_09_CHI_CIN,0,0,0,0,0,0,0,0,2,2,42,0,2025,Tanner Hudson,CIN,6.2
3050481,2025_11_CIN_PIT,0,0,0,0,0,0,0,0,3,3,22,0,2025,Tanner Hudson,CIN,5.2
3050481,2025_12_NE_CIN,0,0,0,0,0,0,0,0,1,1,9,0,2025,Tanner Hudson,CIN,1.9
3050481,2025_13_CIN_BAL,0,0,0,0,0,0,0,0,1,2,14,1,2025,Tanner Hudson,CIN,8.4
3050481,2025_14_CIN_BUF,0,0,0,0,0,0,0,0,1,1,11,0,2025,Tanner Hudson,CIN,2.1
3050481,2025_15_BAL_CIN,0,0,0,0,0,0,0,0,3,5,16,0,2025,Tanner Hudson,CIN,4.6
3050481,2025_16_CIN_MIA,0,0,0,0,0,0,0,0,1,1,4,0,2025,Tanner Hudson,CIN,1.4
3050481,2025_17_ARI_CIN,0,0,0,0,0,0,0,0,2,2,31,0,2025,Tanner Hudson,CIN,5.1
4685201,2024_17_DAL_PHI,3,4,54,2,0,2,-2,0,0,0,0,0,2024,Tanner McKee,PHI,9.96
4685201,2024_18_NYG_PHI,27,41,269,2,0,3,1,0,0,0,0,0,2024,Tanner McKee,PHI,18.86
4685201,2025_08_NYG_PHI,0,0,0,0,0,3,-2,0,0,0,0,0,2025,Tanner McKee,PHI,-0.2
4685201,2025_15_LV_PHI,3,3,33,0,0,1,9,0,0,0,0,0,2025,Tanner McKee,PHI,2.22
4685201,2025_18_WSH_PHI,21,40,241,1,1,2,3,0,0,0,0,0,2025,Tanner McKee,PHI,12.94
4245144,2024_18_HOU_TEN,0,0,0,0,0,0,0,0,1,2,49,1,2024,Tay Martin,TEN,11.9
4245144,2025_04_WSH_ATL,0,0,0,0,0,0,0,0,1,1,14,0,2025,Tay Martin,WSH,2.4
4245144,2025_05_WSH_LAC,0,0,0,0,0,0,0,0,1,1,9,0,2025,Tay Martin,WSH,1.9
2976292,2024_06_DET_DAL,0,0,0,0,0,0,0,0,0,1,0,0,2024,Taylor Decker,DET,0.0
2565969,2024_17_LAC_NE,0,2,0,0,0,1,8,0,0,0,0,0,2024,Taylor Heinicke,LAC,0.8
2468609,2024_01_CAR_NO,0,0,0,0,0,5,35,0,1,2,1,0,2024,Taysom Hill,NO,4.6
2468609,2024_02_NO_DAL,0,0,0,0,0,3,18,0,1,1,1,0,2024,Taysom Hill,NO,2.9
2468609,2024_04_NO_ATL,0,0,0,0,0,6,24,2,0,0,0,0,2024,Taysom Hill,NO,14.4
2468609,2024_08_NO_LAC,1,1,3,0,0,4,20,0,2,4,21,0,2024,Taysom Hill,NO,6.22
2468609,2024_09_NO_CAR,0,1,0,0,0,5,19,1,4,5,41,0,2024,Taysom Hill,NO,16.0
2468609,2024_10_ATL_NO,0,0,0,0,0,4,14,0,2,2,36,0,2024,Taysom Hill,NO,7.0
2468609,2024_11_CLE_NO,1,2,18,0,1,7,138,3,8,10,50,0,2024,Taysom Hill,NO,44.52
2468609,2024_13_LAR_NO,0,0,0,0,0,5,10,0,5,7,37,0,2024,Taysom Hill,NO,9.7
2468609,2025_05_NYG_NO,1,1,19,0,0,6,-1,0,0,0,0,0,2025,Taysom Hill,NO,0.66
2468609,2025_07_NO_CHI,0,0,0,0,0,2,-4,0,2,2,12,0,2025,Taysom Hill,NO,2.8
2468609,2025_08_TB_NO,0,0,0,0,0,2,6,0,1,1,6,0,2025,Taysom Hill,NO,2.2
2468609,2025_09_NO_LAR,0,1,0,0,0,4,30,0,0,0,0,0,2025,Taysom Hill,NO,3.0
2468609,2025_10_NO_CAR,0,1,0,0,0,7,20,0,0,1,0,0,2025,Taysom Hill,NO,2.0
2468609,2025_12_ATL_NO,0,2,0,0,0,10,17,0,0,0,0,0,2025,Taysom Hill,NO,1.7
2468609,2025_13_NO_MIA,0,0,0,0,0,1,2,0,1,1,5,0,2025,Taysom Hill,NO,1.7
2468609,2025_14_NO_TB,0,0,0,0,0,2,-1,0,0,2,0,0,2025,Taysom Hill,NO,-0.1
2468609,2025_16_NYJ_NO,1,1,38,1,0,12,42,0,4,6,36,0,2025,Taysom Hill,NO,17.32
2468609,2025_17_NO_TEN,0,0,0,0,0,3,0,0,0,0,0,0,2025,Taysom Hill,NO,0.0
2468609,2025_18_NO_ATL,0,0,0,0,0,0,0,0,3,3,32,0,2025,Taysom Hill,NO,6.2
16728,2025_12_TB_LAR,8,15,62,0,0,1,6,0,0,0,0,0,2025,Teddy Bridgewater,TB,3.08
4239993,2024_03_WSH_CIN,0,0,0,0,0,0,0,0,3,6,39,0,2024,Tee Higgins,CIN,6.9
4239993,2024_04_CIN_CAR,0,0,0,0,0,0,0,0,6,10,60,0,2024,Tee Higgins,CIN,12.0
4239993,2024_05_BAL_CIN,0,0,0,0,0,0,0,0,9,14,83,2,2024,Tee Higgins,CIN,29.3
4239993,2024_06_CIN_NYG,0,0,0,0,0,0,0,0,7,7,77,0,2024,Tee Higgins,CIN,14.7
4239993,2024_07_CIN_CLE,0,0,0,0,0,0,0,0,4,8,82,1,2024,Tee Higgins,CIN,18.2
4239993,2024_11_CIN_LAC,0,0,0,0,0,0,0,0,9,13,148,1,2024,Tee Higgins,CIN,29.8
4239993,2024_13_PIT_CIN,0,0,0,0,0,0,0,0,5,10,69,1,2024,Tee Higgins,CIN,17.9
4239993,2024_14_CIN_DAL,0,0,0,0,0,0,0,0,2,5,23,0,2024,Tee Higgins,CIN,4.3
4239993,2024_15_CIN_TEN,0,0,0,0,0,0,0,0,5,8,88,1,2024,Tee Higgins,CIN,19.8
4239993,2024_16_CLE_CIN,0,0,0,0,0,0,0,0,8,11,58,1,2024,Tee Higgins,CIN,19.8
4239993,2024_17_DEN_CIN,0,0,0,0,0,0,0,0,11,12,131,3,2024,Tee Higgins,CIN,42.1
4239993,2024_18_CIN_PIT,0,0,0,0,0,0,0,0,4,5,53,0,2024,Tee Higgins,CIN,9.3
4239993,2025_01_CIN_CLE,0,0,0,0,0,0,0,0,3,4,33,0,2025,Tee Higgins,CIN,6.3
4239993,2025_02_JAX_CIN,0,0,0,0,0,0,0,0,3,8,56,1,2025,Tee Higgins,CIN,14.6
4239993,2025_03_CIN_MIN,0,0,0,0,0,0,0,0,1,2,15,0,2025,Tee Higgins,CIN,2.5
4239993,2025_04_CIN_DEN,0,0,0,0,0,0,0,0,3,6,32,0,2025,Tee Higgins,CIN,6.2
4239993,2025_05_DET_CIN,0,0,0,0,0,0,0,0,3,7,22,1,2025,Tee Higgins,CIN,11.2
4239993,2025_06_CIN_GB,0,0,0,0,0,0,0,0,5,8,62,0,2025,Tee Higgins,CIN,11.2
4239993,2025_07_PIT_CIN,0,0,0,0,0,0,0,0,6,10,96,1,2025,Tee Higgins,CIN,21.6
4239993,2025_08_NYJ_CIN,0,0,0,0,0,0,0,0,1,2,44,1,2025,Tee Higgins,CIN,11.4
4239993,2025_09_CHI_CIN,0,0,0,0,0,0,0,0,7,9,121,2,2025,Tee Higgins,CIN,31.1
4239993,2025_11_CIN_PIT,0,0,0,0,0,0,0,0,3,8,63,1,2025,Tee Higgins,CIN,15.3
4239993,2025_12_NE_CIN,0,0,0,0,0,0,0,0,5,6,31,0,2025,Tee Higgins,CIN,8.1
4239993,2025_14_CIN_BUF,0,0,0,0,0,0,0,0,6,11,92,2,2025,Tee Higgins,CIN,27.2
4239993,2025_16_CIN_MIA,0,0,0,0,0,0,0,0,3,3,53,1,2025,Tee Higgins,CIN,14.3
4239993,2025_17_ARI_CIN,0,0,0,0,0,0,0,0,4,5,59,0,2025,Tee Higgins,CIN,9.9
4239993,2025_18_CLE_CIN,0,0,0,0,0,0,0,0,6,9,67,1,2025,Tee Higgins,CIN,18.7
4362630,2024_13_LV_KC,0,0,0,0,0,0,0,0,0,1,0,0,2024,Terrace Marshall Jr.,LV,0.0
4362630,2024_14_LV_TB,0,0,0,0,0,0,0,0,1,1,6,0,2024,Terrace Marshall Jr.,LV,1.6
4362630,2024_15_ATL_LV,0,0,0,0,0,0,0,0,1,1,7,0,2024,Terrace Marshall Jr.,LV,1.7
4362630,2024_16_JAX_LV,0,0,0,0,0,0,0,0,0,1,0,0,2024,Terrace Marshall Jr.,LV,0.0
4362630,2024_17_LV_NO,0,0,0,0,0,0,0,0,1,2,28,0,2024,Terrace Marshall Jr.,LV,3.8
4570037,2025_05_SF_LAR,0,0,0,0,0,0,0,0,1,1,21,0,2025,Terrance Ferguson,LAR,3.1
4570037,2025_07_LAR_JAX,0,0,0,0,0,0,0,0,1,3,31,1,2025,Terrance Ferguson,LAR,10.1
4570037,2025_09_NO_LAR,0,0,0,0,0,0,0,0,2,3,54,0,2025,Terrance Ferguson,LAR,7.4
4570037,2025_10_LAR_SF,0,0,0,0,0,0,0,0,1,4,32,0,2025,Terrance Ferguson,LAR,4.2
4570037,2025_12_TB_LAR,0,0,0,0,0,0,0,0,0,1,0,0,2025,Terrance Ferguson,LAR,0.0
4570037,2025_13_LAR_CAR,0,0,0,0,0,0,0,0,0,2,0,0,2025,Terrance Ferguson,LAR,0.0
4570037,2025_14_LAR_ARI,0,0,0,0,0,0,0,0,0,1,0,0,2025,Terrance Ferguson,LAR,0.0
4570037,2025_15_DET_LAR,0,0,0,0,0,0,0,0,1,2,6,0,2025,Terrance Ferguson,LAR,1.6
4570037,2025_16_LAR_SEA,0,0,0,0,0,0,0,0,3,4,33,1,2025,Terrance Ferguson,LAR,12.3
4570037,2025_17_LAR_ATL,0,0,0,0,0,0,0,0,2,4,54,1,2025,Terrance Ferguson,LAR,13.4
4427600,2024_06_HOU_NE,0,0,0,0,0,5,13,0,0,0,0,0,2024,Terrell Jennings,NE,1.3
4427600,2024_18_BUF_NE,0,0,0,0,0,8,20,0,0,1,0,0,2024,Terrell Jennings,NE,2.0
4427600,2025_07_NE_TEN,0,0,0,0,0,5,18,0,0,0,0,0,2025,Terrell Jennings,NE,1.8
4427600,2025_09_ATL_NE,0,0,0,0,0,11,35,1,1,1,9,0,2025,Terrell Jennings,NE,11.4
4427600,2025_10_NE_TB,0,0,0,0,0,4,5,0,0,0,0,0,2025,Terrell Jennings,NE,0.5
3121422,2024_01_WSH_TB,0,0,0,0,0,0,0,0,2,4,17,0,2024,Terry McLaurin,WSH,3.7
3121422,2024_02_NYG_WSH,0,0,0,0,0,0,0,0,6,8,22,0,2024,Terry McLaurin,WSH,8.2
3121422,2024_03_WSH_CIN,0,0,0,0,0,0,0,0,4,6,100,1,2024,Terry McLaurin,WSH,20.0
3121422,2024_04_WSH_ARI,0,0,0,0,0,0,0,0,7,10,52,1,2024,Terry McLaurin,WSH,18.2
3121422,2024_05_CLE_WSH,0,0,0,0,0,1,2,0,4,8,112,0,2024,Terry McLaurin,WSH,15.4
3121422,2024_06_WSH_BAL,0,0,0,0,0,1,0,0,6,7,53,2,2024,Terry McLaurin,WSH,23.3
3121422,2024_07_CAR_WSH,0,0,0,0,0,0,0,0,6,6,98,0,2024,Terry McLaurin,WSH,15.8
3121422,2024_08_CHI_WSH,0,0,0,0,0,0,0,0,5,8,125,0,2024,Terry McLaurin,WSH,17.5
3121422,2024_09_WSH_NYG,0,0,0,0,0,0,0,0,2,3,19,2,2024,Terry McLaurin,WSH,15.9
3121422,2024_10_PIT_WSH,0,0,0,0,0,0,0,0,5,6,113,0,2024,Terry McLaurin,WSH,16.3
3121422,2024_11_WSH_PHI,0,0,0,0,0,0,0,0,1,2,10,0,2024,Terry McLaurin,WSH,2.0
3121422,2024_12_DAL_WSH,0,0,0,0,0,0,0,0,5,6,102,1,2024,Terry McLaurin,WSH,21.2
3121422,2024_13_TEN_WSH,0,0,0,0,0,0,0,0,8,8,73,2,2024,Terry McLaurin,WSH,27.3
3121422,2024_15_WSH_NO,0,0,0,0,0,0,0,0,7,10,73,2,2024,Terry McLaurin,WSH,26.3
3121422,2024_16_PHI_WSH,0,0,0,0,0,0,0,0,5,6,60,1,2024,Terry McLaurin,WSH,17.0
3121422,2024_17_ATL_WSH,0,0,0,0,0,0,0,0,1,7,5,0,2024,Terry McLaurin,WSH,1.5
3121422,2024_18_WSH_DAL,0,0,0,0,0,0,0,0,8,12,62,1,2024,Terry McLaurin,WSH,20.2
3121422,2025_01_NYG_WSH,0,0,0,0,0,0,0,0,2,4,27,0,2025,Terry McLaurin,WSH,4.7
3121422,2025_02_WSH_GB,0,0,0,0,0,0,0,0,5,9,48,0,2025,Terry McLaurin,WSH,9.8
3121422,2025_03_LV_WSH,0,0,0,0,0,0,0,0,3,4,74,0,2025,Terry McLaurin,WSH,10.4
3121422,2025_08_WSH_KC,0,0,0,0,0,0,0,0,3,4,54,1,2025,Terry McLaurin,WSH,14.4
3121422,2025_13_DEN_WSH,0,0,0,0,0,0,0,0,7,14,96,1,2025,Terry McLaurin,WSH,22.6
3121422,2025_14_WSH_MIN,0,0,0,0,0,0,0,0,3,6,41,0,2025,Terry McLaurin,WSH,7.1
3121422,2025_15_WSH_NYG,0,0,0,0,0,0,0,0,3,4,69,1,2025,Terry McLaurin,WSH,15.9
3121422,2025_16_PHI_WSH,0,0,0,0,0,0,0,0,3,4,53,0,2025,Terry McLaurin,WSH,8.3
3121422,2025_17_DAL_WSH,0,0,0,0,0,0,0,0,5,7,63,0,2025,Terry McLaurin,WSH,11.3
3121422,2025_18_WSH_PHI,0,0,0,0,0,0,0,0,4,4,57,0,2025,Terry McLaurin,WSH,9.7
4685472,2025_01_CAR_JAX,0,0,0,0,0,0,0,0,5,9,68,0,2025,Tetairoa McMillan,CAR,11.8
4685472,2025_02_CAR_ARI,0,0,0,0,0,0,0,0,6,10,100,0,2025,Tetairoa McMillan,CAR,16.0
4685472,2025_03_ATL_CAR,0,0,0,0,0,0,0,0,3,8,48,0,2025,Tetairoa McMillan,CAR,7.8
4685472,2025_04_CAR_NE,0,0,0,0,0,0,0,0,4,8,62,0,2025,Tetairoa McMillan,CAR,10.2
4685472,2025_05_MIA_CAR,0,0,0,0,0,0,0,0,6,8,73,0,2025,Tetairoa McMillan,CAR,13.3
4685472,2025_06_DAL_CAR,0,0,0,0,0,0,0,0,3,5,29,2,2025,Tetairoa McMillan,CAR,17.9
4685472,2025_07_CAR_NYJ,0,0,0,0,0,0,0,0,3,5,33,0,2025,Tetairoa McMillan,CAR,6.3
4685472,2025_08_BUF_CAR,0,0,0,0,0,0,0,0,7,10,99,0,2025,Tetairoa McMillan,CAR,16.9
4685472,2025_09_CAR_GB,0,0,0,0,0,0,0,0,4,6,46,0,2025,Tetairoa McMillan,CAR,8.6
4685472,2025_10_NO_CAR,0,0,0,0,0,0,0,0,5,8,60,0,2025,Tetairoa McMillan,CAR,11.0
4685472,2025_11_CAR_ATL,0,0,0,0,0,0,0,0,8,12,130,2,2025,Tetairoa McMillan,CAR,33.0
4685472,2025_12_CAR_SF,0,0,0,0,0,0,0,0,2,7,35,1,2025,Tetairoa McMillan,CAR,11.5
4685472,2025_13_LAR_CAR,0,0,0,0,0,0,0,0,1,2,43,1,2025,Tetairoa McMillan,CAR,11.3
4685472,2025_15_CAR_NO,0,0,0,0,0,0,0,0,2,4,25,0,2025,Tetairoa McMillan,CAR,4.5
4685472,2025_16_TB_CAR,0,0,0,0,0,0,0,0,6,10,73,1,2025,Tetairoa McMillan,CAR,19.3
4685472,2025_17_SEA_CAR,0,0,0,0,0,0,0,0,1,4,5,0,2025,Tetairoa McMillan,CAR,1.5
4685472,2025_18_CAR_TB,0,0,0,0,0,0,0,0,4,6,85,0,2025,Tetairoa McMillan,CAR,12.5
4608810,2025_01_TB_ATL,0,0,0,0,0,0,0,0,0,1,0,0,2025,Tez Johnson,TB,0.0
4608810,2025_03_NYJ_TB,0,0,0,0,0,0,0,0,0,1,0,0,2025,Tez Johnson,TB,0.0
4608810,2025_04_PHI_TB,0,0,0,0,0,1,5,0,1,1,8,0,2025,Tez Johnson,TB,2.3
4608810,2025_05_TB_SEA,0,0,0,0,0,0,0,0,4,4,59,0,2025,Tez Johnson,TB,9.9
4608810,2025_06_SF_TB,0,0,0,0,0,0,0,0,1,3,45,1,2025,Tez Johnson,TB,11.5
4608810,2025_07_TB_DET,0,0,0,0,0,0,0,0,4,9,58,1,2025,Tez Johnson,TB,15.8
4608810,2025_08_TB_NO,0,0,0,0,0,0,0,0,5,6,43,0,2025,Tez Johnson,TB,9.3
4608810,2025_10_NE_TB,0,0,0,0,0,0,0,0,4,5,42,2,2025,Tez Johnson,TB,20.2
4608810,2025_11_TB_BUF,0,0,0,0,0,3,0,0,1,3,6,0,2025,Tez Johnson,TB,1.6
4608810,2025_12_TB_LAR,0,0,0,0,0,2,12,0,3,4,21,1,2025,Tez Johnson,TB,12.3
4608810,2025_13_ARI_TB,0,0,0,0,0,0,0,0,1,2,5,0,2025,Tez Johnson,TB,1.5
4608810,2025_15_ATL_TB,0,0,0,0,0,0,0,0,0,1,0,0,2025,Tez Johnson,TB,0.0
4608810,2025_16_TB_CAR,0,0,0,0,0,0,0,0,1,1,-1,0,2025,Tez Johnson,TB,0.9
4608810,2025_17_TB_MIA,0,0,0,0,0,0,0,0,2,2,19,0,2025,Tez Johnson,TB,3.9
4608810,2025_18_CAR_TB,0,0,0,0,0,1,5,0,1,1,17,0,2025,Tez Johnson,TB,3.2
4429148,2024_01_MIN_NYG,0,0,0,0,0,0,0,0,1,4,18,0,2024,Theo Johnson,NYG,2.8
4429148,2024_03_NYG_CLE,0,0,0,0,0,0,0,0,1,3,13,0,2024,Theo Johnson,NYG,2.3
4429148,2024_04_DAL_NYG,0,0,0,0,0,0,0,0,1,1,6,0,2024,Theo Johnson,NYG,1.6
4429148,2024_05_NYG_SEA,0,0,0,0,0,0,0,0,5,5,48,0,2024,Theo Johnson,NYG,9.8
4429148,2024_06_CIN_NYG,0,0,0,0,0,0,0,0,3,3,30,0,2024,Theo Johnson,NYG,6.0
4429148,2024_08_NYG_PIT,0,0,0,0,0,0,0,0,3,4,35,0,2024,Theo Johnson,NYG,6.5
4429148,2024_09_WSH_NYG,0,0,0,0,0,0,0,0,3,6,51,1,2024,Theo Johnson,NYG,14.1
4429148,2024_10_NYG_CAR,0,0,0,0,0,0,0,0,4,6,37,0,2024,Theo Johnson,NYG,7.7
4429148,2024_12_TB_NYG,0,0,0,0,0,0,0,0,3,6,39,0,2024,Theo Johnson,NYG,6.9
4429148,2024_13_NYG_DAL,0,0,0,0,0,0,0,0,5,5,54,0,2024,Theo Johnson,NYG,10.4
4429148,2025_01_NYG_WSH,0,0,0,0,0,0,0,0,1,3,5,0,2025,Theo Johnson,NYG,1.5
4429148,2025_02_NYG_DAL,0,0,0,0,0,0,0,0,4,5,34,0,2025,Theo Johnson,NYG,7.4
4429148,2025_03_KC_NYG,0,0,0,0,0,0,0,0,1,2,10,0,2025,Theo Johnson,NYG,2.0
4429148,2025_04_LAC_NYG,0,0,0,0,0,0,0,0,3,5,17,1,2025,Theo Johnson,NYG,10.7
4429148,2025_05_NYG_NO,0,0,0,0,0,0,0,0,6,7,33,2,2025,Theo Johnson,NYG,21.3
4429148,2025_06_PHI_NYG,0,0,0,0,0,0,0,0,2,4,27,0,2025,Theo Johnson,NYG,4.7
4429148,2025_07_NYG_DEN,0,0,0,0,0,0,0,0,3,7,66,1,2025,Theo Johnson,NYG,15.6
4429148,2025_08_NYG_PHI,0,0,0,0,0,0,0,0,3,4,20,0,2025,Theo Johnson,NYG,5.0
4429148,2025_09_SF_NYG,0,0,0,0,0,0,0,0,3,6,27,1,2025,Theo Johnson,NYG,11.7
4429148,2025_10_NYG_CHI,0,0,0,0,0,0,0,0,7,8,75,0,2025,Theo Johnson,NYG,14.5
4429148,2025_11_GB_NYG,0,0,0,0,0,0,0,0,3,4,36,0,2025,Theo Johnson,NYG,6.6
4429148,2025_12_NYG_DET,0,0,0,0,0,0,0,0,3,5,77,0,2025,Theo Johnson,NYG,10.7
4429148,2025_13_NYG_NE,0,0,0,0,0,0,0,0,3,8,29,0,2025,Theo Johnson,NYG,5.9
4429148,2025_15_WSH_NYG,0,0,0,0,0,0,0,0,3,4,72,0,2025,Theo Johnson,NYG,10.2
4429148,2025_16_MIN_NYG,0,0,0,0,0,0,0,0,0,2,0,0,2025,Theo Johnson,NYG,0.0
4426535,2025_16_CIN_MIA,0,0,0,0,0,0,0,0,2,4,32,0,2025,Theo Wease Jr.,MIA,5.2
4426535,2025_17_TB_MIA,0,0,0,0,0,0,0,0,1,1,63,1,2025,Theo Wease Jr.,MIA,13.3
4426535,2025_18_MIA_NE,0,0,0,0,0,0,0,0,3,5,44,0,2025,Theo Wease Jr.,MIA,7.4
3045169,2024_03_MIA_SEA,7,13,79,0,0,1,6,0,0,0,0,0,2024,Tim Boyle,MIA,3.76
3045169,2024_07_MIA_IND,8,13,74,0,0,1,4,0,0,0,0,0,2024,Tim Boyle,MIA,3.36
3045169,2024_15_BAL_NYG,12,24,123,1,1,1,-1,0,0,0,0,0,2024,Tim Boyle,NYG,7.82
4245131,2024_08_GB_JAX,0,0,0,0,0,0,0,0,1,2,20,0,2024,Tim Jones,JAX,3.0
4245131,2024_09_JAX_PHI,0,0,0,0,0,0,0,0,1,2,10,0,2024,Tim Jones,JAX,2.0
4245131,2024_17_TEN_JAX,0,0,0,0,0,0,0,0,1,1,11,0,2024,Tim Jones,JAX,2.1
4245131,2025_09_JAX_LV,0,0,0,0,0,0,0,0,1,1,15,0,2025,Tim Jones,JAX,2.5
3134353,2024_02_TB_DET,0,0,0,0,0,0,0,0,2,4,12,0,2024,Tim Patrick,DET,3.2
3134353,2024_03_DET_ARI,0,0,0,0,0,0,0,0,1,1,8,0,2024,Tim Patrick,DET,1.8
3134353,2024_04_SEA_DET,0,0,0,0,0,0,0,0,2,2,52,0,2024,Tim Patrick,DET,7.2
3134353,2024_06_DET_DAL,0,0,0,0,0,0,0,0,3,3,68,0,2024,Tim Patrick,DET,9.8
3134353,2024_07_DET_MIN,0,0,0,0,0,0,0,0,2,2,25,0,2024,Tim Patrick,DET,4.5
3134353,2024_08_TEN_DET,0,0,0,0,0,0,0,0,0,1,0,0,2024,Tim Patrick,DET,0.0
3134353,2024_09_DET_GB,0,0,0,0,0,0,0,0,2,2,12,0,2024,Tim Patrick,DET,3.2
3134353,2024_11_JAX_DET,0,0,0,0,0,0,0,0,3,4,26,0,2024,Tim Patrick,DET,5.6
3134353,2024_12_DET_IND,0,0,0,0,0,0,0,0,4,4,55,0,2024,Tim Patrick,DET,9.5
3134353,2024_13_CHI_DET,0,0,0,0,0,0,0,0,2,3,48,0,2024,Tim Patrick,DET,6.8
3134353,2024_14_GB_DET,0,0,0,0,0,0,0,0,6,7,43,2,2024,Tim Patrick,DET,22.3
3134353,2024_15_BUF_DET,0,0,0,0,0,0,0,0,4,8,30,1,2024,Tim Patrick,DET,13.0
3134353,2024_16_DET_CHI,0,0,0,0,0,0,0,0,0,1,0,0,2024,Tim Patrick,DET,0.0
3134353,2024_18_MIN_DET,0,0,0,0,0,0,0,0,2,2,15,0,2024,Tim Patrick,DET,3.5
3134353,2025_02_JAX_CIN,0,0,0,0,0,0,0,0,0,1,0,0,2025,Tim Patrick,JAX,0.0
3134353,2025_03_HOU_JAX,0,0,0,0,0,0,0,0,1,1,16,0,2025,Tim Patrick,JAX,2.6
3134353,2025_04_JAX_SF,0,0,0,0,0,0,0,0,1,1,-1,0,2025,Tim Patrick,JAX,0.9
3134353,2025_05_KC_JAX,0,0,0,0,0,0,0,0,0,1,0,0,2025,Tim Patrick,JAX,0.0
3134353,2025_06_SEA_JAX,0,0,0,0,0,0,0,0,1,1,26,1,2025,Tim Patrick,JAX,9.6
3134353,2025_07_LAR_JAX,0,0,0,0,0,0,0,0,1,1,22,0,2025,Tim Patrick,JAX,3.2
3134353,2025_11_LAC_JAX,0,0,0,0,0,0,0,0,3,4,20,1,2025,Tim Patrick,JAX,11.0
3134353,2025_12_JAX_ARI,0,0,0,0,0,0,0,0,0,4,0,0,2025,Tim Patrick,JAX,0.0
3134353,2025_13_JAX_TEN,0,0,0,0,0,0,0,0,1,1,11,0,2025,Tim Patrick,JAX,2.1
3134353,2025_14_IND_JAX,0,0,0,0,0,0,0,0,5,6,78,1,2025,Tim Patrick,JAX,18.8
3134353,2025_16_JAX_DEN,0,0,0,0,0,0,0,0,1,1,11,0,2025,Tim Patrick,JAX,2.1
3134353,2025_17_JAX_IND,0,0,0,0,0,0,0,0,0,1,0,0,2025,Tim Patrick,JAX,0.0
3134353,2025_18_TEN_JAX,0,0,0,0,0,0,0,0,1,1,4,0,2025,Tim Patrick,JAX,1.4
4696700,2024_05_ARI_SF,0,0,0,0,0,0,0,0,1,1,5,0,2024,Tip Reiman,ARI,1.5
4696700,2024_07_LAC_ARI,0,0,0,0,0,0,0,0,1,1,1,0,2024,Tip Reiman,ARI,1.1
4696700,2024_13_ARI_MIN,0,0,0,0,0,0,0,0,1,1,9,0,2024,Tip Reiman,ARI,1.9
4696700,2024_14_SEA_ARI,0,0,0,0,0,0,0,0,1,1,14,0,2024,Tip Reiman,ARI,2.4
4696700,2024_15_NE_ARI,0,0,0,0,0,0,0,0,2,3,8,0,2024,Tip Reiman,ARI,2.8
4696700,2025_01_ARI_NO,0,0,0,0,0,0,0,0,1,1,10,0,2025,Tip Reiman,ARI,2.0
4696700,2025_03_ARI_SF,0,0,0,0,0,0,0,0,2,3,8,0,2025,Tip Reiman,ARI,2.8
4696700,2025_05_TEN_ARI,0,0,0,0,0,0,0,0,0,1,0,0,2025,Tip Reiman,ARI,0.0
3126997,2024_02_TB_DET,0,0,0,0,0,0,0,0,0,1,0,0,2024,Tom Kennedy,DET,0.0
3126997,2025_13_GB_DET,0,0,0,0,0,0,0,0,4,4,36,0,2025,Tom Kennedy,DET,7.6
4240391,2024_12_TB_NYG,21,31,189,0,0,7,32,0,0,0,0,0,2024,Tommy DeVito,NYG,10.76
4240391,2024_15_BAL_NYG,10,13,68,0,0,1,0,0,0,0,0,0,2024,Tommy DeVito,NYG,2.72
4372780,2024_02_LAC_CAR,0,0,0,0,0,0,0,0,3,4,23,0,2024,Tommy Tremble,CAR,5.3
4372780,2024_03_CAR_LV,0,0,0,0,0,0,0,0,3,3,29,0,2024,Tommy Tremble,CAR,5.9
4372780,2024_05_CAR_CHI,0,0,0,0,0,0,0,0,1,2,7,0,2024,Tommy Tremble,CAR,1.7
4372780,2024_08_CAR_DEN,0,0,0,0,0,0,0,0,2,3,13,0,2024,Tommy Tremble,CAR,3.3
4372780,2024_12_KC_CAR,0,0,0,0,0,0,0,0,1,2,5,0,2024,Tommy Tremble,CAR,1.5
4372780,2024_13_TB_CAR,0,0,0,0,0,0,0,0,5,8,77,0,2024,Tommy Tremble,CAR,12.7
4372780,2024_14_CAR_PHI,0,0,0,0,0,0,0,0,1,2,3,1,2024,Tommy Tremble,CAR,7.3
4372780,2024_15_DAL_CAR,0,0,0,0,0,0,0,0,2,2,15,0,2024,Tommy Tremble,CAR,3.5
4372780,2024_16_ARI_CAR,0,0,0,0,0,0,0,0,3,3,32,0,2024,Tommy Tremble,CAR,6.2
4372780,2024_18_CAR_ATL,0,0,0,0,0,0,0,0,2,3,30,1,2024,Tommy Tremble,CAR,11.0
4372780,2025_01_CAR_JAX,0,0,0,0,0,0,0,0,1,1,2,0,2025,Tommy Tremble,CAR,1.2
4372780,2025_02_CAR_ARI,0,0,0,0,0,0,0,0,3,3,20,0,2025,Tommy Tremble,CAR,5.0
4372780,2025_03_ATL_CAR,0,0,0,0,0,0,0,0,2,2,16,0,2025,Tommy Tremble,CAR,3.6
4372780,2025_04_CAR_NE,0,0,0,0,0,0,0,0,5,8,42,1,2025,Tommy Tremble,CAR,15.2
4372780,2025_05_MIA_CAR,0,0,0,0,0,0,0,0,1,2,7,0,2025,Tommy Tremble,CAR,1.7
4372780,2025_06_DAL_CAR,0,0,0,0,0,0,0,0,4,4,39,0,2025,Tommy Tremble,CAR,7.9
4372780,2025_07_CAR_NYJ,0,0,0,0,0,0,0,0,1,1,0,0,2025,Tommy Tremble,CAR,1.0
4372780,2025_08_BUF_CAR,0,0,0,0,0,0,0,0,1,1,4,0,2025,Tommy Tremble,CAR,1.4
4372780,2025_09_CAR_GB,0,0,0,0,0,0,0,0,0,1,0,0,2025,Tommy Tremble,CAR,0.0
4372780,2025_11_CAR_ATL,0,0,0,0,0,0,0,0,1,2,54,0,2025,Tommy Tremble,CAR,6.4
4372780,2025_13_LAR_CAR,0,0,0,0,0,0,0,0,1,2,2,0,2025,Tommy Tremble,CAR,1.2
4372780,2025_15_CAR_NO,0,0,0,0,0,0,0,0,2,4,13,0,2025,Tommy Tremble,CAR,3.3
4372780,2025_16_TB_CAR,0,0,0,0,0,0,0,0,1,1,6,0,2025,Tommy Tremble,CAR,1.6
4372780,2025_17_SEA_CAR,0,0,0,0,0,0,0,0,1,1,6,0,2025,Tommy Tremble,CAR,1.6
4372780,2025_18_CAR_TB,0,0,0,0,0,0,0,0,3,4,38,1,2025,Tommy Tremble,CAR,12.8
4046676,2024_18_SF_ARI,0,0,0,0,0,4,55,1,0,0,0,0,2024,Tony Jones Jr.,ARI,11.5
3916148,2024_01_TEN_CHI,0,0,0,0,0,16,82,1,3,4,12,0,2024,Tony Pollard,TEN,18.4
3916148,2024_02_NYJ_TEN,0,0,0,0,0,17,62,0,5,6,40,0,2024,Tony Pollard,TEN,15.2
3916148,2024_03_GB_TEN,0,0,0,0,0,6,14,0,3,4,15,0,2024,Tony Pollard,TEN,5.9
3916148,2024_04_TEN_MIA,0,0,0,0,0,22,88,1,2,2,20,0,2024,Tony Pollard,TEN,18.8
3916148,2024_06_IND_TEN,0,0,0,0,0,17,93,1,3,3,-5,0,2024,Tony Pollard,TEN,17.8
3916148,2024_07_TEN_BUF,0,0,0,0,0,16,61,0,2,6,4,0,2024,Tony Pollard,TEN,8.5
3916148,2024_08_TEN_DET,0,0,0,0,0,20,94,0,3,4,23,0,2024,Tony Pollard,TEN,14.7
3916148,2024_09_NE_TEN,0,0,0,0,0,28,128,0,3,3,26,0,2024,Tony Pollard,TEN,18.4
3916148,2024_10_TEN_LAC,0,0,0,0,0,9,44,0,4,4,19,0,2024,Tony Pollard,TEN,10.3
3916148,2024_11_MIN_TEN,0,0,0,0,0,9,15,0,2,4,14,0,2024,Tony Pollard,TEN,4.9
3916148,2024_12_TEN_HOU,0,0,0,0,0,24,119,1,3,5,10,0,2024,Tony Pollard,TEN,21.9
3916148,2024_13_TEN_WSH,0,0,0,0,0,8,35,0,4,6,33,0,2024,Tony Pollard,TEN,10.8
3916148,2024_14_JAX_TEN,0,0,0,0,0,21,102,0,2,2,22,0,2024,Tony Pollard,TEN,14.4
3916148,2024_15_CIN_TEN,0,0,0,0,0,17,45,1,0,0,0,0,2024,Tony Pollard,TEN,10.5
3916148,2024_16_TEN_IND,0,0,0,0,0,8,35,0,2,4,5,0,2024,Tony Pollard,TEN,6.0
3916148,2024_18_HOU_TEN,0,0,0,0,0,22,62,0,0,0,0,0,2024,Tony Pollard,TEN,6.2
3916148,2025_01_TEN_DEN,0,0,0,0,0,18,60,0,1,1,29,0,2025,Tony Pollard,TEN,9.9
3916148,2025_02_LAR_TEN,0,0,0,0,0,20,92,0,0,1,0,0,2025,Tony Pollard,TEN,9.2
3916148,2025_03_IND_TEN,0,0,0,0,0,16,45,1,2,4,14,0,2025,Tony Pollard,TEN,13.9
3916148,2025_04_TEN_HOU,0,0,0,0,0,14,64,0,3,3,12,0,2025,Tony Pollard,TEN,10.6
3916148,2025_05_TEN_ARI,0,0,0,0,0,14,67,1,3,3,11,0,2025,Tony Pollard,TEN,16.8
3916148,2025_06_TEN_LV,0,0,0,0,0,10,34,0,2,2,13,0,2025,Tony Pollard,TEN,6.7
3916148,2025_07_NE_TEN,0,0,0,0,0,6,18,0,6,6,43,0,2025,Tony Pollard,TEN,12.1
3916148,2025_08_TEN_IND,0,0,0,0,0,11,44,0,1,2,9,0,2025,Tony Pollard,TEN,6.3
3916148,2025_09_LAC_TEN,0,0,0,0,0,10,56,0,1,2,12,0,2025,Tony Pollard,TEN,7.8
3916148,2025_11_HOU_TEN,0,0,0,0,0,10,22,0,3,3,4,0,2025,Tony Pollard,TEN,5.6
3916148,2025_12_SEA_TEN,0,0,0,0,0,11,20,0,4,5,21,0,2025,Tony Pollard,TEN,8.1
3916148,2025_13_JAX_TEN,0,0,0,0,0,10,60,0,1,2,3,0,2025,Tony Pollard,TEN,7.3
3916148,2025_14_TEN_CLE,0,0,0,0,0,25,161,2,0,0,0,0,2025,Tony Pollard,TEN,28.1
3916148,2025_15_TEN_SF,0,0,0,0,0,14,104,1,1,2,8,0,2025,Tony Pollard,TEN,18.2
3916148,2025_16_KC_TEN,0,0,0,0,0,21,102,0,0,0,0,0,2025,Tony Pollard,TEN,10.2
3916148,2025_17_NO_TEN,0,0,0,0,0,18,85,0,2,2,10,0,2025,Tony Pollard,TEN,11.5
3916148,2025_18_TEN_JAX,0,0,0,0,0,14,48,0,3,3,17,0,2025,Tony Pollard,TEN,9.5
4597703,2025_02_SEA_PIT,0,0,0,0,0,0,0,0,2,4,32,1,2025,Tory Horton,SEA,11.2
4597703,2025_03_NO_SEA,0,0,0,0,0,0,0,0,3,4,32,1,2025,Tory Horton,SEA,12.2
4597703,2025_04_SEA_ARI,0,0,0,0,0,0,0,0,1,2,10,0,2025,Tory Horton,SEA,2.0
4597703,2025_05_TB_SEA,0,0,0,0,0,0,0,0,3,4,39,1,2025,Tory Horton,SEA,12.9
4597703,2025_06_SEA_JAX,0,0,0,0,0,0,0,0,0,1,0,0,2025,Tory Horton,SEA,0.0
4597703,2025_07_HOU_SEA,0,0,0,0,0,0,0,0,0,3,0,0,2025,Tory Horton,SEA,0.0
4597703,2025_09_SEA_WSH,0,0,0,0,0,0,0,0,4,4,48,2,2025,Tory Horton,SEA,20.8
4239996,2024_01_JAX_MIA,0,0,0,0,0,12,44,1,2,3,15,0,2024,Travis Etienne Jr.,JAX,13.9
4239996,2024_02_CLE_JAX,0,0,0,0,0,13,52,1,3,4,6,0,2024,Travis Etienne Jr.,JAX,14.8
4239996,2024_03_JAX_BUF,0,0,0,0,0,11,68,0,4,6,17,0,2024,Travis Etienne Jr.,JAX,12.5
4239996,2024_04_JAX_HOU,0,0,0,0,0,11,50,0,1,2,10,0,2024,Travis Etienne Jr.,JAX,7.0
4239996,2024_05_IND_JAX,0,0,0,0,0,6,17,0,6,7,43,0,2024,Travis Etienne Jr.,JAX,12.0
4239996,2024_06_JAX_CHI,0,0,0,0,0,3,-1,0,0,1,0,0,2024,Travis Etienne Jr.,JAX,-0.1
4239996,2024_09_JAX_PHI,0,0,0,0,0,3,24,0,2,3,6,0,2024,Travis Etienne Jr.,JAX,5.0
4239996,2024_10_MIN_JAX,0,0,0,0,0,11,44,0,1,1,-1,0,2024,Travis Etienne Jr.,JAX,5.3
4239996,2024_11_JAX_DET,0,0,0,0,0,12,27,0,3,3,6,0,2024,Travis Etienne Jr.,JAX,6.3
4239996,2024_13_HOU_JAX,0,0,0,0,0,13,46,0,3,3,12,0,2024,Travis Etienne Jr.,JAX,8.8
4239996,2024_14_JAX_TEN,0,0,0,0,0,4,20,0,4,4,50,0,2024,Travis Etienne Jr.,JAX,11.0
4239996,2024_15_NYJ_JAX,0,0,0,0,0,14,65,0,4,5,20,0,2024,Travis Etienne Jr.,JAX,12.5
4239996,2024_16_JAX_LV,0,0,0,0,0,9,22,0,2,3,15,0,2024,Travis Etienne Jr.,JAX,5.7
4239996,2024_17_TEN_JAX,0,0,0,0,0,15,49,0,1,2,26,0,2024,Travis Etienne Jr.,JAX,8.5
4239996,2024_18_JAX_IND,0,0,0,0,0,13,31,0,3,5,29,0,2024,Travis Etienne Jr.,JAX,9.0
4239996,2025_01_CAR_JAX,0,0,0,0,0,16,143,0,3,3,13,0,2025,Travis Etienne Jr.,JAX,18.6
4239996,2025_02_JAX_CIN,0,0,0,0,0,14,71,0,2,3,18,1,2025,Travis Etienne Jr.,JAX,16.9
4239996,2025_03_HOU_JAX,0,0,0,0,0,16,56,1,0,2,0,0,2025,Travis Etienne Jr.,JAX,11.6
4239996,2025_04_JAX_SF,0,0,0,0,0,19,124,1,1,2,1,0,2025,Travis Etienne Jr.,JAX,19.5
4239996,2025_05_KC_JAX,0,0,0,0,0,12,49,0,3,4,9,0,2025,Travis Etienne Jr.,JAX,8.8
4239996,2025_06_SEA_JAX,0,0,0,0,0,12,27,0,4,5,28,0,2025,Travis Etienne Jr.,JAX,9.5
4239996,2025_07_LAR_JAX,0,0,0,0,0,8,44,0,1,3,11,0,2025,Travis Etienne Jr.,JAX,6.5
4239996,2025_09_JAX_LV,0,0,0,0,0,22,84,0,5,5,31,0,2025,Travis Etienne Jr.,JAX,16.5
4239996,2025_10_JAX_HOU,0,0,0,0,0,16,58,1,2,4,19,0,2025,Travis Etienne Jr.,JAX,15.7
4239996,2025_11_LAC_JAX,0,0,0,0,0,19,73,2,0,2,0,0,2025,Travis Etienne Jr.,JAX,19.3
4239996,2025_12_JAX_ARI,0,0,0,0,0,15,86,0,3,4,30,1,2025,Travis Etienne Jr.,JAX,20.6
4239996,2025_13_JAX_TEN,0,0,0,0,0,12,28,0,1,1,13,0,2025,Travis Etienne Jr.,JAX,5.1
4239996,2025_14_IND_JAX,0,0,0,0,0,20,74,2,1,1,8,0,2025,Travis Etienne Jr.,JAX,21.2
4239996,2025_15_NYJ_JAX,0,0,0,0,0,12,32,0,3,4,73,3,2025,Travis Etienne Jr.,JAX,31.5
4239996,2025_16_JAX_DEN,0,0,0,0,0,16,50,0,4,5,16,1,2025,Travis Etienne Jr.,JAX,16.6
4239996,2025_17_JAX_IND,0,0,0,0,0,17,76,0,2,3,16,0,2025,Travis Etienne Jr.,JAX,11.2
4239996,2025_18_TEN_JAX,0,0,0,0,0,14,32,0,1,1,6,0,2025,Travis Etienne Jr.,JAX,4.8
4037457,2024_14_CHI_SF,0,0,0,0,0,0,0,0,3,3,11,0,2024,Travis Homer,CHI,4.1
4037457,2024_15_CHI_MIN,0,0,0,0,0,3,7,0,0,0,0,0,2024,Travis Homer,CHI,0.7
4685415,2025_01_CAR_JAX,0,0,0,0,0,0,0,0,6,8,33,0,2025,Travis Hunter,JAX,9.3
4685415,2025_02_JAX_CIN,0,0,0,0,0,0,0,0,3,6,22,0,2025,Travis Hunter,JAX,5.2
4685415,2025_03_HOU_JAX,0,0,0,0,0,0,0,0,1,2,21,0,2025,Travis Hunter,JAX,3.1
4685415,2025_04_JAX_SF,0,0,0,0,0,0,0,0,3,5,42,0,2025,Travis Hunter,JAX,7.2
4685415,2025_05_KC_JAX,0,0,0,0,0,0,0,0,3,3,64,0,2025,Travis Hunter,JAX,9.4
4685415,2025_06_SEA_JAX,0,0,0,0,0,0,0,0,4,7,15,0,2025,Travis Hunter,JAX,5.5
4685415,2025_07_LAR_JAX,0,0,0,0,0,1,0,0,8,14,101,1,2025,Travis Hunter,JAX,24.1
15847,2024_01_BAL_KC,0,0,0,0,0,0,0,0,3,4,34,0,2024,Travis Kelce,KC,6.4
15847,2024_02_CIN_KC,0,0,0,0,0,1,1,0,1,3,5,0,2024,Travis Kelce,KC,1.6
15847,2024_03_KC_ATL,0,0,0,0,0,0,0,0,4,5,30,0,2024,Travis Kelce,KC,7.0
15847,2024_04_KC_LAC,0,0,0,0,0,0,0,0,7,9,89,0,2024,Travis Kelce,KC,15.9
15847,2024_05_NO_KC,0,0,0,0,0,0,0,0,9,10,70,0,2024,Travis Kelce,KC,16.0
15847,2024_07_KC_SF,0,0,0,0,0,0,0,0,4,5,17,0,2024,Travis Kelce,KC,5.7
15847,2024_08_KC_LV,0,0,0,0,0,0,0,0,10,12,90,1,2024,Travis Kelce,KC,25.0
15847,2024_09_TB_KC,0,0,0,0,0,0,0,0,14,16,100,0,2024,Travis Kelce,KC,24.0
15847,2024_10_DEN_KC,0,0,0,0,0,0,0,0,8,12,64,1,2024,Travis Kelce,KC,20.4
15847,2024_11_KC_BUF,0,0,0,0,0,0,0,0,2,4,8,0,2024,Travis Kelce,KC,2.8
15847,2024_12_KC_CAR,0,0,0,0,0,0,0,0,6,8,62,0,2024,Travis Kelce,KC,12.2
15847,2024_13_LV_KC,0,0,0,0,0,0,0,0,7,13,68,0,2024,Travis Kelce,KC,13.8
15847,2024_14_LAC_KC,0,0,0,0,0,0,0,0,5,6,45,0,2024,Travis Kelce,KC,9.5
15847,2024_15_KC_CLE,0,0,0,0,0,0,0,0,4,8,27,0,2024,Travis Kelce,KC,6.7
15847,2024_16_HOU_KC,0,0,0,0,0,0,0,0,5,7,30,0,2024,Travis Kelce,KC,8.0
15847,2024_17_KC_PIT,0,0,0,0,0,0,0,0,8,11,84,1,2024,Travis Kelce,KC,22.4
15847,2025_01_KC_LAC,0,0,0,0,0,0,0,0,2,4,47,1,2025,Travis Kelce,KC,12.7
15847,2025_02_PHI_KC,0,0,0,0,0,0,0,0,4,6,61,0,2025,Travis Kelce,KC,10.1
15847,2025_03_KC_NYG,0,0,0,0,0,0,0,0,4,7,26,0,2025,Travis Kelce,KC,6.6
15847,2025_04_BAL_KC,0,0,0,0,0,0,0,0,5,5,48,0,2025,Travis Kelce,KC,9.8
15847,2025_05_KC_JAX,0,0,0,0,0,0,0,0,7,8,61,1,2025,Travis Kelce,KC,19.1
15847,2025_06_DET_KC,0,0,0,0,0,0,0,0,6,7,78,0,2025,Travis Kelce,KC,13.8
15847,2025_07_LV_KC,0,0,0,0,0,0,0,0,3,3,54,0,2025,Travis Kelce,KC,8.4
15847,2025_08_WSH_KC,0,0,0,0,0,0,0,0,6,8,99,1,2025,Travis Kelce,KC,21.9
15847,2025_09_KC_BUF,0,0,0,0,0,0,0,0,4,5,66,0,2025,Travis Kelce,KC,10.6
15847,2025_11_KC_DEN,0,0,0,0,0,0,0,0,9,13,91,1,2025,Travis Kelce,KC,24.1
15847,2025_12_IND_KC,0,0,0,0,0,1,1,0,4,6,43,0,2025,Travis Kelce,KC,8.4
15847,2025_13_KC_DAL,0,0,0,0,0,0,0,0,5,6,45,1,2025,Travis Kelce,KC,15.5
15847,2025_14_HOU_KC,0,0,0,0,0,0,0,0,1,5,8,0,2025,Travis Kelce,KC,1.8
15847,2025_15_LAC_KC,0,0,0,0,0,0,0,0,7,9,70,0,2025,Travis Kelce,KC,14.0
15847,2025_16_KC_TEN,0,0,0,0,0,0,0,0,1,4,6,0,2025,Travis Kelce,KC,1.6
15847,2025_17_DEN_KC,0,0,0,0,0,0,0,0,5,6,36,0,2025,Travis Kelce,KC,8.6
15847,2025_18_KC_LV,0,0,0,0,0,0,0,0,3,6,12,0,2025,Travis Kelce,KC,4.2
4035222,2025_11_LAC_JAX,0,0,0,0,0,3,-1,0,1,1,0,0,2025,Trayveon Williams,LAC,0.9
4035222,2025_15_CLE_CHI,0,0,0,0,0,1,3,0,2,2,4,0,2025,Trayveon Williams,CLE,2.7
4035222,2025_16_BUF_CLE,0,0,0,0,0,3,17,0,4,4,38,0,2025,Trayveon Williams,CLE,9.5
4035222,2025_18_CLE_CIN,0,0,0,0,0,1,7,0,1,2,13,0,2025,Trayveon Williams,CLE,3.0
4428718,2024_01_LV_LAC,0,0,0,0,0,0,0,0,2,3,22,0,2024,Tre Tucker,LV,4.2
4428718,2024_02_LV_BAL,0,0,0,0,0,0,0,0,2,2,13,0,2024,Tre Tucker,LV,3.3
4428718,2024_03_CAR_LV,0,0,0,0,0,0,0,0,7,9,96,1,2024,Tre Tucker,LV,22.6
4428718,2024_04_CLE_LV,0,0,0,0,0,1,3,1,5,6,41,0,2024,Tre Tucker,LV,15.4
4428718,2024_05_LV_DEN,0,0,0,0,0,2,8,0,2,5,18,0,2024,Tre Tucker,LV,4.6
4428718,2024_06_PIT_LV,0,0,0,0,0,0,0,0,0,2,0,0,2024,Tre Tucker,LV,0.0
4428718,2024_07_LV_LAR,0,0,0,0,0,1,11,0,3,8,36,0,2024,Tre Tucker,LV,7.7
4428718,2024_08_KC_LV,0,0,0,0,0,1,7,0,2,3,26,0,2024,Tre Tucker,LV,5.3
4428718,2024_09_LV_CIN,0,0,0,0,0,0,0,0,2,6,5,0,2024,Tre Tucker,LV,2.5
4428718,2024_11_LV_MIA,0,0,0,0,0,1,7,0,3,4,28,0,2024,Tre Tucker,LV,6.5
4428718,2024_12_DEN_LV,0,0,0,0,0,0,0,0,7,8,82,0,2024,Tre Tucker,LV,15.2
4428718,2024_13_LV_KC,0,0,0,0,0,1,11,0,1,1,58,1,2024,Tre Tucker,LV,13.9
4428718,2024_14_LV_TB,0,0,0,0,0,0,0,0,2,5,7,0,2024,Tre Tucker,LV,2.7
4428718,2024_15_ATL_LV,0,0,0,0,0,0,0,0,2,3,18,0,2024,Tre Tucker,LV,3.8
4428718,2024_16_JAX_LV,0,0,0,0,0,1,-8,0,2,4,41,0,2024,Tre Tucker,LV,5.3
4428718,2024_17_LV_NO,0,0,0,0,0,1,5,0,2,8,24,1,2024,Tre Tucker,LV,10.9
4428718,2024_18_LAC_LV,0,0,0,0,0,0,0,0,3,4,24,0,2024,Tre Tucker,LV,5.4
4428718,2025_01_LV_NE,0,0,0,0,0,0,0,0,2,3,54,1,2025,Tre Tucker,LV,13.4
4428718,2025_02_LAC_LV,0,0,0,0,0,1,7,0,3,8,12,0,2025,Tre Tucker,LV,4.9
4428718,2025_03_LV_WSH,0,0,0,0,0,1,4,0,8,9,145,3,2025,Tre Tucker,LV,40.9
4428718,2025_04_CHI_LV,0,0,0,0,0,2,9,0,2,2,13,0,2025,Tre Tucker,LV,4.2
4428718,2025_05_LV_IND,0,0,0,0,0,1,9,0,4,6,62,0,2025,Tre Tucker,LV,11.1
4428718,2025_06_TEN_LV,0,0,0,0,0,0,0,0,5,5,70,0,2025,Tre Tucker,LV,12.0
4428718,2025_07_LV_KC,0,0,0,0,0,0,0,0,5,6,33,0,2025,Tre Tucker,LV,8.3
4428718,2025_09_JAX_LV,0,0,0,0,0,0,0,0,3,4,38,0,2025,Tre Tucker,LV,6.8
4428718,2025_10_LV_DEN,0,0,0,0,0,1,7,0,2,3,28,0,2025,Tre Tucker,LV,5.5
4428718,2025_11_DAL_LV,0,0,0,0,0,0,0,0,4,8,47,1,2025,Tre Tucker,LV,14.7
4428718,2025_12_CLE_LV,0,0,0,0,0,0,0,0,3,10,28,0,2025,Tre Tucker,LV,5.8
4428718,2025_13_LV_LAC,0,0,0,0,0,0,0,0,3,3,20,0,2025,Tre Tucker,LV,5.0
4428718,2025_14_DEN_LV,0,0,0,0,0,0,0,0,2,5,24,0,2025,Tre Tucker,LV,4.4
4428718,2025_15_LV_PHI,0,0,0,0,0,0,0,0,0,3,0,0,2025,Tre Tucker,LV,0.0
4428718,2025_16_LV_HOU,0,0,0,0,0,2,11,0,4,5,43,0,2025,Tre Tucker,LV,9.4
4428718,2025_17_NYG_LV,0,0,0,0,0,2,0,0,5,6,49,0,2025,Tre Tucker,LV,9.9
4428718,2025_18_KC_LV,0,0,0,0,0,1,4,0,2,6,30,0,2025,Tre Tucker,LV,5.4
4686612,2025_01_KC_LAC,0,0,0,0,0,0,0,0,1,1,11,0,2025,Tre' Harris,LAC,2.1
4686612,2025_02_LAC_LV,0,0,0,0,0,0,0,0,2,3,34,0,2025,Tre' Harris,LAC,5.4
4686612,2025_03_DEN_LAC,0,0,0,0,0,0,0,0,0,1,0,0,2025,Tre' Harris,LAC,0.0
4686612,2025_04_LAC_NYG,0,0,0,0,0,0,0,0,0,1,0,0,2025,Tre' Harris,LAC,0.0
4686612,2025_06_LAC_MIA,0,0,0,0,0,0,0,0,4,5,27,0,2025,Tre' Harris,LAC,6.7
4686612,2025_07_IND_LAC,0,0,0,0,0,0,0,0,2,2,23,0,2025,Tre' Harris,LAC,4.3
4686612,2025_08_MIN_LAC,0,0,0,0,0,0,0,0,2,2,8,1,2025,Tre' Harris,LAC,8.8
4686612,2025_09_LAC_TEN,0,0,0,0,0,0,0,0,2,2,18,0,2025,Tre' Harris,LAC,3.8
4686612,2025_10_PIT_LAC,0,0,0,0,0,0,0,0,2,2,4,0,2025,Tre' Harris,LAC,2.4
4686612,2025_11_LAC_JAX,0,0,0,0,0,0,0,0,1,1,12,0,2025,Tre' Harris,LAC,2.2
4686612,2025_13_LV_LAC,0,0,0,0,0,0,0,0,3,4,30,0,2025,Tre' Harris,LAC,6.0
4686612,2025_14_PHI_LAC,0,0,0,0,0,1,3,0,1,2,18,0,2025,Tre' Harris,LAC,3.1
4686612,2025_15_LAC_KC,0,0,0,0,0,0,0,0,3,5,49,0,2025,Tre' Harris,LAC,7.9
4686612,2025_16_LAC_DAL,0,0,0,0,0,0,0,0,4,5,54,0,2025,Tre' Harris,LAC,9.4
4686612,2025_17_HOU_LAC,0,0,0,0,0,1,7,0,1,1,8,0,2025,Tre' Harris,LAC,2.5
4686612,2025_18_LAC_DEN,0,0,0,0,0,0,0,0,2,6,28,0,2025,Tre' Harris,LAC,4.8
4432710,2025_01_LV_NE,0,0,0,0,0,5,27,0,6,6,24,0,2025,TreVeyon Henderson,NE,11.1
4432710,2025_02_NE_MIA,0,0,0,0,0,3,10,0,2,2,30,0,2025,TreVeyon Henderson,NE,6.0
4432710,2025_03_PIT_NE,0,0,0,0,0,11,28,0,3,3,19,0,2025,TreVeyon Henderson,NE,7.7
4432710,2025_04_CAR_NE,0,0,0,0,0,7,32,1,2,2,14,0,2025,TreVeyon Henderson,NE,12.6
4432710,2025_05_NE_BUF,0,0,0,0,0,6,24,0,2,3,3,0,2025,TreVeyon Henderson,NE,4.7
4432710,2025_06_NE_NO,0,0,0,0,0,9,27,0,1,2,9,0,2025,TreVeyon Henderson,NE,4.6
4432710,2025_08_CLE_NE,0,0,0,0,0,10,75,0,0,0,0,0,2025,TreVeyon Henderson,NE,7.5
4432710,2025_09_ATL_NE,0,0,0,0,0,14,55,0,4,6,32,0,2025,TreVeyon Henderson,NE,12.7
4432710,2025_10_NE_TB,0,0,0,0,0,14,147,2,1,1,3,0,2025,TreVeyon Henderson,NE,28.0
4432710,2025_11_NYJ_NE,0,0,0,0,0,19,62,2,5,5,31,1,2025,TreVeyon Henderson,NE,32.3
4432710,2025_12_NE_CIN,0,0,0,0,0,18,66,0,3,4,15,0,2025,TreVeyon Henderson,NE,11.1
4432710,2025_13_NYG_NE,0,0,0,0,0,11,67,0,3,4,19,0,2025,TreVeyon Henderson,NE,11.6
4432710,2025_15_BUF_NE,0,0,0,0,0,14,148,2,2,3,13,0,2025,TreVeyon Henderson,NE,30.1
4432710,2025_16_NE_BAL,0,0,0,0,0,5,3,0,1,1,9,0,2025,TreVeyon Henderson,NE,2.2
4432710,2025_17_NE_NYJ,0,0,0,0,0,19,82,0,0,0,0,0,2025,TreVeyon Henderson,NE,8.2
4432710,2025_18_MIA_NE,0,0,0,0,0,13,53,2,0,0,0,0,2025,TreVeyon Henderson,NE,17.3
3123303,2024_03_WSH_CIN,0,0,0,0,0,0,0,0,1,1,1,1,2024,Trent Scott,WSH,7.1
3122168,2024_02_SF_MIN,0,0,0,0,0,0,0,0,1,2,17,0,2024,Trent Sherfield,MIN,2.7
3122168,2024_03_HOU_MIN,0,0,0,0,0,0,0,0,1,1,8,0,2024,Trent Sherfield,MIN,1.8
3122168,2024_04_MIN_GB,0,0,0,0,0,0,0,0,1,1,8,0,2024,Trent Sherfield,MIN,1.8
3122168,2024_08_MIN_LAR,0,0,0,0,0,0,0,0,1,1,10,1,2024,Trent Sherfield,MIN,8.0
3122168,2024_09_IND_MIN,0,0,0,0,0,0,0,0,1,1,7,0,2024,Trent Sherfield,MIN,1.7
3122168,2024_10_MIN_JAX,0,0,0,0,0,0,0,0,1,1,11,0,2024,Trent Sherfield,MIN,2.1
3122168,2024_11_MIN_TEN,0,0,0,0,0,0,0,0,1,1,16,0,2024,Trent Sherfield,MIN,2.6
3122168,2024_15_CHI_MIN,0,0,0,0,0,0,0,0,1,1,6,0,2024,Trent Sherfield,MIN,1.6
3122168,2025_01_TEN_DEN,0,0,0,0,0,0,0,0,1,1,3,0,2025,Trent Sherfield,DEN,1.3
3122168,2025_02_DEN_IND,0,0,0,0,0,0,0,0,1,1,3,0,2025,Trent Sherfield,DEN,1.3
3122168,2025_05_DEN_PHI,0,0,0,0,0,0,0,0,1,2,15,0,2025,Trent Sherfield,DEN,2.5
3122168,2025_14_LAR_ARI,0,0,0,0,0,0,0,0,0,1,0,0,2025,Trent Sherfield,ARI,0.0
3040569,2024_18_SF_ARI,0,0,0,0,0,0,0,0,1,1,11,0,2024,Trent Taylor,SF,2.1
3931391,2024_01_NE_CIN,0,0,0,0,0,0,0,0,1,2,6,0,2024,Trenton Irwin,CIN,1.6
3931391,2024_02_CIN_KC,0,0,0,0,0,0,0,0,1,6,5,0,2024,Trenton Irwin,CIN,1.5
3931391,2024_08_PHI_CIN,0,0,0,0,0,0,0,0,1,1,4,0,2024,Trenton Irwin,CIN,1.4
3931391,2024_09_LV_CIN,0,0,0,0,0,0,0,0,0,1,0,0,2024,Trenton Irwin,CIN,0.0
4685350,2025_02_CAR_ARI,0,0,0,0,0,0,0,0,1,1,2,0,2025,Trevor Etienne,CAR,1.2
4685350,2025_04_CAR_NE,0,0,0,0,0,7,33,0,0,0,0,0,2025,Trevor Etienne,CAR,3.3
4685350,2025_05_MIA_CAR,0,0,0,0,0,4,22,0,1,1,7,0,2025,Trevor Etienne,CAR,3.9
4685350,2025_06_DAL_CAR,0,0,0,0,0,3,17,0,0,0,0,0,2025,Trevor Etienne,CAR,1.7
4685350,2025_08_BUF_CAR,0,0,0,0,0,4,16,0,0,0,0,0,2025,Trevor Etienne,CAR,1.6
4685350,2025_13_LAR_CAR,0,0,0,0,0,0,0,0,1,1,4,0,2025,Trevor Etienne,CAR,1.4
4360310,2024_01_JAX_MIA,12,21,162,1,0,1,8,0,0,0,0,0,2024,Trevor Lawrence,JAX,11.28
4360310,2024_02_CLE_JAX,14,30,220,0,0,2,45,0,0,0,0,0,2024,Trevor Lawrence,JAX,13.3
4360310,2024_03_JAX_BUF,21,38,178,1,1,2,3,0,0,0,0,0,2024,Trevor Lawrence,JAX,10.42
4360310,2024_04_JAX_HOU,18,33,169,2,0,3,5,0,0,0,-5,0,2024,Trevor Lawrence,JAX,14.76
4360310,2024_05_IND_JAX,28,34,371,2,1,2,4,0,0,0,0,0,2024,Trevor Lawrence,JAX,22.24
4360310,2024_06_JAX_CHI,23,35,234,2,1,4,17,0,0,0,0,0,2024,Trevor Lawrence,JAX,18.06
4360310,2024_07_NE_JAX,15,20,193,1,0,2,13,0,0,0,0,0,2024,Trevor Lawrence,JAX,13.02
4360310,2024_08_GB_JAX,21,32,308,2,1,4,10,1,0,0,0,0,2024,Trevor Lawrence,JAX,26.32
4360310,2024_09_JAX_PHI,16,31,169,0,2,5,8,2,0,0,0,0,2024,Trevor Lawrence,JAX,17.56
4360310,2024_13_HOU_JAX,4,10,41,0,1,1,6,0,0,0,0,0,2024,Trevor Lawrence,JAX,1.24
4360310,2025_01_CAR_JAX,19,31,178,1,1,4,12,0,0,0,0,0,2025,Trevor Lawrence,JAX,11.32
4360310,2025_02_JAX_CIN,24,42,271,3,2,2,4,0,0,0,0,0,2025,Trevor Lawrence,JAX,21.24
4360310,2025_03_HOU_JAX,20,40,222,0,1,2,9,0,0,0,0,0,2025,Trevor Lawrence,JAX,8.78
4360310,2025_04_JAX_SF,21,31,174,1,0,7,7,0,0,0,0,0,2025,Trevor Lawrence,JAX,11.66
4360310,2025_05_KC_JAX,18,25,221,1,1,10,54,2,0,0,0,0,2025,Trevor Lawrence,JAX,29.24
4360310,2025_06_SEA_JAX,27,42,258,2,0,3,9,0,0,0,0,0,2025,Trevor Lawrence,JAX,19.22
4360310,2025_07_LAR_JAX,23,48,296,1,0,2,18,0,0,0,0,0,2025,Trevor Lawrence,JAX,17.64
4360310,2025_09_JAX_LV,23,34,220,0,1,9,24,2,0,0,0,0,2025,Trevor Lawrence,JAX,22.2
4360310,2025_10_JAX_HOU,13,23,158,1,1,5,35,0,0,0,0,0,2025,Trevor Lawrence,JAX,12.82
4360310,2025_11_LAC_JAX,14,22,153,1,1,5,9,1,0,0,0,0,2025,Trevor Lawrence,JAX,16.02
4360310,2025_12_JAX_ARI,18,30,256,3,3,5,29,0,0,0,0,0,2025,Trevor Lawrence,JAX,22.14
4360310,2025_13_JAX_TEN,16,27,229,2,0,3,25,0,0,0,0,0,2025,Trevor Lawrence,JAX,19.66
4360310,2025_14_IND_JAX,17,30,244,2,0,4,16,0,0,0,0,0,2025,Trevor Lawrence,JAX,19.36
4360310,2025_15_NYJ_JAX,20,32,330,5,0,5,51,1,0,0,0,0,2025,Trevor Lawrence,JAX,44.3
4360310,2025_16_JAX_DEN,23,36,279,3,0,6,20,1,0,0,0,0,2025,Trevor Lawrence,JAX,31.16
4360310,2025_17_JAX_IND,23,37,263,0,1,8,26,2,0,0,0,0,2025,Trevor Lawrence,JAX,24.12
4360310,2025_18_TEN_JAX,22,30,255,3,0,2,11,0,0,0,0,0,2025,Trevor Lawrence,JAX,23.3
4248627,2025_15_LAC_KC,0,0,0,0,0,0,0,0,0,1,0,0,2025,Trevor Penning,LAC,0.0
4429275,2024_01_ARI_BUF,0,0,0,0,0,3,13,0,1,1,5,0,2024,Trey Benson,ARI,2.8
4429275,2024_02_LAR_ARI,0,0,0,0,0,11,10,0,1,1,7,0,2024,Trey Benson,ARI,2.7
4429275,2024_04_WSH_ARI,0,0,0,0,0,9,50,0,0,0,0,0,2024,Trey Benson,ARI,5.0
4429275,2024_06_ARI_GB,0,0,0,0,0,5,26,0,0,0,0,0,2024,Trey Benson,ARI,2.6
4429275,2024_09_CHI_ARI,0,0,0,0,0,8,37,1,1,1,18,0,2024,Trey Benson,ARI,12.5
4429275,2024_10_NYJ_ARI,0,0,0,0,0,10,62,0,2,2,25,0,2024,Trey Benson,ARI,10.7
4429275,2024_12_ARI_SEA,0,0,0,0,0,4,18,0,0,0,0,0,2024,Trey Benson,ARI,1.8
4429275,2024_13_ARI_MIN,0,0,0,0,0,3,20,0,0,0,0,0,2024,Trey Benson,ARI,2.0
4429275,2024_14_SEA_ARI,0,0,0,0,0,2,15,0,1,1,4,0,2024,Trey Benson,ARI,2.9
4429275,2024_15_NE_ARI,0,0,0,0,0,5,22,0,0,0,0,0,2024,Trey Benson,ARI,2.2
4429275,2025_01_ARI_NO,0,0,0,0,0,8,69,0,1,1,6,0,2025,Trey Benson,ARI,8.5
4429275,2025_02_CAR_ARI,0,0,0,0,0,3,14,0,4,6,30,0,2025,Trey Benson,ARI,8.4
4429275,2025_03_ARI_SF,0,0,0,0,0,10,42,0,3,4,9,0,2025,Trey Benson,ARI,8.1
4429275,2025_04_SEA_ARI,0,0,0,0,0,8,35,0,5,5,19,0,2025,Trey Benson,ARI,10.4
4383351,2024_10_PHI_DAL,4,6,21,0,1,3,17,0,0,0,0,0,2024,Trey Lance,DAL,1.54
4383351,2024_17_DAL_PHI,1,1,1,0,0,1,1,0,0,0,0,0,2024,Trey Lance,DAL,0.14
4383351,2024_18_WSH_DAL,20,34,244,0,0,6,26,0,0,0,0,0,2024,Trey Lance,DAL,12.36
4383351,2025_05_WSH_LAC,3,4,44,0,0,1,11,0,0,0,0,0,2025,Trey Lance,LAC,2.86
4383351,2025_11_LAC_JAX,3,8,37,0,0,3,1,0,0,0,0,0,2025,Trey Lance,LAC,1.58
4383351,2025_13_LV_LAC,1,1,9,0,0,4,4,0,0,0,0,0,2025,Trey Lance,LAC,0.76
4383351,2025_18_LAC_DEN,20,44,136,0,1,9,69,0,0,0,0,0,2025,Trey Lance,LAC,11.34
4361307,2024_01_ARI_BUF,0,0,0,0,0,0,0,0,5,9,30,0,2024,Trey McBride,ARI,8.0
4361307,2024_02_LAR_ARI,0,0,0,0,0,0,0,0,6,6,67,0,2024,Trey McBride,ARI,12.7
4361307,2024_03_DET_ARI,0,0,0,0,0,0,0,0,3,6,25,0,2024,Trey McBride,ARI,5.5
4361307,2024_05_ARI_SF,0,0,0,0,0,0,0,0,6,9,53,0,2024,Trey McBride,ARI,11.3
4361307,2024_06_ARI_GB,0,0,0,0,0,0,0,0,8,8,96,0,2024,Trey McBride,ARI,17.6
4361307,2024_07_LAC_ARI,0,0,0,0,0,0,0,0,5,7,51,0,2024,Trey McBride,ARI,10.1
4361307,2024_08_ARI_MIA,0,0,0,0,0,0,0,0,9,11,124,0,2024,Trey McBride,ARI,21.4
4361307,2024_09_CHI_ARI,0,0,0,0,0,1,2,1,3,4,35,0,2024,Trey McBride,ARI,12.7
4361307,2024_10_NYJ_ARI,0,0,0,0,0,0,0,0,4,5,71,0,2024,Trey McBride,ARI,11.1
4361307,2024_12_ARI_SEA,0,0,0,0,0,0,0,0,12,15,133,0,2024,Trey McBride,ARI,25.3
4361307,2024_13_ARI_MIN,0,0,0,0,0,0,0,0,12,12,96,0,2024,Trey McBride,ARI,21.6
4361307,2024_14_SEA_ARI,0,0,0,0,0,0,0,0,7,14,70,0,2024,Trey McBride,ARI,14.0
4361307,2024_15_NE_ARI,0,0,0,0,0,0,0,0,9,10,87,0,2024,Trey McBride,ARI,17.7
4361307,2024_16_ARI_CAR,0,0,0,0,0,0,0,0,3,4,20,0,2024,Trey McBride,ARI,5.0
4361307,2024_17_ARI_LAR,0,0,0,0,0,0,0,0,12,16,123,1,2024,Trey McBride,ARI,30.3
4361307,2024_18_SF_ARI,0,0,0,0,0,0,0,0,7,11,65,1,2024,Trey McBride,ARI,19.5
4361307,2025_01_ARI_NO,0,0,0,0,0,0,0,0,6,9,61,0,2025,Trey McBride,ARI,12.1
4361307,2025_02_CAR_ARI,0,0,0,0,0,0,0,0,6,7,78,0,2025,Trey McBride,ARI,13.8
4361307,2025_03_ARI_SF,0,0,0,0,0,0,0,0,5,8,43,1,2025,Trey McBride,ARI,15.3
4361307,2025_04_SEA_ARI,0,0,0,0,0,0,0,0,7,11,52,0,2025,Trey McBride,ARI,12.2
4361307,2025_05_TEN_ARI,0,0,0,0,0,0,0,0,5,7,41,0,2025,Trey McBride,ARI,9.1
4361307,2025_06_ARI_IND,0,0,0,0,0,0,0,0,8,11,72,1,2025,Trey McBride,ARI,21.2
4361307,2025_07_GB_ARI,0,0,0,0,0,0,0,0,10,13,74,2,2025,Trey McBride,ARI,29.4
4361307,2025_09_ARI_DAL,0,0,0,0,0,0,0,0,5,9,55,1,2025,Trey McBride,ARI,16.5
4361307,2025_10_ARI_SEA,0,0,0,0,0,0,0,0,9,13,127,1,2025,Trey McBride,ARI,27.7
4361307,2025_11_SF_ARI,0,0,0,0,0,0,0,0,10,11,115,1,2025,Trey McBride,ARI,27.5
4361307,2025_12_JAX_ARI,0,0,0,0,0,0,0,0,9,10,79,0,2025,Trey McBride,ARI,16.9
4361307,2025_13_ARI_TB,0,0,0,0,0,0,0,0,8,9,82,1,2025,Trey McBride,ARI,22.2
4361307,2025_14_LAR_ARI,0,0,0,0,0,0,0,0,5,9,58,0,2025,Trey McBride,ARI,10.8
4361307,2025_15_ARI_HOU,0,0,0,0,0,0,0,0,12,13,134,2,2025,Trey McBride,ARI,37.4
4361307,2025_16_ATL_ARI,0,0,0,0,0,0,0,0,4,8,27,0,2025,Trey McBride,ARI,6.7
4361307,2025_17_ARI_CIN,0,0,0,0,0,0,0,0,10,13,76,1,2025,Trey McBride,ARI,23.6
4361307,2025_18_ARI_LAR,0,0,0,0,0,0,0,0,7,8,65,0,2025,Trey McBride,ARI,13.5
4426407,2024_01_WSH_TB,0,0,0,0,0,0,0,0,1,2,19,0,2024,Trey Palmer,TB,2.9
4426407,2024_03_DEN_TB,0,0,0,0,0,0,0,0,0,1,0,0,2024,Trey Palmer,TB,0.0
4426407,2024_04_PHI_TB,0,0,0,0,0,0,0,0,3,3,26,1,2024,Trey Palmer,TB,11.6
4426407,2024_07_BAL_TB,0,0,0,0,0,0,0,0,1,3,16,0,2024,Trey Palmer,TB,2.6
4426407,2024_08_ATL_TB,0,0,0,0,0,0,0,0,2,2,29,0,2024,Trey Palmer,TB,4.9
4426407,2024_09_TB_KC,0,0,0,0,0,0,0,0,2,4,33,0,2024,Trey Palmer,TB,5.3
4426407,2024_10_SF_TB,0,0,0,0,0,0,0,0,0,1,0,0,2024,Trey Palmer,TB,0.0
4426407,2024_12_TB_NYG,0,0,0,0,0,0,0,0,1,1,18,0,2024,Trey Palmer,TB,2.8
4426407,2024_13_TB_CAR,0,0,0,0,0,0,0,0,0,1,0,0,2024,Trey Palmer,TB,0.0
4426407,2024_16_TB_DAL,0,0,0,0,0,0,0,0,2,4,31,0,2024,Trey Palmer,TB,5.1
4241401,2024_02_IND_GB,0,0,0,0,0,2,0,0,1,1,7,0,2024,Trey Sermon,IND,1.7
4241401,2024_04_PIT_IND,0,0,0,0,0,5,8,0,0,0,0,0,2024,Trey Sermon,IND,0.8
4241401,2024_05_IND_JAX,0,0,0,0,0,10,38,1,6,6,25,0,2024,Trey Sermon,IND,18.3
4241401,2024_06_IND_TEN,0,0,0,0,0,18,29,0,0,0,0,0,2024,Trey Sermon,IND,2.9
4241401,2024_07_MIA_IND,0,0,0,0,0,8,36,0,1,1,13,0,2024,Trey Sermon,IND,5.9
4241401,2024_08_IND_HOU,0,0,0,0,0,0,0,0,1,1,14,0,2024,Trey Sermon,IND,2.4
4241401,2024_09_IND_MIN,0,0,0,0,0,2,4,0,1,2,9,0,2024,Trey Sermon,IND,2.3
4241401,2024_10_BUF_IND,0,0,0,0,0,0,0,0,1,1,4,0,2024,Trey Sermon,IND,1.4
4241401,2024_11_IND_NYJ,0,0,0,0,0,0,0,0,1,1,3,0,2024,Trey Sermon,IND,1.3
4241401,2024_15_IND_DEN,0,0,0,0,0,1,3,0,2,2,9,0,2024,Trey Sermon,IND,3.2
4241401,2024_16_TEN_IND,0,0,0,0,0,8,25,0,0,0,0,0,2024,Trey Sermon,IND,2.5
4241401,2024_17_IND_NYG,0,0,0,0,0,0,0,0,1,1,10,0,2024,Trey Sermon,IND,2.0
4241401,2024_18_JAX_IND,0,0,0,0,0,0,0,0,1,3,5,0,2024,Trey Sermon,IND,1.5
4567156,2024_01_TEN_CHI,0,0,0,0,0,2,1,0,1,2,2,0,2024,Treylon Burks,TEN,1.3
4567156,2024_02_NYJ_TEN,0,0,0,0,0,0,0,0,0,1,0,0,2024,Treylon Burks,TEN,0.0
4567156,2024_03_GB_TEN,0,0,0,0,0,0,0,0,1,3,9,0,2024,Treylon Burks,TEN,1.9
4567156,2024_04_TEN_MIA,0,0,0,0,0,0,0,0,1,1,13,0,2024,Treylon Burks,TEN,2.3
4567156,2024_06_IND_TEN,0,0,0,0,0,0,0,0,1,1,10,0,2024,Treylon Burks,TEN,2.0
4567156,2025_09_SEA_WSH,0,0,0,0,0,0,0,0,1,1,14,0,2025,Treylon Burks,WSH,2.4
4567156,2025_10_DET_WSH,0,0,0,0,0,0,0,0,3,3,58,0,2025,Treylon Burks,WSH,8.8
4567156,2025_13_DEN_WSH,0,0,0,0,0,0,0,0,1,4,5,1,2025,Treylon Burks,WSH,7.5
4567156,2025_14_WSH_MIN,0,0,0,0,0,0,0,0,0,1,0,0,2025,Treylon Burks,WSH,0.0
4567156,2025_15_WSH_NYG,0,0,0,0,0,0,0,0,0,2,0,0,2025,Treylon Burks,WSH,0.0
4567156,2025_16_PHI_WSH,0,0,0,0,0,0,0,0,2,5,30,0,2025,Treylon Burks,WSH,5.0
4567156,2025_17_DAL_WSH,0,0,0,0,0,0,0,0,1,2,11,0,2025,Treylon Burks,WSH,2.1
4567156,2025_18_WSH_PHI,0,0,0,0,0,0,0,0,2,4,12,0,2025,Treylon Burks,WSH,3.2
4240589,2025_13_ARI_TB,0,0,0,0,0,0,0,0,1,1,2,1,2025,Tristan Wirfs,TB,7.2
4431280,2024_02_PIT_DEN,0,0,0,0,0,0,0,0,0,1,0,0,2024,Troy Franklin,DEN,0.0
4431280,2024_03_DEN_TB,0,0,0,0,0,0,0,0,2,5,11,0,2024,Troy Franklin,DEN,3.1
4431280,2024_04_DEN_NYJ,0,0,0,0,0,0,0,0,2,4,-2,0,2024,Troy Franklin,DEN,1.8
4431280,2024_05_LV_DEN,0,0,0,0,0,0,0,0,1,2,20,0,2024,Troy Franklin,DEN,3.0
4431280,2024_06_LAC_DEN,0,0,0,0,0,1,5,0,2,3,31,1,2024,Troy Franklin,DEN,11.6
4431280,2024_07_DEN_NO,0,0,0,0,0,0,0,0,5,6,50,0,2024,Troy Franklin,DEN,10.0
4431280,2024_08_CAR_DEN,0,0,0,0,0,1,3,0,1,2,6,0,2024,Troy Franklin,DEN,1.9
4431280,2024_09_DEN_BAL,0,0,0,0,0,0,0,0,1,4,19,0,2024,Troy Franklin,DEN,2.9
4431280,2024_10_DEN_KC,0,0,0,0,0,0,0,0,1,3,9,0,2024,Troy Franklin,DEN,1.9
4431280,2024_11_ATL_DEN,0,0,0,0,0,0,0,0,2,2,15,1,2024,Troy Franklin,DEN,9.5
4431280,2024_12_DEN_LV,0,0,0,0,0,0,0,0,2,4,31,0,2024,Troy Franklin,DEN,5.1
4431280,2024_13_CLE_DEN,0,0,0,0,0,0,0,0,2,5,28,0,2024,Troy Franklin,DEN,4.8
4431280,2024_15_IND_DEN,0,0,0,0,0,0,0,0,2,5,9,0,2024,Troy Franklin,DEN,2.9
4431280,2024_16_DEN_LAC,0,0,0,0,0,0,0,0,2,3,25,0,2024,Troy Franklin,DEN,4.5
4431280,2024_17_DEN_CIN,0,0,0,0,0,0,0,0,1,2,-1,0,2024,Troy Franklin,DEN,0.9
4431280,2024_18_KC_DEN,0,0,0,0,0,0,0,0,2,2,12,0,2024,Troy Franklin,DEN,3.2
4431280,2025_01_TEN_DEN,0,0,0,0,0,0,0,0,4,6,44,0,2025,Troy Franklin,DEN,8.4
4431280,2025_02_DEN_IND,0,0,0,0,0,1,11,0,8,9,89,1,2025,Troy Franklin,DEN,24.0
4431280,2025_03_DEN_LAC,0,0,0,0,0,0,0,0,2,4,8,0,2025,Troy Franklin,DEN,2.8
4431280,2025_04_CIN_DEN,0,0,0,0,0,0,0,0,4,8,55,0,2025,Troy Franklin,DEN,9.5
4431280,2025_05_DEN_PHI,0,0,0,0,0,0,0,0,3,5,35,0,2025,Troy Franklin,DEN,6.5
4431280,2025_06_DEN_NYJ,0,0,0,0,0,1,2,0,3,4,19,0,2025,Troy Franklin,DEN,5.1
4431280,2025_07_NYG_DEN,0,0,0,0,0,0,0,0,3,10,19,1,2025,Troy Franklin,DEN,10.9
4431280,2025_08_DAL_DEN,0,0,0,0,0,0,0,0,6,8,89,2,2025,Troy Franklin,DEN,26.9
4431280,2025_09_DEN_HOU,0,0,0,0,0,2,-4,0,4,10,27,0,2025,Troy Franklin,DEN,6.3
4431280,2025_10_LV_DEN,0,0,0,0,0,0,0,0,5,9,40,1,2025,Troy Franklin,DEN,15.0
4431280,2025_11_KC_DEN,0,0,0,0,0,0,0,0,4,8,84,0,2025,Troy Franklin,DEN,12.4
4431280,2025_13_DEN_WSH,0,0,0,0,0,0,0,0,2,3,21,0,2025,Troy Franklin,DEN,4.1
4431280,2025_14_DEN_LV,0,0,0,0,0,0,0,0,3,4,11,0,2025,Troy Franklin,DEN,4.1
4431280,2025_15_GB_DEN,0,0,0,0,0,1,3,0,6,6,85,1,2025,Troy Franklin,DEN,20.8
4431280,2025_16_JAX_DEN,0,0,0,0,0,0,0,0,4,5,66,0,2025,Troy Franklin,DEN,10.6
4431280,2025_17_DEN_KC,0,0,0,0,0,0,0,0,4,4,17,0,2025,Troy Franklin,DEN,5.7
4431280,2025_18_LAC_DEN,0,0,0,0,0,0,0,0,0,1,0,0,2025,Troy Franklin,DEN,0.0
4241479,2024_01_JAX_MIA,23,37,338,1,0,1,11,0,0,0,0,0,2024,Tua Tagovailoa,MIA,18.62
4241479,2024_02_BUF_MIA,17,25,145,1,3,2,17,0,0,0,0,0,2024,Tua Tagovailoa,MIA,8.5
4241479,2024_08_ARI_MIA,28,38,234,1,0,3,13,0,0,0,0,0,2024,Tua Tagovailoa,MIA,14.66
4241479,2024_09_MIA_BUF,25,28,231,2,0,2,3,0,0,0,0,0,2024,Tua Tagovailoa,MIA,17.54
4241479,2024_10_MIA_LAR,20,28,207,1,1,1,-1,0,0,0,0,0,2024,Tua Tagovailoa,MIA,11.18
4241479,2024_11_LV_MIA,28,36,288,3,0,0,0,0,0,0,0,0,2024,Tua Tagovailoa,MIA,23.52
4241479,2024_12_NE_MIA,29,40,317,4,0,3,-2,0,0,0,0,0,2024,Tua Tagovailoa,MIA,28.48
4241479,2024_13_MIA_GB,37,46,365,2,0,2,6,0,0,0,0,0,2024,Tua Tagovailoa,MIA,23.2
4241479,2024_14_NYJ_MIA,33,47,331,2,0,1,3,0,0,0,0,0,2024,Tua Tagovailoa,MIA,21.54
4241479,2024_15_MIA_HOU,29,40,196,1,3,0,0,0,0,0,0,0,2024,Tua Tagovailoa,MIA,8.84
4241479,2024_16_SF_MIA,22,34,215,1,0,2,-1,0,0,0,0,0,2024,Tua Tagovailoa,MIA,12.5
4241479,2025_01_MIA_IND,14,23,114,1,2,1,7,0,0,0,0,0,2025,Tua Tagovailoa,MIA,7.26
4241479,2025_02_NE_MIA,26,32,315,2,1,0,0,0,0,0,0,0,2025,Tua Tagovailoa,MIA,19.6
4241479,2025_03_MIA_BUF,22,34,146,2,1,2,10,0,0,0,0,0,2025,Tua Tagovailoa,MIA,13.84
4241479,2025_04_NYJ_MIA,17,25,177,2,0,3,6,0,0,0,0,0,2025,Tua Tagovailoa,MIA,15.68
4241479,2025_05_MIA_CAR,27,36,256,3,0,1,5,0,0,0,0,0,2025,Tua Tagovailoa,MIA,22.74
4241479,2025_06_LAC_MIA,21,32,205,1,3,1,4,0,0,0,0,0,2025,Tua Tagovailoa,MIA,9.6
4241479,2025_07_MIA_CLE,12,23,100,0,3,3,6,0,0,0,0,0,2025,Tua Tagovailoa,MIA,1.6
4241479,2025_08_MIA_ATL,20,26,205,4,0,0,0,0,0,0,0,0,2025,Tua Tagovailoa,MIA,24.2
4241479,2025_09_BAL_MIA,25,40,261,0,1,1,1,0,0,0,0,0,2025,Tua Tagovailoa,MIA,9.54
4241479,2025_10_BUF_MIA,15,21,173,2,2,2,-1,0,0,0,0,0,2025,Tua Tagovailoa,MIA,12.82
4241479,2025_11_WSH_MIA,14,20,171,0,0,0,0,0,0,0,0,0,2025,Tua Tagovailoa,MIA,6.84
4241479,2025_13_NO_MIA,12,23,157,0,1,4,4,0,0,0,0,0,2025,Tua Tagovailoa,MIA,5.68
4241479,2025_14_MIA_NYJ,13,21,127,1,0,1,0,0,0,0,0,0,2025,Tua Tagovailoa,MIA,9.08
4241479,2025_15_MIA_PIT,22,28,253,2,1,1,1,0,0,0,0,0,2025,Tua Tagovailoa,MIA,17.22
4242558,2024_11_CIN_LAC,0,0,0,0,0,0,0,0,1,2,6,0,2024,Tucker Fisk,LAC,1.6
4242558,2024_12_BAL_LAC,0,0,0,0,0,0,0,0,1,1,7,0,2024,Tucker Fisk,LAC,1.7
4242558,2024_13_LAC_ATL,0,0,0,0,0,0,0,0,1,1,1,0,2024,Tucker Fisk,LAC,1.1
4242558,2024_14_LAC_KC,0,0,0,0,0,0,0,0,1,1,0,0,2024,Tucker Fisk,LAC,1.0
4242558,2024_15_TB_LAC,0,0,0,0,0,0,0,0,1,1,7,0,2024,Tucker Fisk,LAC,1.7
4242558,2024_16_DEN_LAC,0,0,0,0,0,0,0,0,1,1,10,0,2024,Tucker Fisk,LAC,2.0
4242558,2024_17_LAC_NE,0,0,0,0,0,0,0,0,1,1,8,0,2024,Tucker Fisk,LAC,1.8
4242558,2025_03_DEN_LAC,0,0,0,0,0,0,0,0,0,1,0,0,2025,Tucker Fisk,LAC,0.0
4242558,2025_04_LAC_NYG,0,0,0,0,0,0,0,0,0,1,0,0,2025,Tucker Fisk,LAC,0.0
4242558,2025_09_LAC_TEN,0,0,0,0,0,0,0,0,1,1,12,0,2025,Tucker Fisk,LAC,2.2
4242558,2025_10_PIT_LAC,0,0,0,0,0,0,0,0,1,1,7,0,2025,Tucker Fisk,LAC,1.7
4572680,2024_01_GB_PHI,0,0,0,0,0,0,0,0,2,3,37,0,2024,Tucker Kraft,GB,5.7
4572680,2024_02_IND_GB,0,0,0,0,0,0,0,0,2,2,16,0,2024,Tucker Kraft,GB,3.6
4572680,2024_03_GB_TEN,0,0,0,0,0,0,0,0,2,3,24,0,2024,Tucker Kraft,GB,4.4
4572680,2024_04_MIN_GB,0,0,0,0,0,0,0,0,6,9,53,1,2024,Tucker Kraft,GB,17.3
4572680,2024_05_GB_LAR,0,0,0,0,0,0,0,0,4,5,88,2,2024,Tucker Kraft,GB,24.8
4572680,2024_06_ARI_GB,0,0,0,0,0,1,2,0,2,4,13,0,2024,Tucker Kraft,GB,3.5
4572680,2024_07_HOU_GB,0,0,0,0,0,0,0,0,3,4,33,1,2024,Tucker Kraft,GB,12.3
4572680,2024_08_GB_JAX,0,0,0,0,0,0,0,0,3,3,78,1,2024,Tucker Kraft,GB,16.8
4572680,2024_09_DET_GB,0,0,0,0,0,1,2,0,4,6,34,0,2024,Tucker Kraft,GB,7.6
4572680,2024_11_GB_CHI,0,0,0,0,0,0,0,0,0,1,0,0,2024,Tucker Kraft,GB,0.0
4572680,2024_12_SF_GB,0,0,0,0,0,0,0,0,2,2,26,1,2024,Tucker Kraft,GB,10.6
4572680,2024_13_MIA_GB,0,0,0,0,0,0,0,0,6,7,78,0,2024,Tucker Kraft,GB,13.8
4572680,2024_14_GB_DET,0,0,0,0,0,0,0,0,3,5,41,1,2024,Tucker Kraft,GB,13.1
4572680,2024_15_GB_SEA,0,0,0,0,0,0,0,0,2,2,34,0,2024,Tucker Kraft,GB,5.4
4572680,2024_16_NO_GB,0,0,0,0,0,1,2,0,3,4,63,0,2024,Tucker Kraft,GB,9.5
4572680,2024_17_GB_MIN,0,0,0,0,0,0,0,0,2,3,53,0,2024,Tucker Kraft,GB,7.3
4572680,2024_18_CHI_GB,0,0,0,0,0,0,0,0,4,7,36,0,2024,Tucker Kraft,GB,7.6
4572680,2025_01_DET_GB,0,0,0,0,0,1,3,0,2,4,16,1,2025,Tucker Kraft,GB,9.9
4572680,2025_02_WSH_GB,0,0,0,0,0,0,0,0,6,7,124,1,2025,Tucker Kraft,GB,24.4
4572680,2025_03_GB_CLE,0,0,0,0,0,0,0,0,3,4,29,0,2025,Tucker Kraft,GB,5.9
4572680,2025_04_GB_DAL,0,0,0,0,0,0,0,0,5,5,56,0,2025,Tucker Kraft,GB,10.6
4572680,2025_06_CIN_GB,0,0,0,0,0,0,0,0,2,2,43,1,2025,Tucker Kraft,GB,12.3
4572680,2025_07_GB_ARI,0,0,0,0,0,0,0,0,5,10,58,1,2025,Tucker Kraft,GB,16.8
4572680,2025_08_GB_PIT,0,0,0,0,0,0,0,0,7,9,143,2,2025,Tucker Kraft,GB,33.3
4572680,2025_09_CAR_GB,0,0,0,0,0,0,0,0,2,3,20,0,2025,Tucker Kraft,GB,4.0
4360797,2024_02_LAR_ARI,0,0,0,0,0,0,0,0,3,4,48,0,2024,Tutu Atwell,LAR,7.8
4360797,2024_03_SF_LAR,0,1,0,0,0,0,0,0,4,5,93,0,2024,Tutu Atwell,LAR,13.3
4360797,2024_04_LAR_CHI,0,0,0,0,0,0,0,0,4,6,82,0,2024,Tutu Atwell,LAR,12.2
4360797,2024_05_GB_LAR,0,0,0,0,0,1,7,0,6,10,58,0,2024,Tutu Atwell,LAR,12.5
4360797,2024_07_LV_LAR,0,0,0,0,0,0,0,0,6,9,51,0,2024,Tutu Atwell,LAR,11.1
4360797,2024_08_MIN_LAR,0,0,0,0,0,0,0,0,1,2,18,0,2024,Tutu Atwell,LAR,2.8
4360797,2024_09_LAR_SEA,0,0,0,0,0,0,0,0,1,3,16,0,2024,Tutu Atwell,LAR,2.6
4360797,2024_10_MIA_LAR,0,0,0,0,0,0,0,0,1,1,6,0,2024,Tutu Atwell,LAR,1.6
4360797,2024_11_LAR_NE,0,0,0,0,0,0,0,0,1,2,21,0,2024,Tutu Atwell,LAR,3.1
4360797,2024_12_PHI_LAR,0,0,0,0,0,0,0,0,3,3,30,0,2024,Tutu Atwell,LAR,6.0
4360797,2024_13_LAR_NO,0,0,0,0,0,1,0,0,2,2,39,0,2024,Tutu Atwell,LAR,5.9
4360797,2024_14_BUF_LAR,0,0,0,0,0,0,0,0,3,3,45,0,2024,Tutu Atwell,LAR,7.5
4360797,2024_15_LAR_SF,0,0,0,0,0,0,0,0,1,2,6,0,2024,Tutu Atwell,LAR,1.6
4360797,2024_16_LAR_NYJ,0,0,0,0,0,0,0,0,1,2,12,0,2024,Tutu Atwell,LAR,2.2
4360797,2024_18_SEA_LAR,0,0,0,0,0,0,0,0,5,8,37,0,2024,Tutu Atwell,LAR,8.7
4360797,2025_01_HOU_LAR,0,0,0,0,0,0,0,0,1,1,4,0,2025,Tutu Atwell,LAR,1.4
4360797,2025_02_LAR_TEN,0,0,0,0,0,0,0,0,0,1,0,0,2025,Tutu Atwell,LAR,0.0
4360797,2025_03_LAR_PHI,0,0,0,0,0,0,0,0,0,1,0,0,2025,Tutu Atwell,LAR,0.0
4360797,2025_04_IND_LAR,0,0,0,0,0,0,0,0,1,2,88,1,2025,Tutu Atwell,LAR,15.8
4360797,2025_05_SF_LAR,0,0,0,0,0,0,0,0,2,4,72,0,2025,Tutu Atwell,LAR,9.2
4360797,2025_15_DET_LAR,0,0,0,0,0,0,0,0,1,2,9,0,2025,Tutu Atwell,LAR,1.9
4360797,2025_17_LAR_ATL,0,0,0,0,0,0,0,0,0,1,0,0,2025,Tutu Atwell,LAR,0.0
4360797,2025_18_ARI_LAR,0,0,0,0,0,0,0,0,1,3,19,0,2025,Tutu Atwell,LAR,2.9
4242431,2024_01_MIN_NYG,0,0,0,0,0,8,17,0,3,3,25,0,2024,Ty Chandler,MIN,7.2
4242431,2024_02_SF_MIN,0,0,0,0,0,10,82,0,0,0,0,0,2024,Ty Chandler,MIN,8.2
4242431,2024_03_HOU_MIN,0,0,0,0,0,7,13,0,0,0,0,0,2024,Ty Chandler,MIN,1.3
4242431,2024_04_MIN_GB,0,0,0,0,0,3,5,0,1,1,8,0,2024,Ty Chandler,MIN,2.3
4242431,2024_05_NYJ_MIN,0,0,0,0,0,14,30,0,2,2,9,0,2024,Ty Chandler,MIN,5.9
4242431,2024_10_MIN_JAX,0,0,0,0,0,4,18,0,0,0,0,0,2024,Ty Chandler,MIN,1.8
4242431,2024_17_GB_MIN,0,0,0,0,0,5,7,0,0,0,0,0,2024,Ty Chandler,MIN,0.7
4242431,2025_17_DET_MIN,0,0,0,0,0,7,24,0,0,0,0,0,2025,Ty Chandler,MIN,2.4
4242431,2025_18_GB_MIN,0,0,0,0,0,10,23,0,3,4,11,0,2025,Ty Chandler,MIN,6.4
3915411,2024_01_ARI_BUF,0,0,0,0,0,2,7,0,0,1,0,0,2024,Ty Johnson,BUF,0.7
3915411,2024_02_BUF_MIA,0,0,0,0,0,1,-1,0,1,2,33,0,2024,Ty Johnson,BUF,4.2
3915411,2024_03_JAX_BUF,0,0,0,0,0,3,18,0,3,3,28,1,2024,Ty Johnson,BUF,13.6
3915411,2024_05_BUF_HOU,0,0,0,0,0,3,15,0,0,0,0,0,2024,Ty Johnson,BUF,1.5
3915411,2024_06_BUF_NYJ,0,0,0,0,0,4,34,0,0,0,0,0,2024,Ty Johnson,BUF,3.4
3915411,2024_07_TEN_BUF,0,0,0,0,0,0,0,0,1,1,4,1,2024,Ty Johnson,BUF,7.4
3915411,2024_08_BUF_SEA,0,0,0,0,0,0,0,0,0,1,0,0,2024,Ty Johnson,BUF,0.0
3915411,2024_09_MIA_BUF,0,0,0,0,0,3,23,0,0,0,0,0,2024,Ty Johnson,BUF,2.3
3915411,2024_10_BUF_IND,0,0,0,0,0,0,0,0,3,3,32,0,2024,Ty Johnson,BUF,6.2
3915411,2024_11_KC_BUF,0,0,0,0,0,5,18,0,0,1,0,0,2024,Ty Johnson,BUF,1.8
3915411,2024_13_SF_BUF,0,0,0,0,0,5,28,0,1,1,9,0,2024,Ty Johnson,BUF,4.7
3915411,2024_14_BUF_LAR,0,0,0,0,0,0,0,0,2,3,55,1,2024,Ty Johnson,BUF,13.5
3915411,2024_15_BUF_DET,0,0,0,0,0,2,9,0,5,5,114,0,2024,Ty Johnson,BUF,17.3
3915411,2024_16_NE_BUF,0,0,0,0,0,6,30,0,0,1,0,0,2024,Ty Johnson,BUF,3.0
3915411,2024_17_NYJ_BUF,0,0,0,0,0,4,16,0,1,1,9,0,2024,Ty Johnson,BUF,3.5
3915411,2024_18_BUF_NE,0,0,0,0,0,2,13,0,1,2,0,0,2024,Ty Johnson,BUF,2.3
3915411,2025_01_BAL_BUF,0,0,0,0,0,2,24,0,0,2,0,0,2025,Ty Johnson,BUF,2.4
3915411,2025_02_BUF_NYJ,0,0,0,0,0,2,6,0,0,1,0,0,2025,Ty Johnson,BUF,0.6
3915411,2025_03_MIA_BUF,0,0,0,0,0,3,13,0,1,2,8,0,2025,Ty Johnson,BUF,3.1
3915411,2025_06_BUF_ATL,0,0,0,0,0,1,5,0,1,2,11,0,2025,Ty Johnson,BUF,2.6
3915411,2025_08_BUF_CAR,0,0,0,0,0,4,6,0,0,0,0,0,2025,Ty Johnson,BUF,0.6
3915411,2025_09_KC_BUF,0,0,0,0,0,2,8,1,2,2,12,0,2025,Ty Johnson,BUF,10.0
3915411,2025_10_BUF_MIA,0,0,0,0,0,1,2,0,2,2,24,0,2025,Ty Johnson,BUF,4.6
3915411,2025_11_TB_BUF,0,0,0,0,0,1,9,0,2,2,61,1,2025,Ty Johnson,BUF,15.0
3915411,2025_12_BUF_HOU,0,0,0,0,0,2,7,0,3,3,45,0,2025,Ty Johnson,BUF,8.2
3915411,2025_13_BUF_PIT,0,0,0,0,0,2,5,0,3,5,20,0,2025,Ty Johnson,BUF,5.5
3915411,2025_14_CIN_BUF,0,0,0,0,0,2,25,0,2,3,14,0,2025,Ty Johnson,BUF,5.9
3915411,2025_15_BUF_NE,0,0,0,0,0,4,13,0,3,3,15,0,2025,Ty Johnson,BUF,5.8
3915411,2025_16_BUF_CLE,0,0,0,0,0,3,16,1,0,0,0,0,2025,Ty Johnson,BUF,7.6
3915411,2025_17_PHI_BUF,0,0,0,0,0,5,15,0,3,4,33,0,2025,Ty Johnson,BUF,7.8
3915411,2025_18_NYJ_BUF,0,0,0,0,0,13,36,1,2,2,20,1,2025,Ty Johnson,BUF,19.6
4428557,2024_01_TEN_CHI,0,0,0,0,0,4,21,0,4,4,11,0,2024,Tyjae Spears,TEN,7.2
4428557,2024_02_NYJ_TEN,0,0,0,0,0,6,20,0,2,2,11,0,2024,Tyjae Spears,TEN,5.1
4428557,2024_03_GB_TEN,0,0,0,0,0,2,7,0,4,4,54,0,2024,Tyjae Spears,TEN,10.1
4428557,2024_04_TEN_MIA,0,0,0,0,0,15,39,1,2,2,0,0,2024,Tyjae Spears,TEN,11.9
4428557,2024_06_IND_TEN,0,0,0,0,0,6,27,0,0,0,0,0,2024,Tyjae Spears,TEN,2.7
4428557,2024_10_TEN_LAC,0,0,0,0,0,7,47,0,3,3,4,0,2024,Tyjae Spears,TEN,8.1
4428557,2024_11_MIN_TEN,0,0,0,0,0,3,0,0,2,3,8,0,2024,Tyjae Spears,TEN,2.8
4428557,2024_14_JAX_TEN,0,0,0,0,0,6,21,0,1,2,2,0,2024,Tyjae Spears,TEN,3.3
4428557,2024_15_CIN_TEN,0,0,0,0,0,4,5,1,6,7,87,1,2024,Tyjae Spears,TEN,27.2
4428557,2024_16_TEN_IND,0,0,0,0,0,10,27,2,3,4,39,0,2024,Tyjae Spears,TEN,21.6
4428557,2024_17_TEN_JAX,0,0,0,0,0,20,95,0,3,4,8,0,2024,Tyjae Spears,TEN,13.3
4428557,2025_05_TEN_ARI,0,0,0,0,0,4,14,0,0,0,0,0,2025,Tyjae Spears,TEN,1.4
4428557,2025_06_TEN_LV,0,0,0,0,0,5,31,0,4,4,19,0,2025,Tyjae Spears,TEN,9.0
4428557,2025_07_NE_TEN,0,0,0,0,0,5,22,0,3,4,18,0,2025,Tyjae Spears,TEN,7.0
4428557,2025_08_TEN_IND,0,0,0,0,0,9,59,1,3,3,23,0,2025,Tyjae Spears,TEN,17.2
4428557,2025_09_LAC_TEN,0,0,0,0,0,7,26,0,3,3,36,0,2025,Tyjae Spears,TEN,9.2
4428557,2025_11_HOU_TEN,0,0,0,0,0,4,3,0,5,5,31,0,2025,Tyjae Spears,TEN,8.4
4428557,2025_12_SEA_TEN,0,0,0,0,0,3,4,0,4,5,21,0,2025,Tyjae Spears,TEN,6.5
4428557,2025_13_JAX_TEN,0,0,0,0,0,2,-1,0,6,6,25,0,2025,Tyjae Spears,TEN,8.4
4428557,2025_14_TEN_CLE,0,0,0,0,0,8,19,0,2,4,28,0,2025,Tyjae Spears,TEN,6.7
4428557,2025_15_TEN_SF,0,0,0,0,0,3,34,0,2,2,2,0,2025,Tyjae Spears,TEN,5.6
4428557,2025_16_KC_TEN,0,0,0,0,0,13,52,1,5,5,53,0,2025,Tyjae Spears,TEN,21.5
4428557,2025_17_NO_TEN,0,0,0,0,0,6,2,0,1,2,-1,0,2025,Tyjae Spears,TEN,1.1
4428557,2025_18_TEN_JAX,0,0,0,0,0,3,18,0,7,7,9,0,2025,Tyjae Spears,TEN,9.7
4241424,2024_05_BAL_CIN,0,0,0,0,0,0,0,0,2,2,31,0,2024,Tylan Wallace,BAL,5.1
4241424,2024_10_CIN_BAL,0,0,0,0,0,0,0,0,3,3,115,1,2024,Tylan Wallace,BAL,20.5
4241424,2024_11_BAL_PIT,0,0,0,0,0,0,0,0,1,1,8,0,2024,Tylan Wallace,BAL,1.8
4241424,2024_12_BAL_LAC,0,0,0,0,0,0,0,0,1,1,15,0,2024,Tylan Wallace,BAL,2.5
4241424,2024_13_PHI_BAL,0,0,0,0,0,0,0,0,2,2,14,0,2024,Tylan Wallace,BAL,3.4
4241424,2024_15_BAL_NYG,0,0,0,0,0,0,0,0,1,1,8,0,2024,Tylan Wallace,BAL,1.8
4241424,2024_17_BAL_HOU,0,0,0,0,0,0,0,0,1,1,2,0,2024,Tylan Wallace,BAL,1.2
4241424,2024_18_CLE_BAL,0,0,0,0,0,0,0,0,0,1,0,0,2024,Tylan Wallace,BAL,0.0
4241424,2025_02_CLE_BAL,0,0,0,0,0,0,0,0,2,2,25,1,2025,Tylan Wallace,BAL,10.5
4241424,2025_03_DET_BAL,0,0,0,0,0,0,0,0,0,1,0,0,2025,Tylan Wallace,BAL,0.0
4241424,2025_04_BAL_KC,0,0,0,0,0,0,0,0,1,2,14,0,2025,Tylan Wallace,BAL,2.4
4241424,2025_08_CHI_BAL,0,0,0,0,0,0,0,0,1,1,6,0,2025,Tylan Wallace,BAL,1.6
4241424,2025_11_BAL_CLE,0,0,0,0,0,0,0,0,0,1,0,0,2025,Tylan Wallace,BAL,0.0
4241424,2025_12_NYJ_BAL,0,0,0,0,0,0,0,0,0,1,0,0,2025,Tylan Wallace,BAL,0.0
4373626,2024_01_PIT_ATL,0,0,0,0,0,3,21,0,0,0,0,0,2024,Tyler Allgeier,ATL,2.1
4373626,2024_02_ATL_PHI,0,0,0,0,0,9,53,0,1,1,12,0,2024,Tyler Allgeier,ATL,7.5
4373626,2024_03_KC_ATL,0,0,0,0,0,7,32,0,0,0,0,0,2024,Tyler Allgeier,ATL,3.2
4373626,2024_04_NO_ATL,0,0,0,0,0,8,60,0,2,2,20,0,2024,Tyler Allgeier,ATL,10.0
4373626,2024_05_TB_ATL,0,0,0,0,0,6,12,0,3,3,13,0,2024,Tyler Allgeier,ATL,5.5
4373626,2024_06_ATL_CAR,0,0,0,0,0,18,105,1,1,1,3,0,2024,Tyler Allgeier,ATL,17.8
4373626,2024_07_SEA_ATL,0,0,0,0,0,5,36,0,1,1,9,0,2024,Tyler Allgeier,ATL,5.5
4373626,2024_08_ATL_TB,0,0,0,0,0,12,33,0,0,0,0,0,2024,Tyler Allgeier,ATL,3.3
4373626,2024_09_DAL_ATL,0,0,0,0,0,6,18,1,0,0,0,0,2024,Tyler Allgeier,ATL,7.8
4373626,2024_10_ATL_NO,0,0,0,0,0,11,59,0,0,0,0,0,2024,Tyler Allgeier,ATL,5.9
4373626,2024_11_ATL_DEN,0,0,0,0,0,0,0,0,1,1,-1,0,2024,Tyler Allgeier,ATL,0.9
4373626,2024_13_LAC_ATL,0,0,0,0,0,8,16,0,1,1,6,0,2024,Tyler Allgeier,ATL,3.2
4373626,2024_14_ATL_MIN,0,0,0,0,0,9,63,1,0,0,0,0,2024,Tyler Allgeier,ATL,12.3
4373626,2024_15_ATL_LV,0,0,0,0,0,12,43,0,0,0,0,0,2024,Tyler Allgeier,ATL,4.3
4373626,2024_16_NYG_ATL,0,0,0,0,0,11,22,0,1,1,9,0,2024,Tyler Allgeier,ATL,4.1
4373626,2024_17_ATL_WSH,0,0,0,0,0,3,19,0,0,0,0,0,2024,Tyler Allgeier,ATL,1.9
4373626,2024_18_CAR_ATL,0,0,0,0,0,9,52,0,2,2,17,0,2024,Tyler Allgeier,ATL,8.9
4373626,2025_01_TB_ATL,0,0,0,0,0,10,24,0,0,0,0,0,2025,Tyler Allgeier,ATL,2.4
4373626,2025_02_ATL_MIN,0,0,0,0,0,16,76,1,1,1,4,0,2025,Tyler Allgeier,ATL,15.0
4373626,2025_03_ATL_CAR,0,0,0,0,0,1,4,0,1,2,0,0,2025,Tyler Allgeier,ATL,1.4
4373626,2025_04_WSH_ATL,0,0,0,0,0,16,51,1,0,0,0,0,2025,Tyler Allgeier,ATL,11.1
4373626,2025_06_BUF_ATL,0,0,0,0,0,10,32,1,1,1,6,0,2025,Tyler Allgeier,ATL,10.8
4373626,2025_07_ATL_SF,0,0,0,0,0,4,16,0,0,0,0,0,2025,Tyler Allgeier,ATL,1.6
4373626,2025_08_MIA_ATL,0,0,0,0,0,4,4,1,2,2,10,0,2025,Tyler Allgeier,ATL,9.4
4373626,2025_10_ATL_IND,0,0,0,0,0,11,57,2,0,0,0,0,2025,Tyler Allgeier,ATL,17.7
4373626,2025_11_CAR_ATL,0,0,0,0,0,3,10,1,2,2,6,0,2025,Tyler Allgeier,ATL,9.6
4373626,2025_12_ATL_NO,0,0,0,0,0,12,44,0,1,1,5,0,2025,Tyler Allgeier,ATL,5.9
4373626,2025_13_ATL_NYJ,0,0,0,0,0,8,20,1,2,2,35,0,2025,Tyler Allgeier,ATL,13.5
4373626,2025_14_SEA_ATL,0,0,0,0,0,11,34,0,2,2,33,0,2025,Tyler Allgeier,ATL,8.7
4373626,2025_16_ATL_ARI,0,0,0,0,0,16,79,0,1,1,-6,0,2025,Tyler Allgeier,ATL,8.3
4373626,2025_17_LAR_ATL,0,0,0,0,0,10,23,0,0,0,0,0,2025,Tyler Allgeier,ATL,2.3
4373626,2025_18_NO_ATL,0,0,0,0,0,7,16,0,1,2,3,0,2025,Tyler Allgeier,ATL,2.9
4362748,2024_02_PIT_DEN,0,0,0,0,0,1,16,0,1,1,2,0,2024,Tyler Badie,DEN,2.8
4362748,2024_03_DEN_TB,0,0,0,0,0,9,70,0,0,0,0,0,2024,Tyler Badie,DEN,7.0
4362748,2024_04_DEN_NYJ,0,0,0,0,0,1,0,0,2,2,-4,0,2024,Tyler Badie,DEN,1.6
4362748,2025_01_TEN_DEN,0,0,0,0,0,0,0,0,2,6,16,0,2025,Tyler Badie,DEN,3.6
4362748,2025_02_DEN_IND,0,0,0,0,0,1,3,0,2,2,19,0,2025,Tyler Badie,DEN,4.2
4362748,2025_04_CIN_DEN,0,0,0,0,0,0,0,0,1,2,11,0,2025,Tyler Badie,DEN,2.1
4362748,2025_05_DEN_PHI,0,0,0,0,0,0,0,0,1,2,16,0,2025,Tyler Badie,DEN,2.6
4362748,2025_07_NYG_DEN,0,0,0,0,0,0,0,0,2,2,19,0,2025,Tyler Badie,DEN,3.9
4362748,2025_09_DEN_HOU,0,0,0,0,0,0,0,0,2,3,6,0,2025,Tyler Badie,DEN,2.6
4362748,2025_10_LV_DEN,0,0,0,0,0,0,0,0,0,1,0,0,2025,Tyler Badie,DEN,0.0
4362748,2025_11_KC_DEN,0,0,0,0,0,0,0,0,1,1,0,0,2025,Tyler Badie,DEN,1.0
4362748,2025_13_DEN_WSH,0,0,0,0,0,0,0,0,3,5,18,0,2025,Tyler Badie,DEN,4.8
4362748,2025_14_DEN_LV,0,0,0,0,0,4,16,0,1,1,5,0,2025,Tyler Badie,DEN,3.1
4362748,2025_15_GB_DEN,0,0,0,0,0,0,0,0,1,1,1,0,2025,Tyler Badie,DEN,1.1
4362748,2025_16_JAX_DEN,0,0,0,0,0,0,0,0,1,3,2,0,2025,Tyler Badie,DEN,1.2
4362748,2025_18_LAC_DEN,0,0,0,0,0,2,-2,0,2,2,28,0,2025,Tyler Badie,DEN,4.6
3045144,2024_01_TEN_CHI,0,0,0,0,0,0,0,0,3,5,18,0,2024,Tyler Boyd,TEN,4.8
3045144,2024_02_NYJ_TEN,0,0,0,0,0,0,0,0,2,5,26,0,2024,Tyler Boyd,TEN,4.6
3045144,2024_03_GB_TEN,0,0,0,0,0,0,0,0,3,4,33,0,2024,Tyler Boyd,TEN,6.3
3045144,2024_04_TEN_MIA,0,0,0,0,0,0,0,0,2,2,31,0,2024,Tyler Boyd,TEN,5.1
3045144,2024_06_IND_TEN,0,0,0,0,0,0,0,0,3,3,19,0,2024,Tyler Boyd,TEN,4.9
3045144,2024_07_TEN_BUF,0,0,0,0,0,0,0,0,5,5,43,0,2024,Tyler Boyd,TEN,9.3
3045144,2024_08_TEN_DET,0,0,0,0,0,0,0,0,3,6,14,0,2024,Tyler Boyd,TEN,4.4
3045144,2024_11_MIN_TEN,0,0,0,0,0,0,0,0,2,3,34,0,2024,Tyler Boyd,TEN,5.4
3045144,2024_12_TEN_HOU,0,1,0,0,0,0,0,0,6,6,55,0,2024,Tyler Boyd,TEN,11.5
3045144,2024_13_TEN_WSH,0,0,0,0,0,0,0,0,3,4,37,0,2024,Tyler Boyd,TEN,6.7
3045144,2024_14_JAX_TEN,0,0,0,0,0,0,0,0,1,4,7,0,2024,Tyler Boyd,TEN,1.7
3045144,2024_15_CIN_TEN,0,0,0,0,0,0,0,0,2,3,39,0,2024,Tyler Boyd,TEN,5.9
3045144,2024_16_TEN_IND,0,0,0,0,0,0,0,0,2,3,20,0,2024,Tyler Boyd,TEN,4.0
3045144,2024_17_TEN_JAX,0,0,0,0,0,0,0,0,2,4,14,0,2024,Tyler Boyd,TEN,3.4
3915486,2024_01_NYJ_SF,0,0,0,0,0,0,0,0,1,2,6,0,2024,Tyler Conklin,NYJ,1.6
3915486,2024_02_NYJ_TEN,0,0,0,0,0,0,0,0,1,2,10,0,2024,Tyler Conklin,NYJ,2.0
3915486,2024_03_NE_NYJ,0,0,0,0,0,0,0,0,5,6,93,0,2024,Tyler Conklin,NYJ,14.3
3915486,2024_04_DEN_NYJ,0,0,0,0,0,0,0,0,4,8,17,0,2024,Tyler Conklin,NYJ,5.7
3915486,2024_05_NYJ_MIN,0,0,0,0,0,0,0,0,6,9,55,0,2024,Tyler Conklin,NYJ,11.5
3915486,2024_06_BUF_NYJ,0,0,0,0,0,0,0,0,2,3,10,0,2024,Tyler Conklin,NYJ,3.0
3915486,2024_07_NYJ_PIT,0,0,0,0,0,0,0,0,4,4,7,1,2024,Tyler Conklin,NYJ,10.7
3915486,2024_08_NYJ_NE,0,0,0,0,0,0,0,0,3,4,42,1,2024,Tyler Conklin,NYJ,13.2
3915486,2024_09_HOU_NYJ,0,0,0,0,0,0,0,0,1,2,-3,0,2024,Tyler Conklin,NYJ,0.7
3915486,2024_10_NYJ_ARI,0,0,0,0,0,0,0,0,1,2,8,0,2024,Tyler Conklin,NYJ,1.8
3915486,2024_11_IND_NYJ,0,0,0,0,0,1,0,0,1,2,7,0,2024,Tyler Conklin,NYJ,1.7
3915486,2024_13_SEA_NYJ,0,0,0,0,0,0,0,0,4,5,32,0,2024,Tyler Conklin,NYJ,7.2
3915486,2024_14_NYJ_MIA,0,0,0,0,0,0,0,0,3,5,33,0,2024,Tyler Conklin,NYJ,6.3
3915486,2024_16_LAR_NYJ,0,0,0,0,0,0,0,0,5,7,59,0,2024,Tyler Conklin,NYJ,10.9
3915486,2024_17_NYJ_BUF,0,0,0,0,0,0,0,0,8,8,57,1,2024,Tyler Conklin,NYJ,19.7
3915486,2024_18_MIA_NYJ,0,0,0,0,0,0,0,0,2,3,16,1,2024,Tyler Conklin,NYJ,9.6
3915486,2025_01_KC_LAC,0,0,0,0,0,1,2,0,2,2,50,0,2025,Tyler Conklin,LAC,7.2
3915486,2025_03_DEN_LAC,0,0,0,0,0,0,0,0,0,2,0,0,2025,Tyler Conklin,LAC,0.0
3915486,2025_04_LAC_NYG,0,0,0,0,0,0,0,0,1,1,3,0,2025,Tyler Conklin,LAC,1.3
3915486,2025_05_WSH_LAC,0,0,0,0,0,0,0,0,2,3,30,0,2025,Tyler Conklin,LAC,5.0
3915486,2025_10_PIT_LAC,0,0,0,0,0,0,0,0,1,1,12,0,2025,Tyler Conklin,LAC,2.2
3915486,2025_18_LAC_DEN,0,0,0,0,0,0,0,0,1,1,6,0,2025,Tyler Conklin,LAC,1.6
4429676,2024_02_IND_GB,0,0,0,0,0,0,0,0,1,1,2,0,2024,Tyler Goodson,IND,1.2
4429676,2024_05_IND_JAX,0,0,0,0,0,5,26,0,3,3,31,0,2024,Tyler Goodson,IND,8.7
4429676,2024_06_IND_TEN,0,0,0,0,0,8,51,0,4,5,14,0,2024,Tyler Goodson,IND,10.5
4429676,2024_07_MIA_IND,0,0,0,0,0,14,51,1,0,0,0,0,2024,Tyler Goodson,IND,11.1
4429676,2024_08_IND_HOU,0,0,0,0,0,0,0,0,0,1,0,0,2024,Tyler Goodson,IND,0.0
4429676,2024_10_BUF_IND,0,0,0,0,0,0,0,0,2,3,9,1,2024,Tyler Goodson,IND,8.9
4429676,2024_16_TEN_IND,0,0,0,0,0,4,22,0,0,0,0,0,2024,Tyler Goodson,IND,2.2
4429676,2024_18_JAX_IND,0,0,0,0,0,0,0,0,1,2,5,0,2024,Tyler Goodson,IND,1.5
4429676,2025_04_IND_LAR,0,0,0,0,0,0,0,0,1,1,0,0,2025,Tyler Goodson,IND,1.0
4429676,2025_09_IND_PIT,0,0,0,0,0,0,0,0,1,2,8,0,2025,Tyler Goodson,IND,1.8
4429676,2025_16_SF_IND,0,0,0,0,0,3,9,0,0,0,0,0,2025,Tyler Goodson,IND,0.9
2573401,2024_16_LAR_NYJ,0,0,0,0,0,0,0,0,1,2,11,1,2024,Tyler Higbee,LAR,8.1
2573401,2024_17_ARI_LAR,0,0,0,0,0,0,0,0,2,3,9,0,2024,Tyler Higbee,LAR,2.9
2573401,2024_18_SEA_LAR,0,0,0,0,0,0,0,0,5,7,46,1,2024,Tyler Higbee,LAR,15.6
2573401,2025_02_LAR_TEN,0,0,0,0,0,0,0,0,4,4,37,0,2025,Tyler Higbee,LAR,7.7
2573401,2025_03_LAR_PHI,0,0,0,0,0,0,0,0,0,2,0,0,2025,Tyler Higbee,LAR,0.0
2573401,2025_04_IND_LAR,0,0,0,0,0,0,0,0,2,5,25,0,2025,Tyler Higbee,LAR,4.5
2573401,2025_06_LAR_BAL,0,0,0,0,0,0,0,0,4,4,40,1,2025,Tyler Higbee,LAR,14.0
2573401,2025_07_LAR_JAX,0,0,0,0,0,0,0,0,3,6,19,0,2025,Tyler Higbee,LAR,4.9
2573401,2025_09_NO_LAR,0,0,0,0,0,0,0,0,3,4,13,1,2025,Tyler Higbee,LAR,10.3
2573401,2025_10_LAR_SF,0,0,0,0,0,0,0,0,3,3,33,0,2025,Tyler Higbee,LAR,6.3
2573401,2025_11_SEA_LAR,0,0,0,0,0,0,0,0,1,2,23,0,2025,Tyler Higbee,LAR,3.3
2573401,2025_18_ARI_LAR,0,0,0,0,0,0,0,0,5,6,91,1,2025,Tyler Higbee,LAR,20.1
4035671,2024_04_TEN_MIA,14,22,96,0,0,8,40,1,0,0,0,0,2024,Tyler Huntley,MIA,13.84
4035671,2024_05_MIA_NE,18,31,194,0,1,3,7,0,0,0,0,0,2024,Tyler Huntley,MIA,7.46
4035671,2024_07_MIA_IND,7,13,87,1,0,5,20,0,0,0,0,0,2024,Tyler Huntley,MIA,9.48
4035671,2024_17_MIA_CLE,22,26,225,1,0,7,52,1,0,0,0,0,2024,Tyler Huntley,MIA,24.2
4035671,2024_18_MIA_NYJ,25,41,227,1,2,3,16,0,0,0,0,0,2024,Tyler Huntley,MIA,12.68
4035671,2025_06_LAR_BAL,10,15,68,0,0,3,39,0,0,0,0,0,2025,Tyler Huntley,BAL,6.62
4035671,2025_08_CHI_BAL,17,22,186,1,0,8,53,0,0,0,0,0,2025,Tyler Huntley,BAL,16.74
4035671,2025_15_BAL_CIN,0,0,0,0,0,3,-3,0,0,0,0,0,2025,Tyler Huntley,BAL,-0.3
4035671,2025_16_NE_BAL,9,10,65,0,0,2,2,0,0,0,0,0,2025,Tyler Huntley,BAL,2.8
4035671,2025_17_BAL_GB,16,20,107,1,0,8,60,0,0,0,0,0,2025,Tyler Huntley,BAL,14.28
2310331,2024_01_LAR_DET,0,0,0,0,0,0,0,0,5,7,79,0,2024,Tyler Johnson,LAR,12.9
2310331,2024_02_LAR_ARI,0,0,0,0,0,0,0,0,2,3,20,0,2024,Tyler Johnson,LAR,4.0
2310331,2024_03_SF_LAR,0,0,0,0,0,0,0,0,3,4,20,0,2024,Tyler Johnson,LAR,5.0
2310331,2024_04_LAR_CHI,0,0,0,0,0,0,0,0,0,1,0,0,2024,Tyler Johnson,LAR,0.0
2310331,2024_07_LV_LAR,0,0,0,0,0,0,0,0,4,7,57,0,2024,Tyler Johnson,LAR,9.7
2310331,2024_08_MIN_LAR,0,0,0,0,0,0,0,0,1,1,6,0,2024,Tyler Johnson,LAR,1.6
2310331,2024_09_LAR_SEA,0,0,0,0,0,0,0,0,3,5,38,0,2024,Tyler Johnson,LAR,6.8
2310331,2024_10_MIA_LAR,0,0,0,0,0,0,0,0,3,4,25,0,2024,Tyler Johnson,LAR,5.5
2310331,2024_12_PHI_LAR,0,0,0,0,0,0,0,0,1,1,11,0,2024,Tyler Johnson,LAR,2.1
2310331,2024_13_LAR_NO,0,0,0,0,0,0,0,0,0,1,0,0,2024,Tyler Johnson,LAR,0.0
2310331,2024_18_SEA_LAR,0,0,0,0,0,0,0,0,4,7,35,1,2024,Tyler Johnson,LAR,13.5
2310331,2025_01_PIT_NYJ,0,0,0,0,0,0,0,0,2,2,31,0,2025,Tyler Johnson,NYJ,5.1
2310331,2025_02_BUF_NYJ,0,0,0,0,0,0,0,0,0,1,0,0,2025,Tyler Johnson,NYJ,0.0
2310331,2025_03_NYJ_TB,0,0,0,0,0,0,0,0,2,3,32,0,2025,Tyler Johnson,NYJ,5.2
2310331,2025_06_DEN_NYJ,0,0,0,0,0,0,0,0,0,1,0,0,2025,Tyler Johnson,NYJ,0.0
2310331,2025_07_CAR_NYJ,0,0,0,0,0,0,0,0,3,3,60,0,2025,Tyler Johnson,NYJ,9.0
2310331,2025_08_NYJ_CIN,0,0,0,0,0,0,0,0,3,5,64,1,2025,Tyler Johnson,NYJ,15.4
2310331,2025_10_CLE_NYJ,0,0,0,0,0,0,0,0,0,1,0,0,2025,Tyler Johnson,NYJ,0.0
2310331,2025_16_NYJ_NO,0,0,0,0,0,0,0,0,1,1,7,0,2025,Tyler Johnson,NYJ,1.7
2310331,2025_17_NE_NYJ,0,0,0,0,0,0,0,0,1,1,3,0,2025,Tyler Johnson,NYJ,1.3
2577327,2024_01_DEN_SEA,0,0,0,0,0,0,0,0,6,7,77,0,2024,Tyler Lockett,SEA,13.7
2577327,2024_02_SEA_NE,0,0,0,0,0,0,0,0,2,2,15,0,2024,Tyler Lockett,SEA,3.5
2577327,2024_03_MIA_SEA,0,0,0,0,0,0,0,0,5,8,46,0,2024,Tyler Lockett,SEA,9.6
2577327,2024_04_SEA_DET,0,0,0,0,0,0,0,0,5,9,61,0,2024,Tyler Lockett,SEA,11.1
2577327,2024_05_NYG_SEA,0,0,0,0,0,0,0,0,4,6,75,0,2024,Tyler Lockett,SEA,11.5
2577327,2024_06_SF_SEA,0,0,0,0,0,0,0,0,4,8,65,1,2024,Tyler Lockett,SEA,16.5
2577327,2024_07_SEA_ATL,0,0,0,0,0,0,0,0,4,6,45,0,2024,Tyler Lockett,SEA,8.5
2577327,2024_08_BUF_SEA,0,0,0,0,0,0,0,0,1,3,9,0,2024,Tyler Lockett,SEA,1.9
2577327,2024_09_LAR_SEA,0,0,0,0,0,0,0,0,3,4,63,1,2024,Tyler Lockett,SEA,15.3
2577327,2024_11_SEA_SF,0,0,0,0,0,0,0,0,2,3,19,0,2024,Tyler Lockett,SEA,3.9
2577327,2024_12_ARI_SEA,0,0,0,0,0,0,0,0,2,3,20,0,2024,Tyler Lockett,SEA,4.0
2577327,2024_13_SEA_NYJ,0,0,0,0,0,0,0,0,3,3,16,0,2024,Tyler Lockett,SEA,4.6
2577327,2024_14_SEA_ARI,0,0,0,0,0,0,0,0,0,1,0,0,2024,Tyler Lockett,SEA,0.0
2577327,2024_15_GB_SEA,0,0,0,0,0,0,0,0,1,1,22,0,2024,Tyler Lockett,SEA,3.2
2577327,2024_16_MIN_SEA,0,0,0,0,0,0,0,0,2,2,19,0,2024,Tyler Lockett,SEA,3.9
2577327,2024_17_SEA_CHI,0,0,0,0,0,0,0,0,3,4,20,0,2024,Tyler Lockett,SEA,5.0
2577327,2024_18_SEA_LAR,0,0,0,0,0,0,0,0,2,4,28,0,2024,Tyler Lockett,SEA,4.8
2577327,2025_01_TEN_DEN,0,0,0,0,0,0,0,0,0,1,0,0,2025,Tyler Lockett,TEN,0.0
2577327,2025_02_LAR_TEN,0,0,0,0,0,0,0,0,2,3,9,0,2025,Tyler Lockett,TEN,2.9
2577327,2025_03_IND_TEN,0,0,0,0,0,0,0,0,4,4,37,0,2025,Tyler Lockett,TEN,7.7
2577327,2025_04_TEN_HOU,0,0,0,0,0,0,0,0,0,4,0,0,2025,Tyler Lockett,TEN,0.0
2577327,2025_05_TEN_ARI,0,0,0,0,0,0,0,0,1,4,6,0,2025,Tyler Lockett,TEN,1.6
2577327,2025_06_TEN_LV,0,0,0,0,0,0,0,0,1,3,0,0,2025,Tyler Lockett,TEN,1.0
2577327,2025_07_NE_TEN,0,0,0,0,0,0,0,0,2,2,18,0,2025,Tyler Lockett,TEN,3.8
2577327,2025_09_JAX_LV,0,0,0,0,0,0,0,0,0,1,0,0,2025,Tyler Lockett,LV,0.0
2577327,2025_10_LV_DEN,0,0,0,0,0,0,0,0,5,6,44,0,2025,Tyler Lockett,LV,9.4
2577327,2025_11_DAL_LV,0,0,0,0,0,0,0,0,3,3,33,0,2025,Tyler Lockett,LV,6.3
2577327,2025_12_CLE_LV,0,0,0,0,0,0,0,0,4,5,62,0,2025,Tyler Lockett,LV,10.2
2577327,2025_13_LV_LAC,0,0,0,0,0,0,0,0,1,1,11,0,2025,Tyler Lockett,LV,2.1
2577327,2025_14_DEN_LV,0,0,0,0,0,0,0,0,3,4,41,0,2025,Tyler Lockett,LV,7.1
2577327,2025_15_LV_PHI,0,0,0,0,0,0,0,0,2,4,10,0,2025,Tyler Lockett,LV,3.0
2577327,2025_16_LV_HOU,0,0,0,0,0,0,0,0,1,2,6,0,2025,Tyler Lockett,LV,1.6
2577327,2025_17_NYG_LV,0,0,0,0,0,0,0,0,2,3,9,1,2025,Tyler Lockett,LV,8.9
2577327,2025_18_KC_LV,0,0,0,0,0,0,0,0,1,5,5,0,2025,Tyler Lockett,LV,1.5
4565908,2024_15_CHI_MIN,0,0,0,0,0,0,0,0,1,1,5,0,2024,Tyler Scott,CHI,1.5
4360689,2025_08_TB_NO,17,30,128,0,1,3,12,0,0,0,0,0,2025,Tyler Shough,NO,5.32
4360689,2025_09_NO_LAR,15,24,176,1,1,1,2,0,0,0,0,0,2025,Tyler Shough,NO,10.24
4360689,2025_10_NO_CAR,19,27,282,2,0,4,-3,0,0,0,0,0,2025,Tyler Shough,NO,18.98
4360689,2025_12_ATL_NO,30,43,243,0,1,7,22,0,0,0,0,0,2025,Tyler Shough,NO,10.92
4360689,2025_13_NO_MIA,26,38,239,2,1,6,18,0,0,0,0,0,2025,Tyler Shough,NO,18.36
4360689,2025_14_NO_TB,13,20,144,0,1,7,55,2,0,0,0,0,2025,Tyler Shough,NO,22.26
4360689,2025_15_CAR_NO,24,32,272,1,0,8,32,0,0,0,0,0,2025,Tyler Shough,NO,18.08
4360689,2025_16_NYJ_NO,32,49,308,1,0,2,8,0,0,0,0,0,2025,Tyler Shough,NO,17.12
4360689,2025_17_NO_TEN,22,27,333,2,0,4,6,0,0,0,0,0,2025,Tyler Shough,NO,21.92
4360689,2025_18_NO_ATL,23,35,259,1,1,3,34,1,0,0,0,0,2025,Tyler Shough,NO,22.76
4568652,2024_03_BAL_DAL,0,0,0,0,0,0,0,0,1,1,0,0,2024,Tyler Smith,DAL,1.0
4431459,2025_01_MIA_IND,0,0,0,0,0,1,3,0,7,9,76,0,2025,Tyler Warren,IND,14.9
4431459,2025_02_DEN_IND,0,0,0,0,0,1,0,0,4,7,79,0,2025,Tyler Warren,IND,11.9
4431459,2025_03_IND_TEN,0,0,0,0,0,0,0,0,3,5,38,0,2025,Tyler Warren,IND,6.8
4431459,2025_04_IND_LAR,0,0,0,0,0,2,3,1,5,6,70,0,2025,Tyler Warren,IND,18.3
4431459,2025_05_LV_IND,0,1,0,0,0,0,0,0,4,4,44,1,2025,Tyler Warren,IND,14.4
4431459,2025_06_ARI_IND,0,0,0,0,0,0,0,0,6,9,63,1,2025,Tyler Warren,IND,18.3
4431459,2025_07_IND_LAC,0,0,0,0,0,0,0,0,4,5,69,1,2025,Tyler Warren,IND,16.9
4431459,2025_08_TEN_IND,0,0,0,0,0,0,0,0,4,5,53,0,2025,Tyler Warren,IND,9.3
4431459,2025_09_IND_PIT,0,0,0,0,0,0,0,0,5,7,26,0,2025,Tyler Warren,IND,7.6
4431459,2025_10_ATL_IND,0,0,0,0,0,0,0,0,8,10,99,0,2025,Tyler Warren,IND,17.9
4431459,2025_12_IND_KC,0,0,0,0,0,0,0,0,5,7,45,0,2025,Tyler Warren,IND,9.5
4431459,2025_13_HOU_IND,0,0,0,0,0,1,0,0,3,4,22,1,2025,Tyler Warren,IND,11.2
4431459,2025_14_IND_JAX,0,0,0,0,0,1,2,0,2,6,15,0,2025,Tyler Warren,IND,3.7
4431459,2025_15_IND_SEA,0,0,0,0,0,0,0,0,3,6,19,0,2025,Tyler Warren,IND,4.9
4431459,2025_16_SF_IND,0,0,0,0,0,0,0,0,3,9,30,0,2025,Tyler Warren,IND,6.0
4431459,2025_17_JAX_IND,0,0,0,0,0,0,0,0,5,5,43,0,2025,Tyler Warren,IND,9.3
4431459,2025_18_IND_HOU,0,0,0,0,0,0,0,0,5,8,26,0,2025,Tyler Warren,IND,7.6
4362921,2024_01_NE_CIN,0,0,0,0,0,0,0,0,2,3,27,0,2024,Tyquan Thornton,NE,4.7
4362921,2024_03_NE_NYJ,0,0,0,0,0,0,0,0,0,1,0,0,2024,Tyquan Thornton,NE,0.0
4362921,2024_04_NE_SF,0,0,0,0,0,0,0,0,0,1,0,0,2024,Tyquan Thornton,NE,0.0
4362921,2024_08_NYJ_NE,0,0,0,0,0,0,0,0,2,3,20,0,2024,Tyquan Thornton,NE,4.0
4362921,2025_01_KC_LAC,0,0,0,0,0,0,0,0,2,4,41,0,2025,Tyquan Thornton,KC,6.1
4362921,2025_02_PHI_KC,0,0,0,0,0,0,0,0,2,5,59,1,2025,Tyquan Thornton,KC,13.9
4362921,2025_03_KC_NYG,0,0,0,0,0,0,0,0,5,9,71,1,2025,Tyquan Thornton,KC,18.1
4362921,2025_04_BAL_KC,0,0,0,0,0,0,0,0,1,2,11,1,2025,Tyquan Thornton,KC,8.1
4362921,2025_05_KC_JAX,0,0,0,0,0,0,0,0,3,5,90,0,2025,Tyquan Thornton,KC,12.0
4362921,2025_07_LV_KC,0,0,0,0,0,0,0,0,1,2,39,0,2025,Tyquan Thornton,KC,4.9
4362921,2025_09_KC_BUF,0,0,0,0,0,0,0,0,0,1,0,0,2025,Tyquan Thornton,KC,0.0
4362921,2025_11_KC_DEN,0,0,0,0,0,0,0,0,1,2,61,0,2025,Tyquan Thornton,KC,7.1
4362921,2025_12_IND_KC,0,0,0,0,0,0,0,0,0,1,0,0,2025,Tyquan Thornton,KC,0.0
4362921,2025_14_HOU_KC,0,0,0,0,0,0,0,0,2,3,19,0,2025,Tyquan Thornton,KC,3.9
4362921,2025_15_LAC_KC,0,0,0,0,0,0,0,0,2,3,47,0,2025,Tyquan Thornton,KC,6.7
3116406,2024_01_JAX_MIA,0,0,0,0,0,0,0,0,7,12,130,1,2024,Tyreek Hill,MIA,26.0
3116406,2024_02_BUF_MIA,0,0,0,0,0,1,12,0,3,6,24,0,2024,Tyreek Hill,MIA,6.6
3116406,2024_03_MIA_SEA,0,0,0,0,0,0,0,0,3,5,40,0,2024,Tyreek Hill,MIA,7.0
3116406,2024_04_TEN_MIA,0,0,0,0,0,3,19,0,4,7,23,0,2024,Tyreek Hill,MIA,8.2
3116406,2024_05_MIA_NE,0,0,0,0,0,0,0,0,6,10,69,0,2024,Tyreek Hill,MIA,12.9
3116406,2024_07_MIA_IND,0,0,0,0,0,1,5,0,1,2,8,0,2024,Tyreek Hill,MIA,2.3
3116406,2024_08_ARI_MIA,0,0,0,0,0,0,0,0,6,9,72,0,2024,Tyreek Hill,MIA,13.2
3116406,2024_09_MIA_BUF,0,0,0,0,0,0,0,0,4,5,80,0,2024,Tyreek Hill,MIA,12.0
3116406,2024_10_MIA_LAR,0,0,0,0,0,2,11,0,3,4,16,1,2024,Tyreek Hill,MIA,11.7
3116406,2024_11_LV_MIA,0,0,0,0,0,0,0,0,7,8,61,1,2024,Tyreek Hill,MIA,19.1
3116406,2024_12_NE_MIA,0,0,0,0,0,0,0,0,5,6,48,0,2024,Tyreek Hill,MIA,9.8
3116406,2024_13_MIA_GB,0,0,0,0,0,0,0,0,6,9,83,1,2024,Tyreek Hill,MIA,20.3
3116406,2024_14_NYJ_MIA,0,0,0,0,0,1,6,0,10,14,115,1,2024,Tyreek Hill,MIA,28.1
3116406,2024_15_MIA_HOU,0,0,0,0,0,0,0,0,2,7,36,0,2024,Tyreek Hill,MIA,5.6
3116406,2024_16_SF_MIA,0,0,0,0,0,0,0,0,3,7,29,1,2024,Tyreek Hill,MIA,11.9
3116406,2024_17_MIA_CLE,0,0,0,0,0,0,0,0,9,9,105,0,2024,Tyreek Hill,MIA,19.5
3116406,2024_18_MIA_NYJ,0,0,0,0,0,0,0,0,2,3,20,0,2024,Tyreek Hill,MIA,4.0
3116406,2025_01_MIA_IND,0,0,0,0,0,0,0,0,4,6,40,0,2025,Tyreek Hill,MIA,8.0
3116406,2025_02_NE_MIA,0,0,0,0,0,0,0,0,6,7,109,0,2025,Tyreek Hill,MIA,16.9
3116406,2025_03_MIA_BUF,0,0,0,0,0,0,0,0,5,10,49,1,2025,Tyreek Hill,MIA,15.9
3116406,2025_04_NYJ_MIA,0,0,0,0,0,0,0,0,6,6,67,0,2025,Tyreek Hill,MIA,12.7
4241476,2024_17_NYJ_BUF,0,0,0,0,0,0,0,0,1,1,69,1,2024,Tyrell Shavers,BUF,13.9
4241476,2025_02_BUF_NYJ,0,0,0,0,0,0,0,0,0,2,0,0,2025,Tyrell Shavers,BUF,0.0
4241476,2025_03_MIA_BUF,0,0,0,0,0,0,0,0,2,2,24,0,2025,Tyrell Shavers,BUF,4.4
4241476,2025_05_NE_BUF,0,0,0,0,0,0,0,0,0,1,0,0,2025,Tyrell Shavers,BUF,0.0
4241476,2025_06_BUF_ATL,0,0,0,0,0,0,0,0,3,5,27,0,2025,Tyrell Shavers,BUF,5.7
4241476,2025_09_KC_BUF,0,0,0,0,0,0,0,0,1,1,7,0,2025,Tyrell Shavers,BUF,1.7
4241476,2025_10_BUF_MIA,0,0,0,0,0,0,0,0,1,1,24,0,2025,Tyrell Shavers,BUF,3.4
4241476,2025_11_TB_BUF,0,0,0,0,0,0,0,0,4,5,90,1,2025,Tyrell Shavers,BUF,19.0
4241476,2025_14_CIN_BUF,0,0,0,0,0,0,0,0,1,1,16,0,2025,Tyrell Shavers,BUF,2.6
4241476,2025_16_BUF_CLE,0,0,0,0,0,0,0,0,1,2,21,0,2025,Tyrell Shavers,BUF,3.1
4241476,2025_17_PHI_BUF,0,0,0,0,0,0,0,0,2,3,36,0,2025,Tyrell Shavers,BUF,5.6
4426475,2024_17_DAL_PHI,0,0,0,0,0,3,7,0,0,0,0,0,2024,Tyrion Davis-Price,PHI,0.7
14163,2024_01_NYJ_SF,6,8,36,1,0,1,7,0,0,0,0,0,2024,Tyrod Taylor,NYJ,6.14
14163,2024_17_NYJ_BUF,11,14,83,2,0,2,6,0,0,0,0,0,2024,Tyrod Taylor,NYJ,11.92
14163,2025_02_BUF_NYJ,7,11,56,1,0,3,21,0,0,0,0,0,2025,Tyrod Taylor,NYJ,8.34
14163,2025_03_NYJ_TB,26,36,197,2,1,8,48,0,0,0,0,0,2025,Tyrod Taylor,NYJ,19.68
14163,2025_07_CAR_NYJ,10,22,126,0,2,3,11,0,0,0,0,0,2025,Tyrod Taylor,NYJ,4.14
14163,2025_12_NYJ_BAL,17,28,222,1,1,5,19,0,0,0,0,0,2025,Tyrod Taylor,NYJ,13.78
14163,2025_13_ATL_NYJ,19,33,172,1,0,8,44,1,0,0,0,0,2025,Tyrod Taylor,NYJ,21.28
4360516,2024_01_MIN_NYG,0,0,0,0,0,2,2,0,1,3,5,0,2024,Tyrone Tracy Jr.,NYG,1.7
4360516,2024_03_NYG_CLE,0,0,0,0,0,5,23,0,2,2,17,0,2024,Tyrone Tracy Jr.,NYG,6.0
4360516,2024_04_DAL_NYG,0,0,0,0,0,4,2,0,1,1,19,0,2024,Tyrone Tracy Jr.,NYG,3.1
4360516,2024_05_NYG_SEA,0,0,0,0,0,18,129,0,1,2,1,0,2024,Tyrone Tracy Jr.,NYG,14.0
4360516,2024_06_CIN_NYG,0,0,0,0,0,17,50,1,6,6,57,0,2024,Tyrone Tracy Jr.,NYG,22.7
4360516,2024_07_PHI_NYG,0,0,0,0,0,6,23,0,3,3,9,0,2024,Tyrone Tracy Jr.,NYG,6.2
4360516,2024_08_NYG_PIT,0,0,0,0,0,20,145,1,2,3,5,0,2024,Tyrone Tracy Jr.,NYG,23.0
4360516,2024_09_WSH_NYG,0,0,0,0,0,16,66,0,1,1,3,0,2024,Tyrone Tracy Jr.,NYG,7.9
4360516,2024_10_NYG_CAR,0,0,0,0,0,18,103,1,1,2,1,0,2024,Tyrone Tracy Jr.,NYG,17.4
4360516,2024_12_TB_NYG,0,0,0,0,0,9,42,0,4,4,28,0,2024,Tyrone Tracy Jr.,NYG,11.0
4360516,2024_13_NYG_DAL,0,0,0,0,0,9,32,1,2,3,33,0,2024,Tyrone Tracy Jr.,NYG,14.5
4360516,2024_14_NO_NYG,0,0,0,0,0,16,45,1,5,10,38,0,2024,Tyrone Tracy Jr.,NYG,19.3
4360516,2024_15_BAL_NYG,0,0,0,0,0,10,31,0,1,4,4,0,2024,Tyrone Tracy Jr.,NYG,4.5
4360516,2024_16_NYG_ATL,0,0,0,0,0,7,26,0,4,4,43,1,2024,Tyrone Tracy Jr.,NYG,16.9
4360516,2024_17_IND_NYG,0,0,0,0,0,20,59,0,2,3,14,0,2024,Tyrone Tracy Jr.,NYG,9.3
4360516,2024_18_NYG_PHI,0,0,0,0,0,14,59,0,2,2,7,0,2024,Tyrone Tracy Jr.,NYG,8.6
4360516,2025_01_NYG_WSH,0,0,0,0,0,10,24,0,2,5,11,0,2025,Tyrone Tracy Jr.,NYG,5.5
4360516,2025_02_NYG_DAL,0,0,0,0,0,5,15,0,4,5,36,0,2025,Tyrone Tracy Jr.,NYG,9.1
4360516,2025_03_KC_NYG,0,0,0,0,0,7,29,0,2,3,7,0,2025,Tyrone Tracy Jr.,NYG,5.6
4360516,2025_06_PHI_NYG,0,0,0,0,0,4,6,0,0,0,0,0,2025,Tyrone Tracy Jr.,NYG,0.6
4360516,2025_07_NYG_DEN,0,0,0,0,0,9,46,1,0,0,0,0,2025,Tyrone Tracy Jr.,NYG,10.6
4360516,2025_08_NYG_PHI,0,0,0,0,0,10,39,0,2,3,14,0,2025,Tyrone Tracy Jr.,NYG,7.3
4360516,2025_09_SF_NYG,0,0,0,0,0,5,18,0,3,4,19,0,2025,Tyrone Tracy Jr.,NYG,6.7
4360516,2025_10_NYG_CHI,0,0,0,0,0,14,71,0,1,2,0,0,2025,Tyrone Tracy Jr.,NYG,8.1
4360516,2025_11_GB_NYG,0,0,0,0,0,19,88,0,4,4,51,0,2025,Tyrone Tracy Jr.,NYG,17.9
4360516,2025_12_NYG_DET,0,0,0,0,0,20,62,0,3,4,68,0,2025,Tyrone Tracy Jr.,NYG,16.0
4360516,2025_13_NYG_NE,0,0,0,0,0,10,36,0,1,1,-3,0,2025,Tyrone Tracy Jr.,NYG,4.3
4360516,2025_15_WSH_NYG,0,0,0,0,0,15,70,1,3,4,27,1,2025,Tyrone Tracy Jr.,NYG,24.7
4360516,2025_16_MIN_NYG,0,0,0,0,0,16,71,0,2,2,7,0,2025,Tyrone Tracy Jr.,NYG,9.8
4360516,2025_17_NYG_LV,0,0,0,0,0,14,62,0,1,2,-5,0,2025,Tyrone Tracy Jr.,NYG,6.7
4360516,2025_18_DAL_NYG,0,0,0,0,0,18,103,0,8,9,56,1,2025,Tyrone Tracy Jr.,NYG,29.9
4434153,2024_05_CAR_CHI,0,0,0,0,0,3,-4,0,0,0,0,0,2024,Tyson Bagent,CHI,-0.4
4434153,2024_06_JAX_CHI,0,0,0,0,0,3,-3,0,0,0,0,0,2024,Tyson Bagent,CHI,-0.3
4434153,2025_02_CHI_DET,2,3,27,0,0,2,7,0,0,0,0,0,2025,Tyson Bagent,CHI,1.78
3930066,2024_01_PIT_ATL,0,0,0,0,0,0,0,0,1,2,1,0,2024,Van Jefferson,PIT,1.1
3930066,2024_02_PIT_DEN,0,0,0,0,0,0,0,0,2,3,14,0,2024,Van Jefferson,PIT,3.4
3930066,2024_04_PIT_IND,0,0,0,0,0,0,0,0,2,3,21,0,2024,Van Jefferson,PIT,4.1
3930066,2024_05_DAL_PIT,0,0,0,0,0,0,0,0,3,5,26,0,2024,Van Jefferson,PIT,5.6
3930066,2024_07_NYJ_PIT,0,0,0,0,0,0,0,0,2,3,15,1,2024,Van Jefferson,PIT,9.5
3930066,2024_08_NYG_PIT,0,0,0,0,0,0,0,0,4,5,62,0,2024,Van Jefferson,PIT,10.2
3930066,2024_10_PIT_WSH,0,0,0,0,0,0,0,0,0,2,0,0,2024,Van Jefferson,PIT,0.0
3930066,2024_11_BAL_PIT,0,0,0,0,0,0,0,0,0,1,0,0,2024,Van Jefferson,PIT,0.0
3930066,2024_12_PIT_CLE,0,0,0,0,0,0,0,0,2,2,39,0,2024,Van Jefferson,PIT,5.9
3930066,2024_13_PIT_CIN,0,0,0,0,0,0,0,0,1,3,43,0,2024,Van Jefferson,PIT,5.3
3930066,2024_14_CLE_PIT,0,0,0,0,0,0,0,0,1,1,10,1,2024,Van Jefferson,PIT,8.0
3930066,2024_15_PIT_PHI,0,0,0,0,0,0,0,0,1,2,0,0,2024,Van Jefferson,PIT,1.0
3930066,2024_16_PIT_BAL,0,0,0,0,0,0,0,0,2,3,27,0,2024,Van Jefferson,PIT,4.7
3930066,2024_17_KC_PIT,0,0,0,0,0,0,0,0,0,1,0,0,2024,Van Jefferson,PIT,0.0
3930066,2024_18_CIN_PIT,0,0,0,0,0,0,0,0,3,4,18,0,2024,Van Jefferson,PIT,4.8
3930066,2025_02_LAR_TEN,0,0,0,0,0,0,0,0,2,2,10,0,2025,Van Jefferson,TEN,3.0
3930066,2025_03_IND_TEN,0,0,0,0,0,0,0,0,1,1,8,0,2025,Van Jefferson,TEN,1.8
3930066,2025_04_TEN_HOU,0,0,0,0,0,0,0,0,1,1,6,0,2025,Van Jefferson,TEN,1.6
3930066,2025_06_TEN_LV,0,0,0,0,0,0,0,0,4,6,75,0,2025,Van Jefferson,TEN,11.5
3930066,2025_07_NE_TEN,0,0,0,0,0,0,0,0,4,4,41,0,2025,Van Jefferson,TEN,8.1
3930066,2025_08_TEN_IND,0,0,0,0,0,0,0,0,1,8,6,0,2025,Van Jefferson,TEN,1.6
3930066,2025_09_LAC_TEN,0,0,0,0,0,0,0,0,1,4,21,0,2025,Van Jefferson,TEN,3.1
3930066,2025_11_HOU_TEN,0,0,0,0,0,0,0,0,3,7,22,1,2025,Van Jefferson,TEN,11.2
3930066,2025_12_SEA_TEN,0,0,0,0,0,0,0,0,1,1,11,0,2025,Van Jefferson,TEN,2.1
3930066,2025_13_JAX_TEN,0,0,0,0,0,0,0,0,3,4,20,0,2025,Van Jefferson,TEN,5.0
3930066,2025_14_TEN_CLE,0,0,0,0,0,0,0,0,2,4,17,0,2025,Van Jefferson,TEN,3.7
3930066,2025_15_TEN_SF,0,0,0,0,0,0,0,0,1,5,43,0,2025,Van Jefferson,TEN,5.3
3930066,2025_16_KC_TEN,0,0,0,0,0,0,0,0,2,2,24,0,2025,Van Jefferson,TEN,4.4
3930066,2025_17_NO_TEN,0,0,0,0,0,0,0,0,3,3,46,0,2025,Van Jefferson,TEN,7.6
4240554,2024_11_LAR_NE,0,0,0,0,0,0,0,0,1,1,4,1,2024,Vederian Lowe,NE,7.4
4035693,2024_01_TEN_CHI,0,0,0,0,0,2,11,0,1,1,8,0,2024,Velus Jones Jr.,CHI,2.9
4035693,2025_14_SEA_ATL,0,0,0,0,0,4,32,0,0,0,0,0,2025,Velus Jones Jr.,SEA,3.2
4569587,2024_01_MIN_NYG,0,0,0,0,0,1,14,0,6,12,44,0,2024,Wan'Dale Robinson,NYG,11.8
4569587,2024_02_NYG_WSH,0,0,0,0,0,0,0,0,2,4,18,1,2024,Wan'Dale Robinson,NYG,9.8
4569587,2024_03_NYG_CLE,0,0,0,0,0,0,0,0,7,8,61,0,2024,Wan'Dale Robinson,NYG,13.1
4569587,2024_04_DAL_NYG,0,0,0,0,0,0,0,0,11,14,71,0,2024,Wan'Dale Robinson,NYG,18.1
4569587,2024_05_NYG_SEA,0,0,0,0,0,1,4,0,6,9,36,1,2024,Wan'Dale Robinson,NYG,16.0
4569587,2024_06_CIN_NYG,0,0,0,0,0,0,0,0,5,11,50,0,2024,Wan'Dale Robinson,NYG,10.0
4569587,2024_07_PHI_NYG,0,0,0,0,0,0,0,0,6,9,23,0,2024,Wan'Dale Robinson,NYG,8.3
4569587,2024_08_NYG_PIT,0,0,0,0,0,0,0,0,5,5,30,0,2024,Wan'Dale Robinson,NYG,8.0
4569587,2024_09_WSH_NYG,0,0,0,0,0,0,0,0,3,4,10,0,2024,Wan'Dale Robinson,NYG,4.0
4569587,2024_10_NYG_CAR,0,0,0,0,0,0,0,0,5,8,51,0,2024,Wan'Dale Robinson,NYG,10.1
4569587,2024_12_TB_NYG,0,0,0,0,0,1,0,0,5,5,47,0,2024,Wan'Dale Robinson,NYG,9.7
4569587,2024_13_NYG_DAL,0,0,0,0,0,0,0,0,2,2,6,0,2024,Wan'Dale Robinson,NYG,2.6
4569587,2024_14_NO_NYG,0,0,0,0,0,0,0,0,4,11,38,0,2024,Wan'Dale Robinson,NYG,7.8
4569587,2024_15_BAL_NYG,0,0,0,0,0,0,0,0,4,9,38,0,2024,Wan'Dale Robinson,NYG,7.8
4569587,2024_16_NYG_ATL,0,0,0,0,0,0,0,0,7,12,62,0,2024,Wan'Dale Robinson,NYG,13.2
4569587,2024_17_IND_NYG,0,0,0,0,0,0,0,0,5,6,71,1,2024,Wan'Dale Robinson,NYG,18.1
4569587,2024_18_NYG_PHI,0,0,0,0,0,0,0,0,10,11,43,0,2024,Wan'Dale Robinson,NYG,14.3
4569587,2025_01_NYG_WSH,0,0,0,0,0,0,0,0,6,8,55,0,2025,Wan'Dale Robinson,NYG,11.5
4569587,2025_02_NYG_DAL,0,0,0,0,0,0,0,0,8,10,142,1,2025,Wan'Dale Robinson,NYG,28.2
4569587,2025_03_KC_NYG,0,0,0,0,0,0,0,0,1,4,26,0,2025,Wan'Dale Robinson,NYG,3.6
4569587,2025_04_LAC_NYG,0,0,0,0,0,0,0,0,3,5,14,0,2025,Wan'Dale Robinson,NYG,4.4
4569587,2025_05_NYG_NO,0,0,0,0,0,1,2,0,5,7,30,0,2025,Wan'Dale Robinson,NYG,8.2
4569587,2025_06_PHI_NYG,0,0,0,0,0,0,0,0,6,7,84,1,2025,Wan'Dale Robinson,NYG,20.4
4569587,2025_07_NYG_DEN,0,0,0,0,0,0,0,0,6,12,95,0,2025,Wan'Dale Robinson,NYG,15.5
4569587,2025_08_NYG_PHI,0,0,0,0,0,0,0,0,3,4,48,0,2025,Wan'Dale Robinson,NYG,7.8
4569587,2025_09_SF_NYG,0,0,0,0,0,0,0,0,9,11,46,0,2025,Wan'Dale Robinson,NYG,13.6
4569587,2025_10_NYG_CHI,0,0,0,0,0,0,0,0,6,11,62,0,2025,Wan'Dale Robinson,NYG,12.2
4569587,2025_11_GB_NYG,0,0,0,0,0,0,0,0,4,9,36,0,2025,Wan'Dale Robinson,NYG,7.6
4569587,2025_12_NYG_DET,0,0,0,0,0,1,0,0,9,14,156,1,2025,Wan'Dale Robinson,NYG,30.6
4569587,2025_13_NYG_NE,0,0,0,0,0,0,0,0,7,8,34,0,2025,Wan'Dale Robinson,NYG,10.4
4569587,2025_15_WSH_NYG,0,0,0,0,0,0,0,0,5,10,54,1,2025,Wan'Dale Robinson,NYG,16.4
4569587,2025_16_MIN_NYG,0,0,0,0,0,1,3,0,3,6,19,0,2025,Wan'Dale Robinson,NYG,5.2
4569587,2025_17_NYG_LV,0,0,0,0,0,0,0,0,11,14,113,0,2025,Wan'Dale Robinson,NYG,22.3
4570577,2024_02_CIN_KC,0,0,0,0,0,0,0,0,1,1,1,1,2024,Wanya Morris,KC,7.1
3127292,2024_01_LV_LAC,0,0,0,0,0,0,0,0,1,1,13,0,2024,Will Dissly,LAC,2.3
3127292,2024_02_LAC_CAR,0,0,0,0,0,0,0,0,3,3,29,0,2024,Will Dissly,LAC,5.9
3127292,2024_03_LAC_PIT,0,0,0,0,0,0,0,0,3,3,19,0,2024,Will Dissly,LAC,4.9
3127292,2024_04_KC_LAC,0,0,0,0,0,0,0,0,2,3,24,0,2024,Will Dissly,LAC,4.4
3127292,2024_06_LAC_DEN,0,0,0,0,0,0,0,0,4,5,26,0,2024,Will Dissly,LAC,6.6
3127292,2024_07_LAC_ARI,0,0,0,0,0,0,0,0,8,11,81,0,2024,Will Dissly,LAC,16.1
3127292,2024_08_NO_LAC,0,0,0,0,0,0,0,0,5,7,41,0,2024,Will Dissly,LAC,9.1
3127292,2024_09_LAC_CLE,0,0,0,0,0,0,0,0,2,3,9,0,2024,Will Dissly,LAC,2.9
3127292,2024_10_TEN_LAC,0,0,0,0,0,0,0,0,5,6,30,0,2024,Will Dissly,LAC,8.0
3127292,2024_11_CIN_LAC,0,0,0,0,0,0,0,0,4,6,80,1,2024,Will Dissly,LAC,18.0
3127292,2024_12_BAL_LAC,0,0,0,0,0,0,0,0,4,4,47,0,2024,Will Dissly,LAC,8.7
3127292,2024_13_LAC_ATL,0,0,0,0,0,0,0,0,0,1,0,0,2024,Will Dissly,LAC,0.0
3127292,2024_14_LAC_KC,0,0,0,0,0,0,0,0,2,2,19,0,2024,Will Dissly,LAC,3.9
3127292,2024_17_LAC_NE,0,0,0,0,0,0,0,0,2,3,21,0,2024,Will Dissly,LAC,4.1
3127292,2024_18_LAC_LV,0,0,0,0,0,0,0,0,5,6,42,1,2024,Will Dissly,LAC,15.2
3127292,2025_01_KC_LAC,0,0,0,0,0,0,0,0,1,1,18,0,2025,Will Dissly,LAC,2.8
3127292,2025_02_LAC_LV,0,0,0,0,0,0,0,0,1,1,7,0,2025,Will Dissly,LAC,1.7
3127292,2025_06_LAC_MIA,0,0,0,0,0,0,0,0,2,2,18,0,2025,Will Dissly,LAC,3.8
3127292,2025_07_IND_LAC,0,0,0,0,0,0,0,0,0,1,0,0,2025,Will Dissly,LAC,0.0
3127292,2025_14_PHI_LAC,0,0,0,0,0,0,0,0,1,1,1,0,2025,Will Dissly,LAC,1.1
3127292,2025_16_LAC_DAL,0,0,0,0,0,0,0,0,3,3,28,0,2025,Will Dissly,LAC,5.8
3127292,2025_17_HOU_LAC,0,0,0,0,0,0,0,0,2,2,19,0,2025,Will Dissly,LAC,3.9
3127292,2025_18_LAC_DEN,0,0,0,0,0,0,0,0,1,5,6,0,2025,Will Dissly,LAC,1.6
4361418,2024_01_TEN_CHI,19,32,127,1,2,4,36,0,0,0,0,0,2024,Will Levis,TEN,10.68
4361418,2024_02_NYJ_TEN,19,28,192,1,1,4,38,0,0,0,0,0,2024,Will Levis,TEN,14.48
4361418,2024_03_GB_TEN,26,34,260,2,2,3,12,0,0,0,0,0,2024,Will Levis,TEN,17.6
4361418,2024_04_TEN_MIA,3,4,25,0,1,2,5,0,0,0,0,0,2024,Will Levis,TEN,0.5
4361418,2024_06_IND_TEN,16,27,95,1,1,3,15,0,0,0,0,0,2024,Will Levis,TEN,8.3
4361418,2024_10_TEN_LAC,18,23,175,2,0,5,41,0,0,0,0,0,2024,Will Levis,TEN,19.1
4361418,2024_11_MIN_TEN,17,31,295,1,1,7,18,0,0,0,0,0,2024,Will Levis,TEN,16.6
4361418,2024_12_TEN_HOU,18,24,278,2,1,8,10,0,0,0,0,0,2024,Will Levis,TEN,19.12
4361418,2024_13_TEN_WSH,18,37,212,2,0,2,-3,0,0,0,0,0,2024,Will Levis,TEN,16.18
4361418,2024_14_JAX_TEN,19,32,168,0,0,1,3,0,0,0,0,0,2024,Will Levis,TEN,7.02
4361418,2024_15_CIN_TEN,8,12,89,0,3,2,0,0,0,0,0,0,2024,Will Levis,TEN,0.56
4361418,2024_18_HOU_TEN,9,17,175,1,0,4,8,0,0,0,0,0,2024,Will Levis,TEN,11.8
4362523,2024_05_IND_JAX,0,0,0,0,0,0,0,0,1,1,7,0,2024,Will Mallory,IND,1.7
4362523,2024_06_IND_TEN,0,0,0,0,0,0,0,0,0,1,0,0,2024,Will Mallory,IND,0.0
4362523,2024_07_MIA_IND,0,0,0,0,0,0,0,0,1,1,5,0,2024,Will Mallory,IND,1.5
4362523,2024_08_IND_HOU,0,0,0,0,0,0,0,0,0,2,0,0,2024,Will Mallory,IND,0.0
4362523,2024_10_BUF_IND,0,0,0,0,0,0,0,0,1,1,10,0,2024,Will Mallory,IND,2.0
4362523,2024_13_IND_NE,0,0,0,0,0,0,0,0,1,1,7,0,2024,Will Mallory,IND,1.7
4362523,2024_15_IND_DEN,0,0,0,0,0,0,0,0,0,1,0,0,2024,Will Mallory,IND,0.0
4362523,2025_17_JAX_IND,0,0,0,0,0,0,0,0,1,1,16,0,2025,Will Mallory,IND,2.6
4431545,2024_07_PHI_NYG,0,0,0,0,0,8,15,0,0,0,0,0,2024,Will Shipley,PHI,1.5
4431545,2024_10_PHI_DAL,0,0,0,0,0,9,34,0,0,0,0,0,2024,Will Shipley,PHI,3.4
4431545,2024_18_NYG_PHI,0,0,0,0,0,10,32,0,4,4,35,0,2024,Will Shipley,PHI,10.7
4431545,2025_01_DAL_PHI,0,0,0,0,0,3,26,0,0,0,0,0,2025,Will Shipley,PHI,2.6
4431545,2025_04_PHI_TB,0,0,0,0,0,0,0,0,0,1,0,0,2025,Will Shipley,PHI,0.0
4431545,2025_05_DEN_PHI,0,0,0,0,0,1,0,0,1,2,4,0,2025,Will Shipley,PHI,1.4
4431545,2025_07_PHI_MIN,0,0,0,0,0,0,0,0,1,1,7,0,2025,Will Shipley,PHI,1.7
4431545,2025_08_NYG_PHI,0,0,0,0,0,3,2,0,0,0,0,0,2025,Will Shipley,PHI,0.2
4431545,2025_10_PHI_GB,0,0,0,0,0,4,17,0,2,2,17,0,2025,Will Shipley,PHI,5.4
4431545,2025_13_CHI_PHI,0,0,0,0,0,0,0,0,1,1,11,0,2025,Will Shipley,PHI,2.1
4431545,2025_14_PHI_LAC,0,0,0,0,0,0,0,0,1,1,3,0,2025,Will Shipley,PHI,1.3
4431545,2025_16_PHI_WSH,0,0,0,0,0,0,0,0,1,1,3,0,2025,Will Shipley,PHI,1.3
4431545,2025_18_WSH_PHI,0,0,0,0,0,1,2,0,2,3,11,0,2025,Will Shipley,PHI,3.3
4429059,2025_01_HOU_LAR,0,0,0,0,0,3,3,0,0,0,0,0,2025,Woody Marks,HOU,0.3
4429059,2025_02_TB_HOU,0,0,0,0,0,3,14,0,1,1,37,0,2025,Woody Marks,HOU,6.1
4429059,2025_03_HOU_JAX,0,0,0,0,0,6,27,0,1,2,9,0,2025,Woody Marks,HOU,4.6
4429059,2025_04_TEN_HOU,0,0,0,0,0,17,69,1,4,5,50,1,2025,Woody Marks,HOU,27.9
4429059,2025_05_HOU_BAL,0,0,0,0,0,7,24,0,0,1,0,0,2025,Woody Marks,HOU,2.4
4429059,2025_07_HOU_SEA,0,0,0,0,0,10,15,0,3,5,20,1,2025,Woody Marks,HOU,12.5
4429059,2025_08_SF_HOU,0,0,0,0,0,11,62,0,4,4,49,0,2025,Woody Marks,HOU,15.1
4429059,2025_09_DEN_HOU,0,0,0,0,0,10,27,0,0,3,0,0,2025,Woody Marks,HOU,2.7
4429059,2025_10_JAX_HOU,0,0,0,0,0,14,63,1,2,3,18,0,2025,Woody Marks,HOU,16.1
4429059,2025_11_HOU_TEN,0,0,0,0,0,18,44,0,1,1,7,0,2025,Woody Marks,HOU,6.1
4429059,2025_12_BUF_HOU,0,0,0,0,0,16,74,0,1,1,-5,0,2025,Woody Marks,HOU,7.9
4429059,2025_13_HOU_IND,0,0,0,0,0,19,64,0,1,1,3,0,2025,Woody Marks,HOU,7.7
4429059,2025_14_HOU_KC,0,0,0,0,0,26,68,0,2,3,8,1,2025,Woody Marks,HOU,15.6
4429059,2025_15_ARI_HOU,0,0,0,0,0,7,30,0,1,1,8,0,2025,Woody Marks,HOU,4.8
4429059,2025_17_HOU_LAC,0,0,0,0,0,19,71,0,1,2,4,0,2025,Woody Marks,HOU,8.5
4429059,2025_18_IND_HOU,0,0,0,0,0,10,48,0,2,3,0,0,2025,Woody Marks,HOU,6.8
4427278,2024_03_NE_NYJ,0,0,0,0,0,0,0,0,2,2,16,0,2024,Xavier Gipson,NYJ,3.6
4427278,2024_04_DEN_NYJ,0,0,0,0,0,0,0,0,1,4,6,0,2024,Xavier Gipson,NYJ,1.6
4427278,2024_08_NYJ_NE,0,0,0,0,0,0,0,0,1,1,1,1,2024,Xavier Gipson,NYJ,7.1
4427278,2024_10_NYJ_ARI,0,0,0,0,0,0,0,0,0,1,0,0,2024,Xavier Gipson,NYJ,0.0
4427278,2024_11_IND_NYJ,0,0,0,0,0,0,0,0,1,1,17,0,2024,Xavier Gipson,NYJ,2.7
4427278,2024_13_SEA_NYJ,0,0,0,0,0,0,0,0,1,1,-1,0,2024,Xavier Gipson,NYJ,0.9
4427278,2025_08_NYG_PHI,0,0,0,0,0,0,0,0,1,1,3,0,2025,Xavier Gipson,PHI,1.3
4427278,2025_12_PHI_DAL,0,0,0,0,0,0,0,0,1,1,3,0,2025,Xavier Gipson,PHI,1.3
4686422,2024_01_HOU_IND,0,0,0,0,0,0,0,0,1,1,3,0,2024,Xavier Hutchinson,HOU,1.3
4686422,2024_02_CHI_HOU,0,0,0,0,0,0,0,0,0,1,0,0,2024,Xavier Hutchinson,HOU,0.0
4686422,2024_03_HOU_MIN,0,0,0,0,0,0,0,0,0,1,0,0,2024,Xavier Hutchinson,HOU,0.0
4686422,2024_05_BUF_HOU,0,0,0,0,0,0,0,0,2,3,31,0,2024,Xavier Hutchinson,HOU,5.1
4686422,2024_06_HOU_NE,0,0,0,0,0,0,0,0,0,2,0,0,2024,Xavier Hutchinson,HOU,0.0
4686422,2024_07_HOU_GB,0,0,0,0,0,0,0,0,1,1,11,0,2024,Xavier Hutchinson,HOU,2.1
4686422,2024_08_IND_HOU,0,0,0,0,0,0,0,0,1,1,19,0,2024,Xavier Hutchinson,HOU,2.9
4686422,2024_09_HOU_NYJ,0,0,0,0,0,0,0,0,0,3,0,0,2024,Xavier Hutchinson,HOU,0.0
4686422,2024_10_DET_HOU,0,0,0,0,0,0,0,0,2,4,6,0,2024,Xavier Hutchinson,HOU,2.6
4686422,2024_12_TEN_HOU,0,0,0,0,0,0,0,0,0,1,0,0,2024,Xavier Hutchinson,HOU,0.0
4686422,2024_15_MIA_HOU,0,0,0,0,0,0,0,0,1,1,13,0,2024,Xavier Hutchinson,HOU,2.3
4686422,2024_16_HOU_KC,0,0,0,0,0,0,0,0,1,1,8,0,2024,Xavier Hutchinson,HOU,1.8
4686422,2024_17_BAL_HOU,0,0,0,0,0,0,0,0,2,4,21,0,2024,Xavier Hutchinson,HOU,4.1
4686422,2024_18_HOU_TEN,0,0,0,0,0,0,0,0,1,2,5,0,2024,Xavier Hutchinson,HOU,1.5
4686422,2025_01_HOU_LAR,0,0,0,0,0,1,5,0,2,2,30,0,2025,Xavier Hutchinson,HOU,5.5
4686422,2025_02_TB_HOU,0,0,0,0,0,0,0,0,2,3,29,0,2025,Xavier Hutchinson,HOU,4.9
4686422,2025_03_HOU_JAX,0,0,0,0,0,0,0,0,3,3,16,0,2025,Xavier Hutchinson,HOU,4.6
4686422,2025_04_TEN_HOU,0,0,0,0,0,0,0,0,2,3,17,0,2025,Xavier Hutchinson,HOU,3.7
4686422,2025_05_HOU_BAL,0,0,0,0,0,0,0,0,3,3,18,2,2025,Xavier Hutchinson,HOU,16.8
4686422,2025_07_HOU_SEA,0,0,0,0,0,0,0,0,1,4,13,0,2025,Xavier Hutchinson,HOU,2.3
4686422,2025_08_SF_HOU,0,0,0,0,0,0,0,0,5,6,69,1,2025,Xavier Hutchinson,HOU,17.9
4686422,2025_09_DEN_HOU,0,0,0,0,0,0,0,0,3,5,30,0,2025,Xavier Hutchinson,HOU,6.0
4686422,2025_11_HOU_TEN,0,0,0,0,0,0,0,0,3,5,42,0,2025,Xavier Hutchinson,HOU,7.2
4686422,2025_13_HOU_IND,0,0,0,0,0,0,0,0,2,5,39,0,2025,Xavier Hutchinson,HOU,5.9
4686422,2025_14_HOU_KC,0,0,0,0,0,0,0,0,0,2,0,0,2025,Xavier Hutchinson,HOU,0.0
4686422,2025_15_ARI_HOU,0,0,0,0,0,0,0,0,1,2,16,0,2025,Xavier Hutchinson,HOU,2.6
4686422,2025_16_LV_HOU,0,0,0,0,0,0,0,0,1,2,4,0,2025,Xavier Hutchinson,HOU,1.4
4686422,2025_17_HOU_LAC,0,0,0,0,0,1,8,0,2,3,21,0,2025,Xavier Hutchinson,HOU,4.9
4686422,2025_18_IND_HOU,0,0,0,0,0,0,0,0,5,9,84,0,2025,Xavier Hutchinson,HOU,13.4
4430034,2024_01_CAR_NO,0,0,0,0,0,0,0,0,4,7,35,0,2024,Xavier Legette,CAR,7.5
4430034,2024_03_CAR_LV,0,0,0,0,0,0,0,0,2,3,42,0,2024,Xavier Legette,CAR,6.2
4430034,2024_04_CIN_CAR,0,0,0,0,0,2,10,0,6,10,66,1,2024,Xavier Legette,CAR,19.6
4430034,2024_05_CAR_CHI,0,0,0,0,0,0,0,0,1,1,8,0,2024,Xavier Legette,CAR,1.8
4430034,2024_06_ATL_CAR,0,0,0,0,0,0,0,0,3,4,23,1,2024,Xavier Legette,CAR,11.3
4430034,2024_07_CAR_WSH,0,0,0,0,0,1,6,0,2,3,3,0,2024,Xavier Legette,CAR,2.9
4430034,2024_08_CAR_DEN,0,0,0,0,0,1,0,0,4,7,34,1,2024,Xavier Legette,CAR,13.4
4430034,2024_09_NO_CAR,0,0,0,0,0,1,6,0,4,6,33,1,2024,Xavier Legette,CAR,13.9
4430034,2024_10_NYG_CAR,0,0,0,0,0,0,0,0,3,4,40,0,2024,Xavier Legette,CAR,7.0
4430034,2024_12_KC_CAR,0,0,0,0,0,0,0,0,4,6,56,0,2024,Xavier Legette,CAR,9.6
4430034,2024_13_TB_CAR,0,0,0,0,0,0,0,0,4,8,53,0,2024,Xavier Legette,CAR,9.3
4430034,2024_14_CAR_PHI,0,0,0,0,0,0,0,0,2,8,39,0,2024,Xavier Legette,CAR,5.9
4430034,2024_15_DAL_CAR,0,0,0,0,0,1,2,0,2,3,7,0,2024,Xavier Legette,CAR,2.9
4430034,2024_17_CAR_TB,0,0,0,0,0,0,0,0,5,9,28,0,2024,Xavier Legette,CAR,7.8
4430034,2024_18_CAR_ATL,0,0,0,0,0,0,0,0,3,5,30,0,2024,Xavier Legette,CAR,6.0
4430034,2025_01_CAR_JAX,0,0,0,0,0,0,0,0,3,7,10,0,2025,Xavier Legette,CAR,4.0
4430034,2025_02_CAR_ARI,0,0,0,0,0,1,0,0,1,8,-2,0,2025,Xavier Legette,CAR,0.8
4430034,2025_05_MIA_CAR,0,0,0,0,0,0,0,0,2,3,31,1,2025,Xavier Legette,CAR,11.1
4430034,2025_06_DAL_CAR,0,0,0,0,0,0,0,0,2,2,11,0,2025,Xavier Legette,CAR,3.1
4430034,2025_07_CAR_NYJ,0,0,0,0,0,0,0,0,9,11,92,1,2025,Xavier Legette,CAR,24.2
4430034,2025_08_BUF_CAR,0,0,0,0,0,0,0,0,2,3,17,0,2025,Xavier Legette,CAR,3.7
4430034,2025_09_CAR_GB,0,0,0,0,0,0,0,0,1,3,22,0,2025,Xavier Legette,CAR,3.2
4430034,2025_10_NO_CAR,0,0,0,0,0,0,0,0,0,1,0,0,2025,Xavier Legette,CAR,0.0
4430034,2025_11_CAR_ATL,0,0,0,0,0,0,0,0,4,8,83,1,2025,Xavier Legette,CAR,18.3
4430034,2025_12_CAR_SF,0,0,0,0,0,0,0,0,3,5,22,0,2025,Xavier Legette,CAR,5.2
4430034,2025_13_LAR_CAR,0,0,0,0,0,0,0,0,1,2,1,0,2025,Xavier Legette,CAR,1.1
4430034,2025_15_CAR_NO,0,0,0,0,0,0,0,0,2,3,39,0,2025,Xavier Legette,CAR,5.9
4430034,2025_16_TB_CAR,0,0,0,0,0,0,0,0,1,3,12,0,2025,Xavier Legette,CAR,2.2
4430034,2025_17_SEA_CAR,0,0,0,0,0,0,0,0,1,1,3,0,2025,Xavier Legette,CAR,1.3
4430034,2025_18_CAR_TB,0,0,0,0,0,0,0,0,3,4,22,0,2025,Xavier Legette,CAR,5.2
4431353,2025_12_SEA_TEN,0,0,0,0,0,0,0,0,2,6,26,0,2025,Xavier Restrepo,TEN,4.6
4431353,2025_13_JAX_TEN,0,0,0,0,0,0,0,0,1,1,15,0,2025,Xavier Restrepo,TEN,2.5
4386544,2024_05_GB_LAR,0,0,0,0,0,0,0,0,2,2,6,0,2024,Xavier Smith,LAR,2.6
4386544,2025_01_HOU_LAR,0,0,0,0,0,0,0,0,1,1,36,0,2025,Xavier Smith,LAR,4.6
4386544,2025_07_LAR_JAX,0,0,0,0,0,0,0,0,2,3,15,0,2025,Xavier Smith,LAR,3.5
4386544,2025_09_NO_LAR,0,0,0,0,0,0,0,0,2,3,12,0,2025,Xavier Smith,LAR,3.2
4386544,2025_10_LAR_SF,0,0,0,0,0,0,0,0,1,1,14,0,2025,Xavier Smith,LAR,2.4
4386544,2025_11_SEA_LAR,0,0,0,0,0,0,0,0,1,2,8,0,2025,Xavier Smith,LAR,1.8
4386544,2025_13_LAR_CAR,0,0,0,0,0,0,0,0,3,3,82,0,2025,Xavier Smith,LAR,11.2
4386544,2025_14_LAR_ARI,0,0,0,0,0,0,0,0,1,1,6,0,2025,Xavier Smith,LAR,1.6
4386544,2025_16_LAR_SEA,0,0,0,0,0,0,0,0,2,2,57,0,2025,Xavier Smith,LAR,7.7
4386544,2025_17_LAR_ATL,0,0,0,0,0,0,0,0,4,6,67,0,2025,Xavier Smith,LAR,10.7
4386544,2025_18_ARI_LAR,0,0,0,0,0,0,0,0,1,2,6,0,2025,Xavier Smith,LAR,1.6
4428811,2024_06_ARI_GB,0,0,0,0,0,0,0,0,0,1,0,0,2024,Xavier Weaver,ARI,0.0
4428811,2024_18_SF_ARI,0,0,0,0,0,0,0,0,0,1,0,0,2024,Xavier Weaver,ARI,0.0
4428811,2025_04_SEA_ARI,0,0,0,0,0,0,0,0,0,1,0,0,2025,Xavier Weaver,ARI,0.0
4428811,2025_11_SF_ARI,0,0,0,0,0,0,0,0,2,3,15,0,2025,Xavier Weaver,ARI,3.5
4428811,2025_12_JAX_ARI,0,0,0,0,0,0,0,0,1,3,9,0,2025,Xavier Weaver,ARI,1.9
4428811,2025_13_ARI_TB,0,0,0,0,0,0,0,0,0,1,0,0,2025,Xavier Weaver,ARI,0.0
4428811,2025_16_ATL_ARI,0,0,0,0,0,0,0,0,2,2,19,0,2025,Xavier Weaver,ARI,3.9
4428811,2025_17_ARI_CIN,0,0,0,0,0,0,0,0,2,3,24,0,2025,Xavier Weaver,ARI,4.4
4683062,2024_01_BAL_KC,0,0,0,0,0,1,21,1,2,3,47,1,2024,Xavier Worthy,KC,20.8
4683062,2024_02_CIN_KC,0,0,0,0,0,1,5,0,2,4,17,0,2024,Xavier Worthy,KC,4.2
4683062,2024_03_KC_ATL,0,0,0,0,0,3,13,0,2,4,17,0,2024,Xavier Worthy,KC,5.0
4683062,2024_04_KC_LAC,0,0,0,0,0,0,0,0,3,4,73,1,2024,Xavier Worthy,KC,16.3
4683062,2024_05_NO_KC,0,0,0,0,0,1,3,1,3,6,25,0,2024,Xavier Worthy,KC,11.8
4683062,2024_07_KC_SF,0,0,0,0,0,1,5,0,3,8,19,0,2024,Xavier Worthy,KC,5.4
4683062,2024_08_KC_LV,0,0,0,0,0,0,0,0,4,8,37,1,2024,Xavier Worthy,KC,13.7
4683062,2024_09_TB_KC,0,0,0,0,0,2,-10,0,0,2,0,0,2024,Xavier Worthy,KC,-1.0
4683062,2024_10_DEN_KC,0,0,0,0,0,0,0,0,1,4,11,0,2024,Xavier Worthy,KC,2.1
4683062,2024_11_KC_BUF,0,0,0,0,0,1,7,0,4,5,61,1,2024,Xavier Worthy,KC,16.8
4683062,2024_12_KC_CAR,0,0,0,0,0,1,5,0,4,6,46,0,2024,Xavier Worthy,KC,9.1
4683062,2024_13_LV_KC,0,0,0,0,0,0,0,0,5,7,54,0,2024,Xavier Worthy,KC,10.4
4683062,2024_14_LAC_KC,0,0,0,0,0,1,5,0,5,6,41,0,2024,Xavier Worthy,KC,9.6
4683062,2024_15_KC_CLE,0,0,0,0,0,3,30,1,6,11,46,0,2024,Xavier Worthy,KC,19.6
4683062,2024_16_HOU_KC,0,0,0,0,0,3,10,0,7,11,65,1,2024,Xavier Worthy,KC,20.5
4683062,2024_17_KC_PIT,0,0,0,0,0,2,10,0,8,9,79,1,2024,Xavier Worthy,KC,22.9
4683062,2025_01_KC_LAC,0,0,0,0,0,1,0,0,0,1,0,0,2025,Xavier Worthy,KC,0.0
4683062,2025_04_BAL_KC,0,0,0,0,0,2,38,0,5,8,83,0,2025,Xavier Worthy,KC,17.1
4683062,2025_05_KC_JAX,0,0,0,0,0,1,9,0,6,9,42,0,2025,Xavier Worthy,KC,11.1
4683062,2025_06_DET_KC,0,0,0,0,0,1,6,0,2,4,20,1,2025,Xavier Worthy,KC,10.6
4683062,2025_07_LV_KC,0,0,0,0,0,1,13,0,3,4,35,0,2025,Xavier Worthy,KC,7.8
4683062,2025_08_WSH_KC,0,0,0,0,0,0,0,0,5,7,53,0,2025,Xavier Worthy,KC,10.3
4683062,2025_09_KC_BUF,0,0,0,0,0,1,7,0,3,7,23,0,2025,Xavier Worthy,KC,6.0
4683062,2025_11_KC_DEN,0,0,0,0,0,0,0,0,3,5,25,0,2025,Xavier Worthy,KC,5.5
4683062,2025_12_IND_KC,0,0,0,0,0,0,0,0,4,8,59,0,2025,Xavier Worthy,KC,9.9
4683062,2025_13_KC_DAL,0,0,0,0,0,2,13,0,4,6,61,0,2025,Xavier Worthy,KC,11.4
4683062,2025_14_HOU_KC,0,0,0,0,0,0,0,0,3,4,55,0,2025,Xavier Worthy,KC,8.5
4683062,2025_15_LAC_KC,0,0,0,0,0,0,0,0,2,4,35,0,2025,Xavier Worthy,KC,5.5
4683062,2025_16_KC_TEN,0,0,0,0,0,1,0,0,2,3,41,0,2025,Xavier Worthy,KC,6.1
4683062,2025_17_DEN_KC,0,0,0,0,0,1,1,0,0,3,0,0,2025,Xavier Worthy,KC,0.1
4426385,2024_01_DEN_SEA,0,0,0,0,0,8,12,0,2,3,29,1,2024,Zach Charbonnet,SEA,12.1
4426385,2024_02_SEA_NE,0,0,0,0,0,14,38,1,5,5,31,0,2024,Zach Charbonnet,SEA,17.9
4426385,2024_03_MIA_SEA,0,0,0,0,0,18,91,2,3,4,16,0,2024,Zach Charbonnet,SEA,25.7
4426385,2024_04_SEA_DET,0,0,0,0,0,2,15,0,5,5,39,0,2024,Zach Charbonnet,SEA,10.4
4426385,2024_05_NYG_SEA,0,0,0,0,0,2,11,0,3,5,19,0,2024,Zach Charbonnet,SEA,6.0
4426385,2024_06_SF_SEA,0,0,0,0,0,5,20,0,1,1,15,0,2024,Zach Charbonnet,SEA,4.5
4426385,2024_07_SEA_ATL,0,0,0,0,0,7,14,0,1,1,-5,0,2024,Zach Charbonnet,SEA,1.9
4426385,2024_08_BUF_SEA,0,0,0,0,0,3,4,1,3,4,20,0,2024,Zach Charbonnet,SEA,11.4
4426385,2024_09_LAR_SEA,0,0,0,0,0,2,8,0,2,3,25,0,2024,Zach Charbonnet,SEA,5.3
4426385,2024_11_SEA_SF,0,0,0,0,0,4,3,0,2,2,2,0,2024,Zach Charbonnet,SEA,2.5
4426385,2024_12_ARI_SEA,0,0,0,0,0,6,22,0,0,0,0,0,2024,Zach Charbonnet,SEA,2.2
4426385,2024_13_SEA_NYJ,0,0,0,0,0,4,28,1,2,3,13,0,2024,Zach Charbonnet,SEA,12.1
4426385,2024_14_SEA_ARI,0,0,0,0,0,22,134,2,7,7,59,0,2024,Zach Charbonnet,SEA,38.3
4426385,2024_15_GB_SEA,0,0,0,0,0,8,54,1,1,4,12,0,2024,Zach Charbonnet,SEA,13.6
4426385,2024_16_MIN_SEA,0,0,0,0,0,1,-1,0,2,2,14,0,2024,Zach Charbonnet,SEA,3.3
4426385,2024_17_SEA_CHI,0,0,0,0,0,15,57,0,3,3,19,0,2024,Zach Charbonnet,SEA,10.6
4426385,2024_18_SEA_LAR,0,0,0,0,0,14,59,0,0,0,32,0,2024,Zach Charbonnet,SEA,9.1
4426385,2025_01_SF_SEA,0,0,0,0,0,12,47,1,0,0,0,0,2025,Zach Charbonnet,SEA,10.7
4426385,2025_02_SEA_PIT,0,0,0,0,0,15,10,0,0,0,0,0,2025,Zach Charbonnet,SEA,1.0
4426385,2025_04_SEA_ARI,0,0,0,0,0,12,39,1,2,2,5,0,2025,Zach Charbonnet,SEA,12.4
4426385,2025_05_TB_SEA,0,0,0,0,0,9,36,1,1,2,12,0,2025,Zach Charbonnet,SEA,11.8
4426385,2025_06_SEA_JAX,0,0,0,0,0,12,24,0,1,1,13,0,2025,Zach Charbonnet,SEA,4.7
4426385,2025_07_HOU_SEA,0,0,0,0,0,12,49,2,2,2,6,0,2025,Zach Charbonnet,SEA,19.5
4426385,2025_09_SEA_WSH,0,0,0,0,0,8,25,0,1,1,21,0,2025,Zach Charbonnet,SEA,5.6
4426385,2025_10_ARI_SEA,0,0,0,0,0,14,83,1,0,0,0,0,2025,Zach Charbonnet,SEA,14.3
4426385,2025_11_SEA_LAR,0,0,0,0,0,11,37,0,2,2,10,0,2025,Zach Charbonnet,SEA,6.7
4426385,2025_12_SEA_TEN,0,0,0,0,0,6,35,1,0,0,0,0,2025,Zach Charbonnet,SEA,9.5
4426385,2025_13_MIN_SEA,0,0,0,0,0,14,52,1,0,0,0,0,2025,Zach Charbonnet,SEA,11.2
4426385,2025_14_SEA_ATL,0,0,0,0,0,7,46,0,2,3,20,0,2025,Zach Charbonnet,SEA,8.6
4426385,2025_15_IND_SEA,0,0,0,0,0,8,31,0,0,1,0,0,2025,Zach Charbonnet,SEA,3.1
4426385,2025_16_LAR_SEA,0,0,0,0,0,9,32,1,4,4,22,0,2025,Zach Charbonnet,SEA,15.4
4426385,2025_17_SEA_CAR,0,0,0,0,0,18,110,2,2,2,12,0,2025,Zach Charbonnet,SEA,26.2
4426385,2025_18_SEA_SF,0,0,0,0,0,17,74,1,3,4,23,0,2025,Zach Charbonnet,SEA,18.7
4746079,2024_11_KC_BUF,0,0,0,0,0,0,0,0,1,1,5,0,2024,Zach Davidson,BUF,1.5
4746079,2024_13_SF_BUF,0,0,0,0,0,0,0,0,0,1,0,0,2024,Zach Davidson,BUF,0.0
15835,2024_01_WSH_TB,0,0,0,0,0,0,0,0,3,4,28,0,2024,Zach Ertz,WSH,5.8
15835,2024_02_NYG_WSH,0,0,0,0,0,0,0,0,4,4,62,0,2024,Zach Ertz,WSH,10.2
15835,2024_03_WSH_CIN,0,0,0,0,0,0,0,0,5,5,38,0,2024,Zach Ertz,WSH,8.8
15835,2024_04_WSH_ARI,0,0,0,0,0,0,0,0,3,3,22,0,2024,Zach Ertz,WSH,5.2
15835,2024_05_CLE_WSH,0,0,0,0,0,0,0,0,2,8,10,0,2024,Zach Ertz,WSH,3.0
15835,2024_06_WSH_BAL,0,0,0,0,0,0,0,0,4,5,68,0,2024,Zach Ertz,WSH,10.8
15835,2024_07_CAR_WSH,0,0,0,0,0,0,0,0,4,5,40,1,2024,Zach Ertz,WSH,14.0
15835,2024_08_CHI_WSH,0,0,0,0,0,0,0,0,7,11,77,0,2024,Zach Ertz,WSH,14.7
15835,2024_09_WSH_NYG,0,0,0,0,0,0,0,0,1,1,5,0,2024,Zach Ertz,WSH,1.5
15835,2024_10_PIT_WSH,0,0,0,0,0,0,0,0,4,8,31,0,2024,Zach Ertz,WSH,7.1
15835,2024_11_WSH_PHI,0,0,0,0,0,0,0,0,6,7,47,1,2024,Zach Ertz,WSH,16.7
15835,2024_12_DAL_WSH,0,0,0,0,0,0,0,0,6,8,38,1,2024,Zach Ertz,WSH,15.8
15835,2024_13_TEN_WSH,0,0,0,0,0,0,0,0,3,6,35,1,2024,Zach Ertz,WSH,12.5
15835,2024_15_WSH_NO,0,0,0,0,0,0,0,0,2,2,25,0,2024,Zach Ertz,WSH,4.5
15835,2024_16_PHI_WSH,0,0,0,0,0,0,0,0,1,2,12,0,2024,Zach Ertz,WSH,2.2
15835,2024_17_ATL_WSH,0,0,0,0,0,0,0,0,6,7,72,2,2024,Zach Ertz,WSH,25.2
15835,2024_18_WSH_DAL,0,0,0,0,0,0,0,0,5,5,44,1,2024,Zach Ertz,WSH,15.4
15835,2025_01_NYG_WSH,0,0,0,0,0,0,0,0,3,5,26,1,2025,Zach Ertz,WSH,11.6
15835,2025_02_WSH_GB,0,0,0,0,0,0,0,0,6,8,64,1,2025,Zach Ertz,WSH,18.4
15835,2025_03_LV_WSH,0,0,0,0,0,0,0,0,3,3,38,0,2025,Zach Ertz,WSH,6.8
15835,2025_04_WSH_ATL,0,0,0,0,0,0,0,0,2,4,21,0,2025,Zach Ertz,WSH,4.1
15835,2025_05_WSH_LAC,0,0,0,0,0,0,0,0,0,1,0,0,2025,Zach Ertz,WSH,0.0
15835,2025_06_CHI_WSH,0,0,0,0,0,0,0,0,6,6,43,1,2025,Zach Ertz,WSH,16.3
15835,2025_07_WSH_DAL,0,0,0,0,0,0,0,0,3,7,37,1,2025,Zach Ertz,WSH,12.7
15835,2025_08_WSH_KC,0,0,0,0,0,0,0,0,4,6,16,0,2025,Zach Ertz,WSH,5.6
15835,2025_09_SEA_WSH,0,0,0,0,0,0,0,0,4,4,46,0,2025,Zach Ertz,WSH,8.6
15835,2025_10_DET_WSH,0,0,0,0,0,0,0,0,4,5,54,0,2025,Zach Ertz,WSH,9.4
15835,2025_11_WSH_MIA,0,0,0,0,0,0,0,0,4,8,42,0,2025,Zach Ertz,WSH,8.2
15835,2025_13_DEN_WSH,0,0,0,0,0,0,0,0,10,13,106,0,2025,Zach Ertz,WSH,20.6
15835,2025_14_WSH_MIN,0,0,0,0,0,0,0,0,1,2,11,0,2025,Zach Ertz,WSH,2.1
4361259,2025_01_MIA_IND,5,8,32,0,0,1,3,0,0,0,0,0,2025,Zach Wilson,MIA,1.58
4035676,2024_01_NE_CIN,0,0,0,0,0,9,44,1,2,4,17,0,2024,Zack Moss,CIN,14.1
4035676,2024_02_CIN_KC,0,0,0,0,0,12,34,0,1,1,13,0,2024,Zack Moss,CIN,5.7
4035676,2024_03_WSH_CIN,0,0,0,0,0,12,58,1,5,6,39,0,2024,Zack Moss,CIN,20.7
4035676,2024_04_CIN_CAR,0,0,0,0,0,15,51,0,4,4,27,1,2024,Zack Moss,CIN,17.8
4035676,2024_05_BAL_CIN,0,0,0,0,0,9,24,0,3,4,28,0,2024,Zack Moss,CIN,8.2
4035676,2024_06_CIN_NYG,0,0,0,0,0,6,13,0,1,1,2,0,2024,Zack Moss,CIN,2.5
4035676,2024_07_CIN_CLE,0,0,0,0,0,6,7,0,3,3,33,0,2024,Zack Moss,CIN,7.0
4035676,2024_08_PHI_CIN,0,0,0,0,0,5,11,0,4,4,28,0,2024,Zack Moss,CIN,7.9
4876006,2025_02_CLE_BAL,0,0,0,0,0,0,0,0,0,1,0,0,2025,Zaire Mitchell-Paden,BAL,0.0
4876006,2025_05_HOU_BAL,0,0,0,0,0,0,0,0,1,1,3,0,2025,Zaire Mitchell-Paden,BAL,1.3
4876006,2025_10_NO_CAR,0,0,0,0,0,0,0,0,1,1,14,0,2025,Zaire Mitchell-Paden,NO,2.4
4361777,2024_01_LV_LAC,0,0,0,0,0,13,44,0,2,2,2,0,2024,Zamir White,LV,6.6
4361777,2024_02_LV_BAL,0,0,0,0,0,9,24,0,3,4,14,0,2024,Zamir White,LV,6.8
4361777,2024_03_CAR_LV,0,0,0,0,0,10,34,0,0,0,0,0,2024,Zamir White,LV,3.4
4361777,2024_04_CLE_LV,0,0,0,0,0,17,50,0,0,1,0,0,2024,Zamir White,LV,5.0
4361777,2024_07_LV_LAR,0,0,0,0,0,3,13,0,1,1,14,0,2024,Zamir White,LV,3.7
4361777,2024_09_LV_CIN,0,0,0,0,0,6,10,1,0,0,0,0,2024,Zamir White,LV,7.0
4361777,2024_11_LV_MIA,0,0,0,0,0,5,9,0,0,0,0,0,2024,Zamir White,LV,0.9
4361777,2025_01_LV_NE,0,0,0,0,0,3,8,0,0,0,0,0,2025,Zamir White,LV,0.8
4361777,2025_02_LAC_LV,0,0,0,0,0,2,-2,0,2,3,15,0,2025,Zamir White,LV,3.3
4361777,2025_03_LV_WSH,0,0,0,0,0,5,19,0,1,2,4,0,2025,Zamir White,LV,3.3
4361777,2025_18_KC_LV,0,0,0,0,0,1,5,0,1,1,5,0,2025,Zamir White,LV,2.0
4257364,2025_03_CIN_MIN,0,0,0,0,0,8,30,0,1,1,20,0,2025,Zavier Scott,MIN,6.0
4257364,2025_04_MIN_PIT,0,0,0,0,0,2,1,0,6,8,43,1,2025,Zavier Scott,MIN,16.4
4257364,2025_05_MIN_CLE,0,0,0,0,0,5,18,0,0,0,0,0,2025,Zavier Scott,MIN,1.8
4257364,2025_07_PHI_MIN,0,0,0,0,0,4,4,0,1,1,2,0,2025,Zavier Scott,MIN,1.6
4257364,2025_08_MIN_LAC,0,0,0,0,0,2,16,0,2,2,8,0,2025,Zavier Scott,MIN,4.4
4257364,2025_13_MIN_SEA,0,0,0,0,0,3,17,0,1,1,4,0,2025,Zavier Scott,MIN,3.1
4257364,2025_14_WSH_MIN,0,0,0,0,0,3,15,0,1,1,5,0,2025,Zavier Scott,MIN,3.0
4257364,2025_16_MIN_NYG,0,0,0,0,0,2,4,0,1,1,8,0,2025,Zavier Scott,MIN,2.2
4257364,2025_18_GB_MIN,0,0,0,0,0,3,9,0,1,1,8,0,2025,Zavier Scott,MIN,2.7
4429615,2024_01_BAL_KC,0,0,0,0,0,2,14,0,6,10,37,0,2024,Zay Flowers,BAL,11.1
4429615,2024_02_LV_BAL,0,0,0,0,0,0,0,0,7,11,91,1,2024,Zay Flowers,BAL,22.1
4429615,2024_03_BAL_DAL,0,0,0,0,0,1,3,0,3,4,20,0,2024,Zay Flowers,BAL,5.3
4429615,2024_04_BUF_BAL,0,0,0,0,0,0,0,0,1,2,10,0,2024,Zay Flowers,BAL,2.0
4429615,2024_05_BAL_CIN,0,0,0,0,0,1,9,0,7,12,111,0,2024,Zay Flowers,BAL,19.0
4429615,2024_06_WSH_BAL,0,0,0,0,0,1,2,0,9,9,132,0,2024,Zay Flowers,BAL,22.4
4429615,2024_07_BAL_TB,0,0,0,0,0,1,19,0,1,1,11,0,2024,Zay Flowers,BAL,4.0
4429615,2024_08_BAL_CLE,0,0,0,0,0,0,0,0,7,12,115,0,2024,Zay Flowers,BAL,18.5
4429615,2024_09_DEN_BAL,0,0,0,0,0,0,0,0,5,6,127,2,2024,Zay Flowers,BAL,29.7
4429615,2024_10_CIN_BAL,0,0,0,0,0,0,0,0,4,6,34,0,2024,Zay Flowers,BAL,7.4
4429615,2024_11_BAL_PIT,0,0,0,0,0,0,0,0,2,6,39,1,2024,Zay Flowers,BAL,11.9
4429615,2024_12_BAL_LAC,0,0,0,0,0,0,0,0,5,8,62,0,2024,Zay Flowers,BAL,11.2
4429615,2024_13_PHI_BAL,0,0,0,0,0,1,-3,0,3,7,74,0,2024,Zay Flowers,BAL,10.1
4429615,2024_15_BAL_NYG,0,0,0,0,0,0,0,0,6,7,53,0,2024,Zay Flowers,BAL,11.3
4429615,2024_16_PIT_BAL,0,0,0,0,0,1,3,0,5,8,100,0,2024,Zay Flowers,BAL,15.3
4429615,2024_17_BAL_HOU,0,0,0,0,0,0,0,0,2,5,31,0,2024,Zay Flowers,BAL,5.1
4429615,2024_18_CLE_BAL,0,0,0,0,0,1,9,0,1,2,12,0,2024,Zay Flowers,BAL,3.1
4429615,2025_01_BAL_BUF,0,0,0,0,0,2,8,0,7,9,143,1,2025,Zay Flowers,BAL,28.1
4429615,2025_02_CLE_BAL,0,0,0,0,0,1,4,0,7,11,75,0,2025,Zay Flowers,BAL,14.9
4429615,2025_03_DET_BAL,0,0,0,0,0,0,0,0,2,3,13,0,2025,Zay Flowers,BAL,3.3
4429615,2025_04_BAL_KC,0,0,0,0,0,0,0,0,7,8,74,0,2025,Zay Flowers,BAL,14.4
4429615,2025_05_HOU_BAL,0,0,0,0,0,0,0,0,5,5,72,0,2025,Zay Flowers,BAL,12.2
4429615,2025_06_LAR_BAL,0,0,0,0,0,0,0,0,6,10,46,0,2025,Zay Flowers,BAL,10.6
4429615,2025_08_CHI_BAL,0,0,0,0,0,1,8,0,7,9,63,0,2025,Zay Flowers,BAL,14.1
4429615,2025_09_BAL_MIA,0,0,0,0,0,0,0,0,5,5,64,0,2025,Zay Flowers,BAL,11.4
4429615,2025_10_BAL_MIN,0,0,0,0,0,1,6,0,4,6,75,0,2025,Zay Flowers,BAL,12.1
4429615,2025_11_BAL_CLE,0,0,0,0,0,1,5,0,3,5,78,0,2025,Zay Flowers,BAL,11.3
4429615,2025_12_NYJ_BAL,0,0,0,0,0,2,11,0,5,6,58,0,2025,Zay Flowers,BAL,11.9
4429615,2025_13_CIN_BAL,0,0,0,0,0,0,0,0,2,7,6,0,2025,Zay Flowers,BAL,2.6
4429615,2025_14_PIT_BAL,0,0,0,0,0,1,2,0,8,11,124,0,2025,Zay Flowers,BAL,20.6
4429615,2025_15_BAL_CIN,0,0,0,0,0,0,0,0,3,5,68,1,2025,Zay Flowers,BAL,15.8
4429615,2025_16_NE_BAL,0,0,0,0,0,1,18,1,7,7,84,0,2025,Zay Flowers,BAL,23.2
4429615,2025_17_BAL_GB,0,0,0,0,0,0,0,0,4,5,30,1,2025,Zay Flowers,BAL,13.0
4429615,2025_18_BAL_PIT,0,0,0,0,0,0,0,0,4,6,138,2,2025,Zay Flowers,BAL,29.8
3059722,2024_07_LAC_ARI,0,0,0,0,0,0,0,0,0,1,0,0,2024,Zay Jones,ARI,0.0
3059722,2024_08_ARI_MIA,0,0,0,0,0,0,0,0,1,1,3,0,2024,Zay Jones,ARI,1.3
3059722,2024_14_SEA_ARI,0,0,0,0,0,0,0,0,1,2,13,0,2024,Zay Jones,ARI,2.3
3059722,2024_15_NE_ARI,0,0,0,0,0,0,0,0,1,1,3,0,2024,Zay Jones,ARI,1.3
3059722,2024_17_ARI_LAR,0,0,0,0,0,0,0,0,1,1,19,0,2024,Zay Jones,ARI,2.9
3059722,2024_18_SF_ARI,0,0,0,0,0,0,0,0,4,5,46,0,2024,Zay Jones,ARI,8.6
3059722,2025_01_ARI_NO,0,0,0,0,0,0,0,0,1,1,4,0,2025,Zay Jones,ARI,1.4
3059722,2025_03_ARI_SF,0,0,0,0,0,0,0,0,2,3,25,0,2025,Zay Jones,ARI,4.5
3059722,2025_05_TEN_ARI,0,0,0,0,0,0,0,0,2,3,8,0,2025,Zay Jones,ARI,2.8
3059722,2025_06_ARI_IND,0,0,0,0,0,0,0,0,5,8,79,0,2025,Zay Jones,ARI,12.9
3059722,2025_07_GB_ARI,0,0,0,0,0,0,0,0,2,2,67,0,2025,Zay Jones,ARI,8.7
3059722,2025_10_ARI_SEA,0,0,0,0,0,0,0,0,0,1,0,0,2025,Zay Jones,ARI,0.0
